Track Name,File Path,Source_URL,duration_ms,item_type,energy_category,Intro_Duration,Punch_Ms,outro_duration,bpm,Bitrate,Lyrics,Year,Art Ratio,Length
Garnet Mimms and the Enchanters - Cry Baby [Cry Baby],Z:/Classics/Garnet Mimms and the Enchanters - Cry Baby [Cry Baby].mp3,,208000,Music,,10000,0,20000,0,320,Unknown,1963,1.0,3:28
Aretha Franklin - Since You’ve Been Gone (Sweet Sweet Baby) (mono single version) [Lady Soul],Z:/Classics/Aretha Franklin - Since You’ve Been Gone (Sweet Sweet Baby) (mono single version) [Lady Soul].mp3,,148000,Music,,10000,0,20000,0,320,Unknown,1995,1.0,2:28
O.V. Wright - Eight Men and Four Women [8 Men and 4 Women],Z:/Classics/O.V. Wright - Eight Men and Four Women [8 Men and 4 Women].mp3,,179000,Music,,10000,0,20000,0,320,Unknown,1967,1.0,2:59
Solomon Burke - I Wish I Knew (How It Would Feel to Be Free) [I Wish I Knew],Z:/Classics/Solomon Burke - I Wish I Knew (How It Would Feel to Be Free) [I Wish I Knew].mp3,,172000,Music,,10000,0,20000,0,320,Unknown,1968,1.0,2:52
"Don Covay & the Goodtimers - Mercy, Mercy [Mercy!]","Z:/Classics/Don Covay & the Goodtimers - Mercy, Mercy [Mercy!].mp3",,146000,Music,,10000,0,20000,0,320,Unknown,1964,1.0,2:26
The Temptations - (I Know) I’m Losing You [With a Lot o’ Soul],Z:/Classics/The Temptations - (I Know) I’m Losing You [With a Lot o’ Soul].mp3,,149000,Music,,10000,0,20000,0,320,Unknown,1967,1.0,2:29
Jackie Ross - Selfish One [Full Bloom],Z:/Classics/Jackie Ross - Selfish One [Full Bloom].mp3,,197000,Music,,10000,0,20000,0,320,Unknown,1964,1.0,3:17
The Temptations - Ain’t Too Proud to Beg [Gettin’ Ready],Z:/Classics/The Temptations - Ain’t Too Proud to Beg [Gettin’ Ready].mp3,,156000,Music,,10000,0,20000,0,320,Unknown,2008,1.0,2:36
The Staple Singers - Why_ (Am I Treated So Bad) [Freedom Highway],Z:/Classics/The Staple Singers - Why_ (Am I Treated So Bad) [Freedom Highway].mp3,,170000,Music,,10000,0,20000,0,320,Unknown,1991,1.0,2:50
Bar‐Kays - Soul Finger [Soul Finger],Z:/Classics/Bar‐Kays - Soul Finger [Soul Finger].mp3,,142000,Music,,10000,0,20000,0,320,Unknown,1967,1.0,2:22
Darrell Banks - Open the Door to Your Heart [101 Northern Soul Anthems],Z:/Classics/Darrell Banks - Open the Door to Your Heart [101 Northern Soul Anthems].mp3,,157000,Music,,10000,0,20000,0,320,Unknown,2009,1.0,2:37
Bobby Moore and the Rhythm Aces - Searching for My Love [Searching for My Love],Z:/Classics/Bobby Moore and the Rhythm Aces - Searching for My Love [Searching for My Love].mp3,,150000,Music,,10000,0,20000,0,320,Unknown,1966,1.0,2:30
The Capitols - Cool Jerk [This Is the 60s],Z:/Classics/The Capitols - Cool Jerk [This Is the 60s].mp3,,166000,Music,,10000,0,20000,0,320,Unknown,2018,1.0,2:46
Al Green - Back Up Train [Back Up Train],Z:/Classics/Al Green - Back Up Train [Back Up Train].mp3,,139000,Music,,10000,0,20000,0,320,Unknown,1967,1.0,2:19
Etta James - Tell Mama [Tell Mama],Z:/Classics/Etta James - Tell Mama [Tell Mama].mp3,,144000,Music,,10000,0,20000,0,320,Unknown,1968,1.0,2:24
Stevie Wonder - A Place in the Sun [Down to Earth],Z:/Classics/Stevie Wonder - A Place in the Sun [Down to Earth].mp3,,173000,Music,,10000,0,20000,0,320,Unknown,1966,1.0,2:53
Stevie Wonder - I Was Made to Love Her [I Was Made to Love Her],Z:/Classics/Stevie Wonder - I Was Made to Love Her [I Was Made to Love Her].mp3,,156000,Music,,10000,0,20000,0,320,Unknown,1967,1.0,2:36
Sly & the Family Stone - Everyday People [Stand!],Z:/Classics/Sly & the Family Stone - Everyday People [Stand!].mp3,,141000,Music,,10000,0,20000,0,320,Unknown,1969,1.0,2:21
Sam & Dave - Soul Man [Soul Men],Z:/Classics/Sam & Dave - Soul Man [Soul Men].mp3,,159000,Music,,10000,0,20000,0,320,Unknown,1967,1.0,2:39
Arthur Conley - Sweet Soul Music [Sweet Soul Music],Z:/Classics/Arthur Conley - Sweet Soul Music [Sweet Soul Music].mp3,,141000,Music,,10000,0,20000,0,320,Unknown,1967,1.0,2:21
Arthur Conley - Funky Street [Soul Directions],Z:/Classics/Arthur Conley - Funky Street [Soul Directions].mp3,,143000,Music,,10000,0,20000,0,320,Unknown,1968,1.0,2:23
"The Sweet Inspirations - Sweet Inspiration [Beg, Scream & Shout! The Big Ol’ Box of ’60s Soul]","Z:/Classics/The Sweet Inspirations - Sweet Inspiration [Beg, Scream & Shout! The Big Ol’ Box of ’60s Soul].mp3",,175000,Music,,10000,0,20000,0,320,Unknown,1997,1.0,2:55
Booker T. & the M.G.s - Green Onions [Green Onions],Z:/Classics/Booker T. & the M.G.s - Green Onions [Green Onions].mp3,,175000,Music,,10000,0,20000,0,320,Unknown,2012,1.0,2:55
Otis Redding - Tramp [The Dock of the Bay],Z:/Classics/Otis Redding - Tramp [The Dock of the Bay].mp3,,181000,Music,,10000,0,20000,0,320,Unknown,1968,1.0,3:01
Carla Thomas - B-A-B-Y [Carla],Z:/Classics/Carla Thomas - B-A-B-Y [Carla].mp3,,177000,Music,,10000,0,20000,0,320,Unknown,1966,1.0,2:57
"Aretha Franklin - Baby, I Love You [Aretha Arrives]","Z:/Classics/Aretha Franklin - Baby, I Love You [Aretha Arrives].mp3",,164000,Music,,10000,0,20000,0,320,Unknown,1967,1.0,2:44
The Impressions - It's All Right [The Greatest Hits],Z:/Classics/The Impressions - It's All Right [The Greatest Hits].mp3,,166000,Music,,10000,0,20000,0,320,Unknown,1998,1.0,2:46
Otis Redding - Hard to Handle [The Immortal Otis Redding],Z:/Classics/Otis Redding - Hard to Handle [The Immortal Otis Redding].mp3,,141000,Music,,10000,0,20000,0,320,Unknown,1968,1.0,2:21
"Barbara Mason - Yes, I'm Ready [Yes I'm Ready]","Z:/Classics/Barbara Mason - Yes, I'm Ready [Yes I'm Ready].mp3",,184000,Music,,10000,0,20000,0,320,Unknown,1965,1.0,3:04
Clarence Carter - Slip Away [This Is Clarence Carter],Z:/Classics/Clarence Carter - Slip Away [This Is Clarence Carter].mp3,,153000,Music,,10000,0,20000,0,320,Unknown,1968,1.0,2:33
Smokey Robinson and The Miracles - The Tracks of My Tears [Going to a Go‐Go],Z:/Classics/Smokey Robinson and The Miracles - The Tracks of My Tears [Going to a Go‐Go].mp3,,174000,Music,,10000,0,20000,0,320,Unknown,1965,1.0,2:54
Otis Redding - I’ve Been Loving You Too Long (mono) [Otis Blue_ Otis Redding Sings Soul],Z:/Classics/Otis Redding - I’ve Been Loving You Too Long (mono) [Otis Blue_ Otis Redding Sings Soul].mp3,,181000,Music,,10000,0,20000,0,320,Unknown,2008,1.0,3:01
O.V. Wright - A Nickel and a Nail [A Nickel And A Nail And The Ace Of Spaces],Z:/Classics/O.V. Wright - A Nickel and a Nail [A Nickel And A Nail And The Ace Of Spaces].mp3,,221000,Music,,10000,0,20000,0,320,Unknown,2010,1.0,3:41
The Isley Brothers - It’s Your Thing [It’s Our Thing],Z:/Classics/The Isley Brothers - It’s Your Thing [It’s Our Thing].mp3,,169000,Music,,10000,0,20000,0,320,Unknown,2015,1.0,2:49
Solomon Burke - Cry to Me [Rock ’n Soul],Z:/Classics/Solomon Burke - Cry to Me [Rock ’n Soul].mp3,,154000,Music,,10000,0,20000,0,320,Unknown,1964,1.0,2:34
Linda Jones - Hypnotized [Hypnotized _ I Can’t Stop Lovin’ My Baby],Z:/Classics/Linda Jones - Hypnotized [Hypnotized _ I Can’t Stop Lovin’ My Baby].mp3,,160000,Music,,10000,0,20000,0,320,Unknown,1967,1.0,2:40
Marvin Gaye - I Heard It Through the Grapevine [In the Groove],Z:/Classics/Marvin Gaye - I Heard It Through the Grapevine [In the Groove].mp3,,194000,Music,,10000,0,20000,0,320,Unknown,1968,1.0,3:14
Sam Cooke - A Change Is Gonna Come [30 Greatest Hits_ Portrait of a Legend 1951–1964],Z:/Classics/Sam Cooke - A Change Is Gonna Come [30 Greatest Hits_ Portrait of a Legend 1951–1964].mp3,,193000,Music,,10000,0,20000,0,320,Unknown,1960,1.0,3:13
Wilson Pickett - In the Midnight Hour [The Exciting Wilson Pickett],Z:/Classics/Wilson Pickett - In the Midnight Hour [The Exciting Wilson Pickett].mp3,,157000,Music,,10000,0,20000,0,320,Unknown,1966,1.0,2:37
Little Milton - Grits Ain’t Groceries [Grits Ain’t Groceries],Z:/Classics/Little Milton - Grits Ain’t Groceries [Grits Ain’t Groceries].mp3,,159000,Music,,10000,0,20000,0,320,Unknown,1969,1.0,2:39
Michael Jackson - Billie Jean [Thriller],Z:/Old School 70s80s/Michael Jackson - Billie Jean [Thriller].mp3,,288000,Music,,10000,0,20000,0,320,Unknown,1982,1.0,4:48
New Edition - Candy Girl [Candy Girl],Z:/Old School 70s80s/New Edition - Candy Girl [Candy Girl].mp3,,232000,Music,,10000,0,20000,0,320,Unknown,1983,1.0,3:52
Luther Vandross - If Only for One Night [The Night I Fell In Love],Z:/Old School 70s80s/Luther Vandross - If Only for One Night [The Night I Fell In Love].mp3,,246000,Music,,10000,0,20000,0,320,Not Found,1985,1.0,4:16
Soul II Soul - Keep on Movin' [Club Classics Vol. One (10th Anniversary Edition)],Z:/Old School 70s80s/Soul II Soul - Keep on Movin' [Club Classics Vol. One (10th Anniversary Edition)].mp3,,362000,Music,,10000,0,20000,0,320,Unknown,1989,1.0,6:02
Bill Withers - Ain’t No Sunshine [Just As I Am],Z:/Old School 70s80s/Bill Withers - Ain’t No Sunshine [Just As I Am].mp3,,122000,Music,,10000,0,20000,0,320,Unknown,1971,1.0,2:02
Teena Marie - Lovergirl [Starchild],Z:/Old School 70s80s/Teena Marie - Lovergirl [Starchild].mp3,,287000,Music,,10000,0,20000,0,320,Unknown,1984,1.0,4:47
Nu Shooz - I Can’t Wait [Poolside],Z:/Old School 70s80s/Nu Shooz - I Can’t Wait [Poolside].mp3,,323000,Music,,10000,0,20000,0,320,Unknown,1986,1.0,5:23
Michael Jackson - Human Nature [Thriller],Z:/Old School 70s80s/Michael Jackson - Human Nature [Thriller].mp3,,242000,Music,,10000,0,20000,0,320,Unknown,1982,1.0,4:02
Guy - Piece of My Love [Guy (special edition)],Z:/Old School 70s80s/Guy - Piece of My Love [Guy (special edition)].mp3,,315000,Music,,10000,0,20000,0,320,Unknown,2007,1.0,5:15
New Edition - If It Isn’t Love [Heart Break],Z:/Old School 70s80s/New Edition - If It Isn’t Love [Heart Break].mp3,,309000,Music,,10000,0,20000,0,320,Unknown,1988,1.0,5:09
Atlantic Starr - Send for Me [Radiant],Z:/Old School 70s80s/Atlantic Starr - Send for Me [Radiant].mp3,,311000,Music,,10000,0,20000,0,320,Unknown,1981,1.0,5:11
George Benson - Give Me the Night [Give Me the Night],Z:/Old School 70s80s/George Benson - Give Me the Night [Give Me the Night].mp3,,297000,Music,,10000,0,20000,0,320,Unknown,1980,1.0,4:57
Lisa Lisa & Cult Jam - Head to Toe [Spanish Fly],Z:/Old School 70s80s/Lisa Lisa & Cult Jam - Head to Toe [Spanish Fly].mp3,,303000,Music,,10000,0,20000,0,320,Unknown,1987,1.0,5:03
Klymaxx - I Miss You [Meeting in the Ladies Room],Z:/Old School 70s80s/Klymaxx - I Miss You [Meeting in the Ladies Room].mp3,,333000,Music,,10000,0,20000,0,320,Unknown,1984,1.0,5:33
Smokey Robinson - One Heartbeat [One Heartbeat],Z:/Old School 70s80s/Smokey Robinson - One Heartbeat [One Heartbeat].mp3,,239000,Music,,10000,0,20000,0,320,Unknown,1987,1.0,3:59
Surface - Shower Me With Your Love [The Best of Surface_ A Nice Time 4 Lovin'],Z:/Old School 70s80s/Surface - Shower Me With Your Love [The Best of Surface_ A Nice Time 4 Lovin'].mp3,,291000,Music,,10000,0,20000,0,320,Unknown,1991,1.0,4:51
Guy - Groove Me [Guy],Z:/Old School 70s80s/Guy - Groove Me [Guy].mp3,,204000,Music,,10000,0,20000,0,320,Unknown,1988,1.0,3:24
Diana Ross - Upside Down [20th Century Masters_ The Millennium Collection_ The Best of Diana Ross],Z:/Old School 70s80s/Diana Ross - Upside Down [20th Century Masters_ The Millennium Collection_ The Best of Diana Ross].mp3,,241000,Music,,10000,0,20000,0,320,Unknown,2000,1.0,4:01
Loose Ends - Slow Down [Zagora],Z:/Old School 70s80s/Loose Ends - Slow Down [Zagora].mp3,,293000,Music,,10000,0,20000,0,320,Unknown,1986,1.0,4:53
Rick James feat. Smokey Robinson - Ebony Eyes [Cold Blooded (Expanded Edition)],Z:/Old School 70s80s/Rick James feat. Smokey Robinson - Ebony Eyes [Cold Blooded (Expanded Edition)].mp3,,303000,Music,,10000,0,20000,0,320,Unknown,2014,1.0,5:03
Danny Boy - Come When I Call [Murder Was the Case],Z:/Old School 70s80s/Danny Boy - Come When I Call [Murder Was the Case].mp3,,295000,Music,,10000,0,20000,0,320,Unknown,1994,1.0,4:55
KC and the Sunshine Band - Boogie Shoes [KC and the Sunshine Band],Z:/Old School 70s80s/KC and the Sunshine Band - Boogie Shoes [KC and the Sunshine Band].mp3,,129000,Music,,10000,0,20000,0,320,Unknown,1975,1.0,2:09
Zapp & Roger - I Want to Be Your Man [All The Greatest Hits],Z:/Old School 70s80s/Zapp & Roger - I Want to Be Your Man [All The Greatest Hits].mp3,,247000,Music,,10000,0,20000,0,320,Unknown,1993,1.0,4:07
Prince - Kiss [Parade - Music From the Motion Picture Under the Cherry Moon],Z:/Old School 70s80s/Prince - Kiss [Parade - Music From the Motion Picture Under the Cherry Moon].mp3,,226000,Music,,10000,0,20000,0,320,Unknown,1986,1.0,3:46
The Isley Brothers - Between the Sheets [Between the Sheets],Z:/Old School 70s80s/The Isley Brothers - Between the Sheets [Between the Sheets].mp3,,336000,Music,,10000,0,20000,0,320,Unknown,2011,1.0,5:36
Aretha Franklin - Chain of Fools [30 Greatest Hits],Z:/Old School 70s80s/Aretha Franklin - Chain of Fools [30 Greatest Hits].mp3,,166000,Music,,10000,0,20000,0,320,Unknown,1985,1.0,2:46
Teena Marie - Ooo La La La [Love Songs],Z:/Old School 70s80s/Teena Marie - Ooo La La La [Love Songs].mp3,,317000,Music,,10000,0,20000,0,320,Unknown,2000,1.0,5:17
Lisa Stansfield - All Around the World [Affection],Z:/Old School 70s80s/Lisa Stansfield - All Around the World [Affection].mp3,,263000,Music,,10000,0,20000,0,320,Unknown,2014,1.0,4:23
Cameo - Candy [Word Up!],Z:/Old School 70s80s/Cameo - Candy [Word Up!].mp3,,331000,Music,,10000,0,20000,0,320,Unknown,1986,1.0,5:31
Alicia Keys - If I Ain’t Got You [Unplugged],Z:/Old School 70s80s/Alicia Keys - If I Ain’t Got You [Unplugged].mp3,,246000,Music,,10000,0,20000,0,320,Unknown,2005,1.0,4:06
DeBarge - Love Me in a Special Way [In a Special Way],Z:/Old School 70s80s/DeBarge - Love Me in a Special Way [In a Special Way].mp3,,249000,Music,,10000,0,20000,0,320,Unknown,1983,1.0,4:09
Ready for the World - Oh Sheila [Ready for the World],Z:/Old School 70s80s/Ready for the World - Oh Sheila [Ready for the World].mp3,,240000,Music,,10000,0,20000,0,320,Unknown,1985,1.0,4:00
Roy Ayers - Everybody Loves the Sunshine [The Best of Roy Ayers],Z:/Old School 70s80s/Roy Ayers - Everybody Loves the Sunshine [The Best of Roy Ayers].mp3,,233000,Music,,10000,0,20000,0,320,Unknown,1997,1.0,3:53
Teddy Pendergrass - When Somebody Loves You Back [Life Is a Song Worth Singing],Z:/Old School 70s80s/Teddy Pendergrass - When Somebody Loves You Back [Life Is a Song Worth Singing].mp3,,294000,Music,,10000,0,20000,0,320,Unknown,2008,1.0,4:54
The Gap Band - Yearning for Your Love [Gap Band III],Z:/Old School 70s80s/The Gap Band - Yearning for Your Love [Gap Band III].mp3,,343000,Music,,10000,0,20000,0,320,Unknown,1980,1.0,5:43
Sade - The Sweetest Taboo [Hits 3_ The Album],Z:/Old School 70s80s/Sade - The Sweetest Taboo [Hits 3_ The Album].mp3,,302000,Music,,10000,0,20000,0,320,Unknown,1985,1.0,5:02
Michael Jackson - Beat It [The Very Best Of],Z:/Old School 70s80s/Michael Jackson - Beat It [The Very Best Of].mp3,,258000,Music,,10000,0,20000,0,320,Unknown,1993,1.0,4:18
The Delfonics - Delfonics' Theme [The Definitive Collection],Z:/Old School 70s80s/The Delfonics - Delfonics' Theme [The Definitive Collection].mp3,,272000,Music,,10000,0,20000,0,320,Unknown,1999,1.0,4:32
Jermaine Stewart - We Don't Have to Take Our Clothes Off (short version) [We Don't Have to Take Our Clothes Off],Z:/Old School 70s80s/Jermaine Stewart - We Don't Have to Take Our Clothes Off (short version) [We Don't Have to Take Our Clothes Off].mp3,,241000,Music,,10000,0,20000,0,320,Unknown,1985,1.0,4:01
Danny Boy - This Song (Radio) [This Song (Radio)],Z:/Old School 70s80s/Danny Boy - This Song (Radio) [This Song (Radio)].mp3,,203000,Music,,10000,0,20000,0,320,Unknown,2022,1.0,3:23
Chaka Khan - I Feel for You [I Feel for You],Z:/Old School 70s80s/Chaka Khan - I Feel for You [I Feel for You].mp3,,245000,Music,,10000,0,20000,0,320,Unknown,1984,1.0,4:05
Whitney Houston - All at Once [Whitney Houston],Z:/Old School 70s80s/Whitney Houston - All at Once [Whitney Houston].mp3,,263000,Music,,10000,0,20000,0,320,Unknown,2010,1.0,4:23
Rick James - Ghetto Life [Street Songs],Z:/Old School 70s80s/Rick James - Ghetto Life [Street Songs].mp3,,259000,Music,,10000,0,20000,0,320,Unknown,1981,1.0,4:19
"Michael Jackson - Wanna Be Startin’ Somethin’ [HIStory_ Past, Present and Future, Book I]","Z:/Old School 70s80s/Michael Jackson - Wanna Be Startin’ Somethin’ [HIStory_ Past, Present and Future, Book I].mp3",,360000,Music,,10000,0,20000,0,320,Unknown,1995,1.0,6:00
Stevie Wonder - Lately [Hotter Than July],Z:/Old School 70s80s/Stevie Wonder - Lately [Hotter Than July].mp3,,244000,Music,,10000,0,20000,0,320,Unknown,1980,1.0,4:04
Danny Boy - Mama Used to Say [It’s About Time],Z:/Old School 70s80s/Danny Boy - Mama Used to Say [It’s About Time].mp3,,162000,Music,,10000,0,20000,0,320,Unknown,2010,1.0,2:42
Hall & Oates - Say It Isn’t So [Starting All Over Again_ Best of Hall and Oates],Z:/Old School 70s80s/Hall & Oates - Say It Isn’t So [Starting All Over Again_ Best of Hall and Oates].mp3,,257000,Music,,10000,0,20000,0,320,Unknown,1997,1.0,4:17
Steve Arrington - Feel So Real [Dancin’ in the Key of Life],Z:/Old School 70s80s/Steve Arrington - Feel So Real [Dancin’ in the Key of Life].mp3,,306000,Music,,10000,0,20000,0,320,Unknown,1985,1.0,5:06
Patti LaBelle - On My Own [Winner in You],Z:/Old School 70s80s/Patti LaBelle - On My Own [Winner in You].mp3,,285000,Music,,10000,0,20000,0,320,Unknown,1986,1.0,4:45
Daryl Hall & John Oates - Everytime You Go Away [Music from HBO's Watchmen],Z:/Old School 70s80s/Daryl Hall & John Oates - Everytime You Go Away [Music from HBO's Watchmen].mp3,,324000,Music,,10000,0,20000,0,320,Unknown,2020,1.0,5:24
Stephanie Mills - I Feel Good All Over [If I Were Your Woman],Z:/Old School 70s80s/Stephanie Mills - I Feel Good All Over [If I Were Your Woman].mp3,,302000,Music,,10000,0,20000,0,320,Unknown,1987,1.0,5:02
Al B. Sure! - Nite and Day [In Effect Mode],Z:/Old School 70s80s/Al B. Sure! - Nite and Day [In Effect Mode].mp3,,238000,Music,,10000,0,20000,0,320,Unknown,1988,1.0,3:58
The Deele - Two Occasions [Eyes of a Stranger],Z:/Old School 70s80s/The Deele - Two Occasions [Eyes of a Stranger].mp3,,252000,Music,,10000,0,20000,0,320,Unknown,1997,1.0,4:12
Jermaine Jackson - Let's Get Serious [Let's Get Serious],Z:/Old School 70s80s/Jermaine Jackson - Let's Get Serious [Let's Get Serious].mp3,,475000,Music,,10000,0,20000,0,320,Unknown,1980,1.0,7:55
Stephanie Mills - Something in the Way You Make Me Feel [Home],Z:/Old School 70s80s/Stephanie Mills - Something in the Way You Make Me Feel [Home].mp3,,327000,Music,,10000,0,20000,0,320,Unknown,1989,1.0,5:27
Al B. Sure! - If I'm Not Your Lover [In Effect Mode],Z:/Old School 70s80s/Al B. Sure! - If I'm Not Your Lover [In Effect Mode].mp3,,245000,Music,,10000,0,20000,0,320,Unknown,1988,1.0,4:05
Stevie Wonder - Part Time Lover [The Definitive Collection],Z:/Old School 70s80s/Stevie Wonder - Part Time Lover [The Definitive Collection].mp3,,251000,Music,,10000,0,20000,0,320,Unknown,2002,1.0,4:11
Rick James - Super Freak [Street Songs],Z:/Old School 70s80s/Rick James - Super Freak [Street Songs].mp3,,202000,Music,,10000,0,20000,0,320,Unknown,2002,1.0,3:22
Michael McDonald - I Keep Forgettin' (Every Time You're Near) [If That's What It Takes],Z:/Old School 70s80s/Michael McDonald - I Keep Forgettin' (Every Time You're Near) [If That's What It Takes].mp3,,215000,Music,,10000,0,20000,0,320,Unknown,1982,1.0,3:35
Marvin Gaye - Sexual Healing [Midnight Love],Z:/Old School 70s80s/Marvin Gaye - Sexual Healing [Midnight Love].mp3,,236000,Music,,10000,0,20000,0,320,Unknown,2002,1.0,3:56
DeBarge - Who's Holding Donna Now [Rhythm of the Night],Z:/Old School 70s80s/DeBarge - Who's Holding Donna Now [Rhythm of the Night].mp3,,267000,Music,,10000,0,20000,0,320,Unknown,1985,1.0,4:27
Patrice Rushen - Remind Me [Straight From the Heart],Z:/Old School 70s80s/Patrice Rushen - Remind Me [Straight From the Heart].mp3,,312000,Music,,10000,0,20000,0,320,Unknown,2021,1.0,5:12
Prince - Little Red Corvette [4Ever],Z:/Old School 70s80s/Prince - Little Red Corvette [4Ever].mp3,,188000,Music,,10000,0,20000,0,320,Unknown,2016,1.0,3:08
Percy Sledge - Sudden Stop [The Ultimate Collection_ When a Man Loves a Woman],Z:/Old School 70s80s/Percy Sledge - Sudden Stop [The Ultimate Collection_ When a Man Loves a Woman].mp3,,168000,Music,,10000,0,20000,0,320,Unknown,1987,1.0,2:48
Simply Red - If You Don’t Know Me by Now [Reader’s Digest_ 100 Solid Gold Hits],Z:/Old School 70s80s/Simply Red - If You Don’t Know Me by Now [Reader’s Digest_ 100 Solid Gold Hits].mp3,,204000,Music,,10000,0,20000,0,320,Unknown,1990,1.0,3:24
Alexander O’Neal - Criticize [Hearsay],Z:/Old School 70s80s/Alexander O’Neal - Criticize [Hearsay].mp3,,245000,Music,,10000,0,20000,0,320,Unknown,1987,1.0,4:05
"Dionne Warwick with Gladys Knight, Elton John & Stevie Wonder - That’s What Friends Are For [The Definitive Collection]","Z:/Old School 70s80s/Dionne Warwick with Gladys Knight, Elton John & Stevie Wonder - That’s What Friends Are For [The Definitive Collection].mp3",,250000,Music,,10000,0,20000,0,320,Unknown,1999,1.0,4:10
Whodini - Freaks Come Out at Night [Greatest Hits],Z:/Old School 70s80s/Whodini - Freaks Come Out at Night [Greatest Hits].mp3,,168000,Music,,10000,0,20000,0,320,Unknown,1990,1.0,2:48
Michel’le - Something in My Heart [Maximum Slow Jams],Z:/Old School 70s80s/Michel’le - Something in My Heart [Maximum Slow Jams].mp3,,345000,Music,,10000,0,20000,0,320,Unknown,1997,1.0,5:45
Teddy Pendergrass - Love T.K.O. [TP],Z:/Old School 70s80s/Teddy Pendergrass - Love T.K.O. [TP].mp3,,294000,Music,,10000,0,20000,0,320,Unknown,2016,1.0,4:54
Atlantic Starr - Always [All in the Name of Love],Z:/Old School 70s80s/Atlantic Starr - Always [All in the Name of Love].mp3,,283000,Music,,10000,0,20000,0,320,Unknown,1987,1.0,4:43
Atlantic Starr - Secret Lovers [As the Band Turns],Z:/Old School 70s80s/Atlantic Starr - Secret Lovers [As the Band Turns].mp3,,327000,Music,,10000,0,20000,0,320,Unknown,1985,1.0,5:27
Danny Boy - Coffee or Tea [Black Heart],Z:/Old School 70s80s/Danny Boy - Coffee or Tea [Black Heart].mp3,,139000,Music,,10000,0,20000,0,320,Unknown,2023,1.0,2:19
DeBarge - All This Love [All This Love],Z:/Old School 70s80s/DeBarge - All This Love [All This Love].mp3,,350000,Music,,10000,0,20000,0,320,Unknown,1982,1.0,5:50
Force MD’s - Tender Love [Chillin'],Z:/Old School 70s80s/Force MD’s - Tender Love [Chillin'].mp3,,233000,Music,,10000,0,20000,0,320,Unknown,1985,1.0,3:53
DeBarge - Stay With Me [Masterpiece_ Created by Carl Craig],Z:/Old School 70s80s/DeBarge - Stay With Me [Masterpiece_ Created by Carl Craig].mp3,,211000,Music,,10000,0,20000,0,320,Unknown,2013,1.0,3:31
Kool & the Gang - Too Hot [Ladies’ Night _ Celebrate! _ Something Special _ As One _ In The Heart _ Emergency],Z:/Old School 70s80s/Kool & the Gang - Too Hot [Ladies’ Night _ Celebrate! _ Something Special _ As One _ In The Heart _ Emergency].mp3,,290000,Music,,10000,0,20000,0,320,Unknown,2020,1.0,4:50
Gregory Abbott - Shake You Down [Smash Hits],Z:/Old School 70s80s/Gregory Abbott - Shake You Down [Smash Hits].mp3,,242000,Music,,10000,0,20000,0,320,Unknown,1987,1.0,4:02
Prince - 1999 [1999],Z:/Old School 70s80s/Prince - 1999 [1999].mp3,,373000,Music,,10000,0,20000,0,320,Unknown,1982,1.0,6:13
Freddie Jackson - You Are My Lady [Rock Me Tonight],Z:/Old School 70s80s/Freddie Jackson - You Are My Lady [Rock Me Tonight].mp3,,277000,Music,,10000,0,20000,0,320,Unknown,1985,1.0,4:37
Commodores - Brick House [Commodores],Z:/Old School 70s80s/Commodores - Brick House [Commodores].mp3,,200000,Music,,10000,0,20000,0,320,Unknown,1977,1.0,3:20
Rick James - Give It to Me Baby [Street Songs],Z:/Old School 70s80s/Rick James - Give It to Me Baby [Street Songs].mp3,,246000,Music,,10000,0,20000,0,320,Unknown,2002,1.0,4:06
Daryl Hall & John Oates - I Can’t Go For That (No Can Do) [The Very Best of Daryl Hall & John Oates],Z:/Old School 70s80s/Daryl Hall & John Oates - I Can’t Go For That (No Can Do) [The Very Best of Daryl Hall & John Oates].mp3,,309000,Music,,10000,0,20000,0,320,Unknown,2001,1.0,5:09
"Club Nouveau - Why You Treat Me So Bad [Life, Love & Pain]","Z:/Old School 70s80s/Club Nouveau - Why You Treat Me So Bad [Life, Love & Pain].mp3",,311000,Music,,10000,0,20000,0,320,Unknown,1986,1.0,5:11
Guy - You Can Call Me Crazy [Guy (special edition)],Z:/Old School 70s80s/Guy - You Can Call Me Crazy [Guy (special edition)].mp3,,238000,Music,,10000,0,20000,0,320,Unknown,2007,1.0,3:58
Guy - Teddy’s Jam [Guy (special edition)],Z:/Old School 70s80s/Guy - Teddy’s Jam [Guy (special edition)].mp3,,212000,Music,,10000,0,20000,0,320,Unknown,2007,1.0,3:32
Dennis Edwards - Don’t Look Any Further [Don’t Look Any Further],Z:/Old School 70s80s/Dennis Edwards - Don’t Look Any Further [Don’t Look Any Further].mp3,,239000,Music,,10000,0,20000,0,320,Unknown,2011,1.0,3:59
The Intruders - Together [Intruders (Super Hits)],Z:/Old School 70s80s/The Intruders - Together [Intruders (Super Hits)].mp3,,177000,Music,,10000,0,20000,0,320,Unknown,1973,1.0,2:57
Kool & the Gang - Get Down on It [Something Special],Z:/Old School 70s80s/Kool & the Gang - Get Down on It [Something Special].mp3,,293000,Music,,10000,0,20000,0,320,Unknown,1998,1.0,4:53
Teena Marie - Portuguese Love [Ultimate Collection],Z:/Old School 70s80s/Teena Marie - Portuguese Love [Ultimate Collection].mp3,,469000,Music,,10000,0,20000,0,320,Unknown,2000,1.0,7:49
Slave - Watching You (single version) [Stone Jam],Z:/Old School 70s80s/Slave - Watching You (single version) [Stone Jam].mp3,,209000,Music,,10000,0,20000,0,320,Unknown,1997,1.0,3:29
"Earth, Wind & Fire - Devotion [Open Our Eyes]","Z:/Old School 70s80s/Earth, Wind & Fire - Devotion [Open Our Eyes].mp3",,284000,Music,,10000,0,20000,0,320,Unknown,2015,1.0,4:44
Kool & the Gang - Cherish (12″ version) [Celebration_ The Best of Kool & the Gang (1979–1987)],Z:/Old School 70s80s/Kool & the Gang - Cherish (12″ version) [Celebration_ The Best of Kool & the Gang (1979–1987)].mp3,,337000,Music,,10000,0,20000,0,320,Unknown,1994,1.0,5:37
Quincy Jones - Summer in the City [You've Got It Bad Girl],Z:/Old School 70s80s/Quincy Jones - Summer in the City [You've Got It Bad Girl].mp3,,243000,Music,,10000,0,20000,0,320,Unknown,1973,1.0,4:03
Aretha Franklin - Freeway of Love [Who’s Zoomin’ Who_],Z:/Old School 70s80s/Aretha Franklin - Freeway of Love [Who’s Zoomin’ Who_].mp3,,349000,Music,,10000,0,20000,0,320,Unknown,1985,1.0,5:49
Culture Club - Karma Chameleon [Colour by Numbers],Z:/Old School 70s80s/Culture Club - Karma Chameleon [Colour by Numbers].mp3,,250000,Music,,10000,0,20000,0,320,Unknown,2017,1.0,4:10
Whitney Houston - You Give Good Love [Whitney Houston],Z:/Old School 70s80s/Whitney Houston - You Give Good Love [Whitney Houston].mp3,,271000,Music,,10000,0,20000,0,320,Unknown,2010,1.0,4:31
Jazzy Jeff & Fresh Prince - Summertime (album version) [Greatest Hits],Z:/Old School 70s80s/Jazzy Jeff & Fresh Prince - Summertime (album version) [Greatest Hits].mp3,,271000,Music,,10000,0,20000,0,320,Unknown,1998,1.0,4:31
The Jets - You Got It All [The Jets],Z:/Old School 70s80s/The Jets - You Got It All [The Jets].mp3,,245000,Music,,10000,0,20000,0,320,Unknown,1985,1.0,4:05
Jay‐Z feat. Alicia Keys - Empire State of Mind [The Blueprint 3],Z:/Old School 70s80s/Jay‐Z feat. Alicia Keys - Empire State of Mind [The Blueprint 3].mp3,,277000,Music,,10000,0,20000,0,320,Unknown,2009,1.0,4:37
Jeffrey Osborne - You Should Be Mine (The Woo Woo Song) [Emotional],Z:/Old School 70s80s/Jeffrey Osborne - You Should Be Mine (The Woo Woo Song) [Emotional].mp3,,261000,Music,,10000,0,20000,0,320,Unknown,1986,1.0,4:21
Anita Baker - Good Love [Giving You the Best That I Got],Z:/Old School 70s80s/Anita Baker - Good Love [Giving You the Best That I Got].mp3,,328000,Music,,10000,0,20000,0,320,Unknown,1988,1.0,5:28
William Bell with Judy Clay - Private Number [The Best of William Bell],Z:/Old School 70s80s/William Bell with Judy Clay - Private Number [The Best of William Bell].mp3,,160000,Music,,10000,0,20000,0,320,Unknown,1990,1.0,2:40
Zapp & Roger - Computer Love [All The Greatest Hits],Z:/Old School 70s80s/Zapp & Roger - Computer Love [All The Greatest Hits].mp3,,284000,Music,,10000,0,20000,0,320,Unknown,1993,1.0,4:44
Tony! Toni! Toné! - Little Walter [Who_],Z:/Old School 70s80s/Tony! Toni! Toné! - Little Walter [Who_].mp3,,293000,Music,,10000,0,20000,0,320,Unknown,1988,1.0,4:53
DeBarge - A Dream [In a Special Way],Z:/Old School 70s80s/DeBarge - A Dream [In a Special Way].mp3,,264000,Music,,10000,0,20000,0,320,Unknown,1983,1.0,4:24
Sade - Hang On to Your Love [Diamond Life],Z:/Old School 70s80s/Sade - Hang On to Your Love [Diamond Life].mp3,,347000,Music,,10000,0,20000,0,320,Unknown,1984,1.0,5:47
Deniece Williams - Let’s Hear It for the Boy [Footloose_ Original Soundtrack of the Paramount Motion Picture],Z:/Old School 70s80s/Deniece Williams - Let’s Hear It for the Boy [Footloose_ Original Soundtrack of the Paramount Motion Picture].mp3,,260000,Music,,10000,0,20000,0,320,Unknown,1984,1.0,4:20
Parliament - Flashlight [Old School],Z:/Old School 70s80s/Parliament - Flashlight [Old School].mp3,,330000,Music,,10000,0,20000,0,320,Unknown,1993,1.0,5:30
Diana Ross & Lionel Richie - Endless Love (reprise) [Endless Love_ Original Motion Picture Soundtrack],Z:/Old School 70s80s/Diana Ross & Lionel Richie - Endless Love (reprise) [Endless Love_ Original Motion Picture Soundtrack].mp3,,268000,Music,,10000,0,20000,0,320,Unknown,1981,1.0,4:28
The Time - Gigolos Get Lonely Too [What Time Is It_],Z:/Old School 70s80s/The Time - Gigolos Get Lonely Too [What Time Is It_].mp3,,281000,Music,,10000,0,20000,0,320,Unknown,1987,1.0,4:41
Bobby Brown - Rock Wit’cha [Don’t Be Cruel],Z:/Old School 70s80s/Bobby Brown - Rock Wit’cha [Don’t Be Cruel].mp3,,289000,Music,,10000,0,20000,0,320,Unknown,1988,1.0,4:49
Oran “Juice” Jones - The Rain [Juice],Z:/Old School 70s80s/Oran “Juice” Jones - The Rain [Juice].mp3,,309000,Music,,10000,0,20000,0,320,Unknown,1986,1.0,5:09
Bobby Brown - Girlfriend [20th Century Masters_ The Millennium Collection_ The Best of Bobby Brown],Z:/Old School 70s80s/Bobby Brown - Girlfriend [20th Century Masters_ The Millennium Collection_ The Best of Bobby Brown].mp3,,245000,Music,,10000,0,20000,0,320,Unknown,2005,1.0,4:05
Rick James - Cold Blooded [20th Century Masters_ The Millennium Collection_ The Best of Rick James],Z:/Old School 70s80s/Rick James - Cold Blooded [20th Century Masters_ The Millennium Collection_ The Best of Rick James].mp3,,351000,Music,,10000,0,20000,0,320,Unknown,2000,1.0,5:51
Stevie Wonder - Overjoyed [The Definitive Collection],Z:/Old School 70s80s/Stevie Wonder - Overjoyed [The Definitive Collection].mp3,,221000,Music,,10000,0,20000,0,320,Unknown,2002,1.0,3:41
Cheryl Lynn - If This World Were Mine [Instant Love],Z:/Old School 70s80s/Cheryl Lynn - If This World Were Mine [Instant Love].mp3,,324000,Music,,10000,0,20000,0,320,Unknown,2012,1.0,5:24
Michael Jackson - P.Y.T. (Pretty Young Thing) [Thriller],Z:/Old School 70s80s/Michael Jackson - P.Y.T. (Pretty Young Thing) [Thriller].mp3,,229000,Music,,10000,0,20000,0,320,Unknown,1982,1.0,3:49
Keni Burke - Risin' to the Top [Changes],Z:/Old School 70s80s/Keni Burke - Risin' to the Top [Changes].mp3,,314000,Music,,10000,0,20000,0,320,Unknown,1982,1.0,5:14
Anita Baker - Sweet Love [Rapture],Z:/Old School 70s80s/Anita Baker - Sweet Love [Rapture].mp3,,260000,Music,,10000,0,20000,0,320,Unknown,1986,1.0,4:20
"Loose Ends - Hangin' on a String [Music for Modern Living, Volume 5]","Z:/Old School 70s80s/Loose Ends - Hangin' on a String [Music for Modern Living, Volume 5].mp3",,346000,Music,,10000,0,20000,0,320,Unknown,2001,1.0,5:46
"Michael Jackson - The Way You Make Me Feel [HIStory_ Past, Present and Future, Book I]","Z:/Old School 70s80s/Michael Jackson - The Way You Make Me Feel [HIStory_ Past, Present and Future, Book I].mp3",,297000,Music,,10000,0,20000,0,320,Unknown,1995,1.0,4:57
Patrice Rushen - Settle for My Love [Pizzazz],Z:/Old School 70s80s/Patrice Rushen - Settle for My Love [Pizzazz].mp3,,309000,Music,,10000,0,20000,0,320,Unknown,1979,1.0,5:09
Chaka Khan - Through the Fire [A Yacht Rock Odyssey],Z:/Old School 70s80s/Chaka Khan - Through the Fire [A Yacht Rock Odyssey].mp3,,255000,Music,,10000,0,20000,0,320,Unknown,2024,1.0,4:15
Luther Vandross - Never Too Much [Never Too Much],Z:/Old School 70s80s/Luther Vandross - Never Too Much [Never Too Much].mp3,,226000,Music,,10000,0,20000,0,320,Not Found,1981,1.0,3:50
After 7 - Ready or Not [After 7],Z:/Old School 70s80s/After 7 - Ready or Not [After 7].mp3,,263000,Music,90's/2000's Throwbacks,10000,0,20000,0,320,Unknown,1989,1.0,4:23
Keith Sweat - Something Just Ain't Right [Make It Last Forever],Z:/Old School 70s80s/Keith Sweat - Something Just Ain't Right [Make It Last Forever].mp3,,315000,Music,,10000,0,20000,0,320,Unknown,1987,1.0,5:15
O.V. Wright - Born All Over [A Nickel And A Nail And The Ace Of Spaces],Z:/Old School 70s80s/O.V. Wright - Born All Over [A Nickel And A Nail And The Ace Of Spaces].mp3,,198000,Music,,10000,0,20000,0,320,Unknown,2010,1.0,3:18
Commodores - Zoom [Commodores],Z:/Old School 70s80s/Commodores - Zoom [Commodores].mp3,,404000,Music,,10000,0,20000,0,320,Unknown,1977,1.0,6:44
After 7 - Can't Stop [After 7],Z:/Old School 70s80s/After 7 - Can't Stop [After 7].mp3,,247000,Music,90's/2000's Throwbacks,10000,0,20000,0,320,Unknown,1989,1.0,4:07
Soul II Soul - Back to Life (However Do You Want Me) [Club Classics Vol. One (10th Anniversary Edition)],Z:/Old School 70s80s/Soul II Soul - Back to Life (However Do You Want Me) [Club Classics Vol. One (10th Anniversary Edition)].mp3,,225000,Music,,10000,0,20000,0,320,Unknown,1989,1.0,3:45
DeBarge - I Like It [All This Love],Z:/Old School 70s80s/DeBarge - I Like It [All This Love].mp3,,277000,Music,,10000,0,20000,0,320,Unknown,1982,1.0,4:37
Tina Turner - What’s Love Got to Do With It [What’s Love Got to Do With It],Z:/Old School 70s80s/Tina Turner - What’s Love Got to Do With It [What’s Love Got to Do With It].mp3,,220000,Music,,10000,0,20000,0,320,Unknown,1993,1.0,3:40
Bobby Brown - Don’t Be Cruel [Don’t Be Cruel],Z:/Old School 70s80s/Bobby Brown - Don’t Be Cruel [Don’t Be Cruel].mp3,,408000,Music,,10000,0,20000,0,320,Unknown,1988,1.0,6:48
Johnny Kemp - Just Got Paid [100 80s Hits],Z:/Old School 70s80s/Johnny Kemp - Just Got Paid [100 80s Hits].mp3,,212000,Music,,10000,0,20000,0,320,Unknown,2008,1.0,3:32
New Edition - Mr. Telephone Man (Album Version) [New Edition],Z:/Old School 70s80s/New Edition - Mr. Telephone Man (Album Version) [New Edition].mp3,,235000,Music,,10000,0,20000,0,320,Unknown,2017,1.0,3:55
New Edition - You’re Not My Kind of Girl [Heart Break],Z:/Old School 70s80s/New Edition - You’re Not My Kind of Girl [Heart Break].mp3,,240000,Music,,10000,0,20000,0,320,Unknown,1988,1.0,4:00
Phyllis Hyman & Michael Henderson - Can’t We Fall in Love Again [Can’t We Fall in Love Again],Z:/Old School 70s80s/Phyllis Hyman & Michael Henderson - Can’t We Fall in Love Again [Can’t We Fall in Love Again].mp3,,311000,Music,,10000,0,20000,0,320,Unknown,1981,1.0,5:11
Al B. Sure! - Off on Your Own (Girl) [In Effect Mode],Z:/Old School 70s80s/Al B. Sure! - Off on Your Own (Girl) [In Effect Mode].mp3,,242000,Music,,10000,0,20000,0,320,Unknown,1988,1.0,4:02
Whitney Houston - Didn’t We Almost Have It All [Whitney],Z:/Old School 70s80s/Whitney Houston - Didn’t We Almost Have It All [Whitney].mp3,,301000,Music,,10000,0,20000,0,320,Unknown,1987,1.0,5:01
Patti LaBelle - If Only You Knew [I’m in Love Again],Z:/Old School 70s80s/Patti LaBelle - If Only You Knew [I’m in Love Again].mp3,,285000,Music,,10000,0,20000,0,320,Unknown,1983,1.0,4:45
Brownstone - Grapevyne [From the Bottom Up],Z:/Old School 70s80s/Brownstone - Grapevyne [From the Bottom Up].mp3,,336000,Music,,10000,0,20000,0,320,Unknown,1995,1.0,5:36
Junior - Mama Used To Say [JI (Bonus Tracks Edition)],Z:/Old School 70s80s/Junior - Mama Used To Say [JI (Bonus Tracks Edition)].mp3,,183000,Music,,10000,0,20000,0,320,Unknown,2012,1.0,3:03
Alexander O’Neal - If You Were Here Tonight [101 Love Songs],Z:/Old School 70s80s/Alexander O’Neal - If You Were Here Tonight [101 Love Songs].mp3,,370000,Music,,10000,0,20000,0,320,Unknown,2008,1.0,6:10
Sade - Smooth Operator [The Best of Sade],Z:/Old School 70s80s/Sade - Smooth Operator [The Best of Sade].mp3,,254000,Music,,10000,0,20000,0,320,Unknown,1994,1.0,4:14
Alexander O’Neal - Never Knew Love Like This [Hearsay],Z:/Old School 70s80s/Alexander O’Neal - Never Knew Love Like This [Hearsay].mp3,,308000,Music,,10000,0,20000,0,320,Unknown,1987,1.0,5:08
"Chaka Khan - What Cha’ Gonna Do for Me [Epiphany_ The Best of Chaka Khan, Volume One]","Z:/Old School 70s80s/Chaka Khan - What Cha’ Gonna Do for Me [Epiphany_ The Best of Chaka Khan, Volume One].mp3",,229000,Music,,10000,0,20000,0,320,Unknown,1996,1.0,3:49
Billy Ocean - Suddenly [Suddenly],Z:/Old School 70s80s/Billy Ocean - Suddenly [Suddenly].mp3,,231000,Music,,10000,0,20000,0,320,Unknown,2011,1.0,3:51
"Earth, Wind & Fire - Can't Hide Love [Gratitude]","Z:/Old School 70s80s/Earth, Wind & Fire - Can't Hide Love [Gratitude].mp3",,247000,Music,,10000,0,20000,0,320,Unknown,1975,1.0,4:07
Beyoncé - Partition [BEYONCÉ (platinum edition)],Z:/Old School 70s80s/Beyoncé - Partition [BEYONCÉ (platinum edition)].mp3,,319000,Music,,10000,0,20000,0,320,Unknown,2015,1.0,5:19
Shalamar - A Night to Remember [Friends],Z:/Old School 70s80s/Shalamar - A Night to Remember [Friends].mp3,,304000,Music,,10000,0,20000,0,320,Unknown,1982,1.0,5:04
Deniece Williams - Silly [Gonna Take a Miracle_ The Best of Deniece Williams],Z:/Old School 70s80s/Deniece Williams - Silly [Gonna Take a Miracle_ The Best of Deniece Williams].mp3,,355000,Music,,10000,0,20000,0,320,Unknown,1996,1.0,5:55
Guy - I Like [Guy (special edition)],Z:/Old School 70s80s/Guy - I Like [Guy (special edition)].mp3,,289000,Music,,10000,0,20000,0,320,Unknown,2007,1.0,4:49
The Boys - Dial My Heart [Messages From the Boys],Z:/Old School 70s80s/The Boys - Dial My Heart [Messages From the Boys].mp3,,264000,Music,,10000,0,20000,0,320,Unknown,1988,1.0,4:24
LeVert - Just Coolin’ [Just Coolin’],Z:/Old School 70s80s/LeVert - Just Coolin’ [Just Coolin’].mp3,,297000,Music,,10000,0,20000,0,320,Unknown,1988,1.0,4:57
Eddie Murphy - Party All the Time [How Could It Be],Z:/Old School 70s80s/Eddie Murphy - Party All the Time [How Could It Be].mp3,,253000,Music,,10000,0,20000,0,320,Unknown,1985,1.0,4:13
Culture Club - Do You Really Want to Hurt Me [Kissing to Be Clever],Z:/Old School 70s80s/Culture Club - Do You Really Want to Hurt Me [Kissing to Be Clever].mp3,,269000,Music,,10000,0,20000,0,320,Unknown,2008,1.0,4:29
Carl Carlton - She’s a Bad Mama Jama [Ultimate Funk Classics],Z:/Old School 70s80s/Carl Carlton - She’s a Bad Mama Jama [Ultimate Funk Classics].mp3,,232000,Music,,10000,0,20000,0,320,Unknown,1981,1.0,3:52
Jeffrey Osborne - Stay With Me Tonight [Stay With Me Tonight],Z:/Old School 70s80s/Jeffrey Osborne - Stay With Me Tonight [Stay With Me Tonight].mp3,,295000,Music,,10000,0,20000,0,320,Unknown,1983,1.0,4:55
Womack & Womack - Baby I'm Scared of You [Love Wars],Z:/Old School 70s80s/Womack & Womack - Baby I'm Scared of You [Love Wars].mp3,,337000,Music,,10000,0,20000,0,320,Unknown,1983,1.0,5:37
Bobby Brown - Roni [Don’t Be Cruel],Z:/Old School 70s80s/Bobby Brown - Roni [Don’t Be Cruel].mp3,,351000,Music,,10000,0,20000,0,320,Unknown,1988,1.0,5:51
Cherrelle - I Didn't Mean to Turn You On [Fragile],Z:/Old School 70s80s/Cherrelle - I Didn't Mean to Turn You On [Fragile].mp3,,423000,Music,,10000,0,20000,0,320,Unknown,2002,1.0,7:03
Surface - Closer Than Friends [The Best of Surface_ A Nice Time 4 Lovin'],Z:/Old School 70s80s/Surface - Closer Than Friends [The Best of Surface_ A Nice Time 4 Lovin'].mp3,,300000,Music,,10000,0,20000,0,320,Unknown,1991,1.0,5:00
Billy Ocean - There’ll Be Sad Songs (To Make You Cry) [Love Zone],Z:/Old School 70s80s/Billy Ocean - There’ll Be Sad Songs (To Make You Cry) [Love Zone].mp3,,289000,Music,,10000,0,20000,0,320,Unknown,2011,1.0,4:49
Sister Sledge - My Guy [The Best of Sister Sledge (1973-1985)],Z:/Old School 70s80s/Sister Sledge - My Guy [The Best of Sister Sledge (1973-1985)].mp3,,223000,Music,,10000,0,20000,0,320,Unknown,1992,1.0,3:43
Keith Sweat - Make It Last Forever [Make It Last Forever],Z:/Old School 70s80s/Keith Sweat - Make It Last Forever [Make It Last Forever].mp3,,292000,Music,,10000,0,20000,0,320,Unknown,1987,1.0,4:52
Prince and The Revolution - Pop Life [Around the World in a Day],Z:/Old School 70s80s/Prince and The Revolution - Pop Life [Around the World in a Day].mp3,,225000,Music,,10000,0,20000,0,320,Unknown,1985,1.0,3:45
Karyn White - Superwoman [Karyn White],Z:/Old School 70s80s/Karyn White - Superwoman [Karyn White].mp3,,344000,Music,,10000,0,20000,0,320,Unknown,1988,1.0,5:44
Alexander O’Neal - Fake [Hearsay],Z:/Old School 70s80s/Alexander O’Neal - Fake [Hearsay].mp3,,235000,Music,,10000,0,20000,0,320,Unknown,1987,1.0,3:55
DeBarge - Time Will Reveal [In a Special Way],Z:/Old School 70s80s/DeBarge - Time Will Reveal [In a Special Way].mp3,,249000,Music,,10000,0,20000,0,320,Unknown,1983,1.0,4:09
Cameo - Word Up [Word Up!],Z:/Old School 70s80s/Cameo - Word Up [Word Up!].mp3,,260000,Music,,10000,0,20000,0,320,Unknown,1986,1.0,4:20
LeVert - Casanova [R&B_ The Collection],Z:/Old School 70s80s/LeVert - Casanova [R&B_ The Collection].mp3,,250000,Music,,10000,0,20000,0,320,Unknown,2012,1.0,4:10
Tina Turner - Private Dancer [Simply the Best],Z:/Old School 70s80s/Tina Turner - Private Dancer [Simply the Best].mp3,,237000,Music,,10000,0,20000,0,320,Unknown,1991,1.0,3:57
The Temptations - Stay [Phoenix Rising],Z:/Old School 70s80s/The Temptations - Stay [Phoenix Rising].mp3,,284000,Music,,10000,0,20000,0,320,Unknown,1998,1.0,4:44
Mary Jane Girls - All Night Long [Mary Jane Girls],Z:/Old School 70s80s/Mary Jane Girls - All Night Long [Mary Jane Girls].mp3,,333000,Music,,10000,0,20000,0,320,Unknown,1983,1.0,5:33
Surface - Happy [Surface],Z:/Old School 70s80s/Surface - Happy [Surface].mp3,,233000,Music,,10000,0,20000,0,320,Unknown,2012,1.0,3:53
Tony! Toni! Toné! - For the Love of You [Who_],Z:/Old School 70s80s/Tony! Toni! Toné! - For the Love of You [Who_].mp3,,337000,Music,,10000,0,20000,0,320,Unknown,1988,1.0,5:37
Atlantic Starr - Let’s Get Closer [Brilliance],Z:/Old School 70s80s/Atlantic Starr - Let’s Get Closer [Brilliance].mp3,,309000,Music,,10000,0,20000,0,320,Unknown,1982,1.0,5:09
Kool & the Gang - Hollywood Swinging [Wild and Peaceful],Z:/Old School 70s80s/Kool & the Gang - Hollywood Swinging [Wild and Peaceful].mp3,,273000,Music,,10000,0,20000,0,320,Unknown,1973,1.0,4:33
GQ - Disco Nights (Rock Freak) [Disco Nights],Z:/Old School 70s80s/GQ - Disco Nights (Rock Freak) [Disco Nights].mp3,,349000,Music,,10000,0,20000,0,320,Unknown,2012,1.0,5:49
Lisa Lisa & Cult Jam - All Cried Out [Lisa Lisa & Cult Jam With Full Force],Z:/Old School 70s80s/Lisa Lisa & Cult Jam - All Cried Out [Lisa Lisa & Cult Jam With Full Force].mp3,,283000,Music,,10000,0,20000,0,320,Unknown,2012,1.0,4:43
Prince - Little Red Corvette (7_ Edit) [1999],Z:/Old School 70s80s/Prince - Little Red Corvette (7_ Edit) [1999].mp3,,187000,Music,,10000,0,20000,0,320,Unknown,2019,1.0,3:07
Kool & the Gang - Summer Madness [Light of Worlds],Z:/Old School 70s80s/Kool & the Gang - Summer Madness [Light of Worlds].mp3,,254000,Music,,10000,0,20000,0,320,Unknown,1974,1.0,4:14
Ashford & Simpson - Solid [Solid],Z:/Old School 70s80s/Ashford & Simpson - Solid [Solid].mp3,,302000,Music,,10000,0,20000,0,320,Unknown,1984,1.0,5:02
Rick James - Mary Jane [20th Century Masters_ The Millennium Collection_ The Best of Rick James],Z:/Old School 70s80s/Rick James - Mary Jane [20th Century Masters_ The Millennium Collection_ The Best of Rick James].mp3,,293000,Music,,10000,0,20000,0,320,Unknown,2000,1.0,4:53
Lionel Richie - Hello [Can't Slow Down],Z:/Old School 70s80s/Lionel Richie - Hello [Can't Slow Down].mp3,,251000,Music,,10000,0,20000,0,320,Unknown,1983,1.0,4:11
Keith Sweat - I Want Her [Make It Last Forever],Z:/Old School 70s80s/Keith Sweat - I Want Her [Make It Last Forever].mp3,,354000,Music,,10000,0,20000,0,320,Unknown,1987,1.0,5:54
Paul Young - Everytime You Go Away [The Secret of Association],Z:/Old School 70s80s/Paul Young - Everytime You Go Away [The Secret of Association].mp3,,323000,Music,,10000,0,20000,0,320,Unknown,1985,1.0,5:23
Kashif featuring Melisa Morgan - Love Changes [The Best of Kashif],Z:/Old School 70s80s/Kashif featuring Melisa Morgan - Love Changes [The Best of Kashif].mp3,,278000,Music,,10000,0,20000,0,320,Unknown,1992,1.0,4:38
Avant - Separated [My Thoughts],Z:/Throwbacks 90s2000s/Avant - Separated [My Thoughts].mp3,,255000,Music,,10000,0,20000,0,320,Unknown,2000,1.0,4:15
Danny Boy - Crazy,Z:/Throwbacks 90s2000s/Danny Boy - Crazy.mp3,,243000,Music,,10000,0,20000,0,320,Unknown,1998,1.0,4:03
Mary J. Blige - No More Drama [No More Drama],Z:/Throwbacks 90s2000s/Mary J. Blige - No More Drama [No More Drama].mp3,,323000,Music,,10000,0,20000,0,320,Unknown,2001,1.0,5:23
Chris Brown - With You [Exclusive_ The Forever Edition],Z:/Throwbacks 90s2000s/Chris Brown - With You [Exclusive_ The Forever Edition].mp3,,255000,Music,,10000,0,20000,0,320,Unknown,2008,1.0,4:15
"Ciara featuring Missy Elliott - 1, 2 Step [Goodies]","Z:/Throwbacks 90s2000s/Ciara featuring Missy Elliott - 1, 2 Step [Goodies].mp3",,204000,Music,,10000,0,20000,0,320,Unknown,2009,1.0,3:24
Michael Jackson - Break of Dawn [Invincible],Z:/Throwbacks 90s2000s/Michael Jackson - Break of Dawn [Invincible].mp3,,333000,Music,,10000,0,20000,0,320,Unknown,2018,1.0,5:33
Robin Thicke - Complicated [The Evolution of Robin Thicke],Z:/Throwbacks 90s2000s/Robin Thicke - Complicated [The Evolution of Robin Thicke].mp3,,253000,Music,,10000,0,20000,0,320,Unknown,2006,1.0,4:13
Lauryn Hill - Can’t Take My Eyes Off of You [The Miseducation of Lauryn Hill],Z:/Throwbacks 90s2000s/Lauryn Hill - Can’t Take My Eyes Off of You [The Miseducation of Lauryn Hill].mp3,,221000,Music,,10000,0,20000,0,320,Unknown,2017,1.0,3:41
Billy Stewart - Summertime [20th Century Masters_ The Millennium Collection_ The Best of Billy Stewart],Z:/Throwbacks 90s2000s/Billy Stewart - Summertime [20th Century Masters_ The Millennium Collection_ The Best of Billy Stewart].mp3,,254000,Music,,10000,0,20000,0,320,Unknown,2000,1.0,4:14
Musiq Soulchild - Mary Go Round [Aijuswanaseing],Z:/Throwbacks 90s2000s/Musiq Soulchild - Mary Go Round [Aijuswanaseing].mp3,,221000,Music,,10000,0,20000,0,320,Unknown,2000,1.0,3:41
Ne‐Yo - Closer [Year of the Gentleman (Bonus Track Version)],Z:/Throwbacks 90s2000s/Ne‐Yo - Closer [Year of the Gentleman (Bonus Track Version)].mp3,,233000,Music,,10000,0,20000,0,320,Unknown,2008,1.0,3:53
Cassie - Long Way 2 Go [Cassie],Z:/Throwbacks 90s2000s/Cassie - Long Way 2 Go [Cassie].mp3,,219000,Music,,10000,0,20000,0,320,Unknown,2006,1.0,3:39
Brandy - Best Friend [The Best of Brandy],Z:/Throwbacks 90s2000s/Brandy - Best Friend [The Best of Brandy].mp3,,268000,Music,,10000,0,20000,0,320,Unknown,2005,1.0,4:28
"The‐Dream feat. Fabolous - Shawty Is a 10 [Promo Only_ Mainstream Radio, December 2007]","Z:/Throwbacks 90s2000s/The‐Dream feat. Fabolous - Shawty Is a 10 [Promo Only_ Mainstream Radio, December 2007].mp3",,245000,Music,,10000,0,20000,0,320,Unknown,2007,1.0,4:05
112 feat. The Notorious B.I.G. & Mase - Only You (Bad Boy remix) [112],Z:/Throwbacks 90s2000s/112 feat. The Notorious B.I.G. & Mase - Only You (Bad Boy remix) [112].mp3,,285000,Music,90's/2000's Throwbacks,28284,110679,268017,96,320,Unknown,1996,1.0,4:45
Etta James - I'd Rather Go Blind [Her Best],Z:/Throwbacks 90s2000s/Etta James - I'd Rather Go Blind [Her Best].mp3,,153000,Music,,10000,0,20000,0,320,Unknown,1997,1.0,2:33
The Game feat. 50 Cent - Hate It or Love It [The Documentary],Z:/Throwbacks 90s2000s/The Game feat. 50 Cent - Hate It or Love It [The Documentary].mp3,,206000,Music,,10000,0,20000,0,320,Unknown,2005,1.0,3:26
Prince & The New Power Generation - Diamonds and Pearls [The Hits 1],Z:/Throwbacks 90s2000s/Prince & The New Power Generation - Diamonds and Pearls [The Hits 1].mp3,,289000,Music,,10000,0,20000,0,320,Unknown,2021,1.0,4:49
Akon feat. Colby O’Donis feat. Kardinal Offishall - Beautiful [Bravo Hits 65],Z:/Throwbacks 90s2000s/Akon feat. Colby O’Donis feat. Kardinal Offishall - Beautiful [Bravo Hits 65].mp3,,228000,Music,90's/2000's Deepcuts,10000,0,20000,0,320,Unknown,2009,1.0,3:48
Ne‐Yo - Can We Chill [Because of You],Z:/Throwbacks 90s2000s/Ne‐Yo - Can We Chill [Because of You].mp3,,264000,Music,,10000,0,20000,0,320,Unknown,2007,1.0,4:24
Monica - Don’t Take It Personal (Just One of Dem Days) [Miss Thang],Z:/Throwbacks 90s2000s/Monica - Don’t Take It Personal (Just One of Dem Days) [Miss Thang].mp3,,258000,Music,,10000,0,20000,0,320,Unknown,1995,1.0,4:18
"Jennifer Lopez feat. Ja Rule - Ain't It Funny (remix) [Sony Music Radio Sampler, January 2002]","Z:/Throwbacks 90s2000s/Jennifer Lopez feat. Ja Rule - Ain't It Funny (remix) [Sony Music Radio Sampler, January 2002].mp3",,226000,Music,,10000,0,20000,0,320,Unknown,2026,1.0,3:46
TLC - Creep [20],Z:/Throwbacks 90s2000s/TLC - Creep [20].mp3,,266000,Music,,10000,0,20000,0,320,Unknown,2013,1.0,4:26
Joe - I Wanna Know [My Name Is Joe],Z:/Throwbacks 90s2000s/Joe - I Wanna Know [My Name Is Joe].mp3,,292000,Music,,10000,0,20000,0,320,Unknown,2000,1.0,4:52
Amerie - Talkin’ to Me (edit) [All I Have],Z:/Throwbacks 90s2000s/Amerie - Talkin’ to Me (edit) [All I Have].mp3,,223000,Music,,10000,0,20000,0,320,Unknown,2009,1.0,3:43
Aretha Franklin - Respect (stereo version) [I Never Loved a Man the Way I Love You],Z:/Throwbacks 90s2000s/Aretha Franklin - Respect (stereo version) [I Never Loved a Man the Way I Love You].mp3,,148000,Music,,10000,0,20000,0,320,Unknown,1995,1.0,2:28
T‐Pain feat. Akon - Bartender [Epiphany],Z:/Throwbacks 90s2000s/T‐Pain feat. Akon - Bartender [Epiphany].mp3,,240000,Music,,10000,0,20000,0,320,Unknown,2007,1.0,4:00
Ne‐Yo - When You’re Mad [In My Own Words],Z:/Throwbacks 90s2000s/Ne‐Yo - When You’re Mad [In My Own Words].mp3,,221000,Music,,10000,0,20000,0,320,Unknown,2007,1.0,3:41
Brandy - Brokenhearted [Brandy],Z:/Throwbacks 90s2000s/Brandy - Brokenhearted [Brandy].mp3,,352000,Music,,10000,0,20000,0,320,Unknown,1994,1.0,5:52
Chris Brown feat. T‐Pain - Kiss Kiss [Kiss Kiss],Z:/Throwbacks 90s2000s/Chris Brown feat. T‐Pain - Kiss Kiss [Kiss Kiss].mp3,,250000,Music,,10000,0,20000,0,320,Unknown,2007,1.0,4:10
John Legend - Save Room [Once Again],Z:/Throwbacks 90s2000s/John Legend - Save Room [Once Again].mp3,,237000,Music,,10000,0,20000,0,320,Unknown,2007,1.0,3:57
Solomon Burke - Got to Get You Off My Mind [The Definitive Soul Collection],Z:/Throwbacks 90s2000s/Solomon Burke - Got to Get You Off My Mind [The Definitive Soul Collection].mp3,,156000,Music,,10000,0,20000,0,320,Unknown,2006,1.0,2:36
Robin Thicke feat. Nicki Minaj - Shakin’ It 4 Daddy [Sex Therapy_ The Session],Z:/Throwbacks 90s2000s/Robin Thicke feat. Nicki Minaj - Shakin’ It 4 Daddy [Sex Therapy_ The Session].mp3,,226000,Music,,10000,0,20000,0,320,Unknown,2009,1.0,3:46
Alicia Keys - A Woman's Worth [Songs in A minor],Z:/Throwbacks 90s2000s/Alicia Keys - A Woman's Worth [Songs in A minor].mp3,,303000,Music,,10000,0,20000,0,320,Unknown,2001,1.0,5:03
Avant - Lie About Us [Icon],Z:/Throwbacks 90s2000s/Avant - Lie About Us [Icon].mp3,,224000,Music,,10000,0,20000,0,320,Unknown,2011,1.0,3:44
Ciara - Promise [The Evolution],Z:/Throwbacks 90s2000s/Ciara - Promise [The Evolution].mp3,,266000,Music,,10000,0,20000,0,320,Unknown,2006,1.0,4:26
Brandy - Full Moon [Full Moon],Z:/Throwbacks 90s2000s/Brandy - Full Moon [Full Moon].mp3,,243000,Music,,10000,0,20000,0,320,Unknown,2019,1.0,4:03
Akon - Be With You [Freedom],Z:/Throwbacks 90s2000s/Akon - Be With You [Freedom].mp3,,231000,Music,90's/2000's Deepcuts,10000,0,20000,0,320,Unknown,2008,1.0,3:51
Usher - Burn [Confessions],Z:/Throwbacks 90s2000s/Usher - Burn [Confessions].mp3,,229000,Music,,10000,0,20000,0,320,Unknown,2004,1.0,3:49
Lyfe Jennings - Must Be Nice [Lyfe 268-192],Z:/Throwbacks 90s2000s/Lyfe Jennings - Must Be Nice [Lyfe 268-192].mp3,,233000,Music,,10000,0,20000,0,320,Unknown,2004,1.0,3:53
"Jill Scott - Slowly Surely [Who Is Jill Scott_ Words and Sounds, Vol. 1]","Z:/Throwbacks 90s2000s/Jill Scott - Slowly Surely [Who Is Jill Scott_ Words and Sounds, Vol. 1].mp3",,275000,Music,,10000,0,20000,0,320,Unknown,2000,1.0,4:35
Erykah Badu - Bag Lady (Cheeba Sac radio edit) [Mama's Gun],Z:/Throwbacks 90s2000s/Erykah Badu - Bag Lady (Cheeba Sac radio edit) [Mama's Gun].mp3,,251000,Music,,10000,0,20000,0,320,Unknown,2001,1.0,4:11
Ne‐Yo - Do You [Because of You],Z:/Throwbacks 90s2000s/Ne‐Yo - Do You [Because of You].mp3,,226000,Music,,10000,0,20000,0,320,Unknown,2007,1.0,3:46
Kelly Rowland - Kisses Down Low [Talk a Good Game],Z:/Throwbacks 90s2000s/Kelly Rowland - Kisses Down Low [Talk a Good Game].mp3,,251000,Music,,10000,0,20000,0,320,Unknown,2013,1.0,4:11
Ja Rule feat. Ashanti - Mesmerize [The Last Temptation],Z:/Throwbacks 90s2000s/Ja Rule feat. Ashanti - Mesmerize [The Last Temptation].mp3,,277000,Music,,10000,0,20000,0,320,Unknown,2002,1.0,4:37
Dwele - I Think I Love U [Some Kinda…],Z:/Throwbacks 90s2000s/Dwele - I Think I Love U [Some Kinda…].mp3,,222000,Music,,10000,0,20000,0,320,Unknown,2005,1.0,3:42
Maxwell - This Woman's Work [Now],Z:/Throwbacks 90s2000s/Maxwell - This Woman's Work [Now].mp3,,237000,Music,,10000,0,20000,0,320,Unknown,2001,1.0,3:57
Ne‐Yo - Sexy Love [In My Own Words],Z:/Throwbacks 90s2000s/Ne‐Yo - Sexy Love [In My Own Words].mp3,,216000,Music,,10000,0,20000,0,320,Unknown,2006,1.0,3:36
SWV - Weak (Radio Edit) [Weak],Z:/Throwbacks 90s2000s/SWV - Weak (Radio Edit) [Weak].mp3,,262000,Music,,10000,0,20000,0,320,Unknown,2018,1.0,4:22
Monica - All Eyez on Me (radio edit & album version Urban mix) [All Eyez on Me EP],Z:/Throwbacks 90s2000s/Monica - All Eyez on Me (radio edit & album version Urban mix) [All Eyez on Me EP].mp3,,242000,Music,,10000,0,20000,0,320,Unknown,2002,1.0,4:02
Anthony David feat. India.Arie - Words [Chill Out - L’espresso Café Three_ Dimension Vision],Z:/Throwbacks 90s2000s/Anthony David feat. India.Arie - Words [Chill Out - L’espresso Café Three_ Dimension Vision].mp3,,241000,Music,,10000,0,20000,0,320,Unknown,2008,1.0,4:01
Kindred the Family Soul - Stars [Surrender to Love],Z:/Throwbacks 90s2000s/Kindred the Family Soul - Stars [Surrender to Love].mp3,,309000,Music,,10000,0,20000,0,320,Unknown,2003,1.0,5:09
Jennifer Hudson - Spotlight [Jennifer Hudson],Z:/Throwbacks 90s2000s/Jennifer Hudson - Spotlight [Jennifer Hudson].mp3,,247000,Music,,10000,0,20000,0,320,Unknown,2008,1.0,4:07
Usher & Alicia Keys - My Boo [Confessions],Z:/Throwbacks 90s2000s/Usher & Alicia Keys - My Boo [Confessions].mp3,,223000,Music,,10000,0,20000,0,320,Unknown,2004,1.0,3:43
Aaliyah - Miss You [I Care 4 U],Z:/Throwbacks 90s2000s/Aaliyah - Miss You [I Care 4 U].mp3,,256000,Music,Slow Jams / Quiet Storm,19563,60647,252531,92,320,Unknown,2003,1.0,4:16
Fantasia - When I See You [Fantasia],Z:/Throwbacks 90s2000s/Fantasia - When I See You [Fantasia].mp3,,214000,Music,,10000,0,20000,0,320,Unknown,2006,1.0,3:34
Usher feat. Young Thug - No Limit [Hard II Love],Z:/Throwbacks 90s2000s/Usher feat. Young Thug - No Limit [Hard II Love].mp3,,227000,Music,,10000,0,20000,0,320,Unknown,2016,1.0,3:47
Fugees - Killing Me Softly [The Score],Z:/Throwbacks 90s2000s/Fugees - Killing Me Softly [The Score].mp3,,298000,Music,,10000,0,20000,0,320,Unknown,1996,1.0,4:58
Jaheim - Just in Case [Ghetto Love],Z:/Throwbacks 90s2000s/Jaheim - Just in Case [Ghetto Love].mp3,,263000,Music,,10000,0,20000,0,320,Unknown,2001,1.0,4:23
Craig David - Fill Me In [Born to Do It],Z:/Throwbacks 90s2000s/Craig David - Fill Me In [Born to Do It].mp3,,251000,Music,,10000,0,20000,0,320,Unknown,2000,1.0,4:11
"Dwele - Find a Way [Virgin Recommends, Volume 11]","Z:/Throwbacks 90s2000s/Dwele - Find a Way [Virgin Recommends, Volume 11].mp3",,249000,Music,,10000,0,20000,0,320,Unknown,2003,1.0,4:09
Lil Jon & The East Side Boyz feat. Ying Yang Twins - Get Low [Kings of Crunk],Z:/Throwbacks 90s2000s/Lil Jon & The East Side Boyz feat. Ying Yang Twins - Get Low [Kings of Crunk].mp3,,334000,Music,,10000,0,20000,0,320,Unknown,2002,1.0,5:34
Ne‐Yo feat. Jay‐Z - Crazy [Because of You],Z:/Throwbacks 90s2000s/Ne‐Yo feat. Jay‐Z - Crazy [Because of You].mp3,,261000,Music,,10000,0,20000,0,320,Unknown,2007,1.0,4:21
Mario Vazquez - Gallery [Mario Vazquez],Z:/Throwbacks 90s2000s/Mario Vazquez - Gallery [Mario Vazquez].mp3,,223000,Music,,10000,0,20000,0,320,Unknown,2006,1.0,3:43
Robin Thicke - Would That Make U Love Me [The Evolution of Robin Thicke],Z:/Throwbacks 90s2000s/Robin Thicke - Would That Make U Love Me [The Evolution of Robin Thicke].mp3,,216000,Music,,10000,0,20000,0,320,Unknown,2006,1.0,3:36
OutKast - Prototype [Speakerboxxx _ The Love Below],Z:/Throwbacks 90s2000s/OutKast - Prototype [Speakerboxxx _ The Love Below].mp3,,324000,Music,,10000,0,20000,0,320,Unknown,2003,1.0,5:24
"India.Arie - Video (single version) [Bravo Black Hits, Vol. 5]","Z:/Throwbacks 90s2000s/India.Arie - Video (single version) [Bravo Black Hits, Vol. 5].mp3",,224000,Music,,10000,0,20000,0,320,Unknown,2001,1.0,3:44
Musiq Soulchild - Sobeautiful [Onmyradio],Z:/Throwbacks 90s2000s/Musiq Soulchild - Sobeautiful [Onmyradio].mp3,,291000,Music,,10000,0,20000,0,320,Unknown,2008,1.0,4:51
Fantasia - Truth Is [Free Yourself],Z:/Throwbacks 90s2000s/Fantasia - Truth Is [Free Yourself].mp3,,230000,Music,,10000,0,20000,0,320,Unknown,2004,1.0,3:50
"James Brown & The Famous Flames - Please, Please, Please (single version) [The Singles Vol. 1_ 1956–1960 The Federal Years]","Z:/Throwbacks 90s2000s/James Brown & The Famous Flames - Please, Please, Please (single version) [The Singles Vol. 1_ 1956–1960 The Federal Years].mp3",,163000,Music,,10000,0,20000,0,320,Unknown,2006,1.0,2:43
Ben E. King - Spanish Harlem [The Very Best of Ben E. King],Z:/Throwbacks 90s2000s/Ben E. King - Spanish Harlem [The Very Best of Ben E. King].mp3,,172000,Music,,10000,0,20000,0,320,Unknown,1998,1.0,2:52
Tweet - Beautiful [Southern Hummingbird],Z:/Throwbacks 90s2000s/Tweet - Beautiful [Southern Hummingbird].mp3,,245000,Music,,10000,0,20000,0,320,Unknown,2002,1.0,4:05
The‐Dream - Falsetto [Love_Hate],Z:/Throwbacks 90s2000s/The‐Dream - Falsetto [Love_Hate].mp3,,271000,Music,,10000,0,20000,0,320,Unknown,2007,1.0,4:31
Chris Brown featuring Bow Wow & Jermaine Dupri - Run It! (remix) [Chris Brown],Z:/Throwbacks 90s2000s/Chris Brown featuring Bow Wow & Jermaine Dupri - Run It! (remix) [Chris Brown].mp3,,250000,Music,,10000,0,20000,0,320,Unknown,2006,1.0,4:10
Joe - If I Was Your Man [Ain’t Nothin’ Like Me],Z:/Throwbacks 90s2000s/Joe - If I Was Your Man [Ain’t Nothin’ Like Me].mp3,,239000,Music,,10000,0,20000,0,320,Unknown,2007,1.0,3:59
Aaliyah - Come Over [I Care 4 U],Z:/Throwbacks 90s2000s/Aaliyah - Come Over [I Care 4 U].mp3,,235000,Music,90's/2000's Throwbacks,10000,0,20000,0,320,Unknown,2021,1.0,3:55
Tamia - Stranger in My House [A Nu Day],Z:/Throwbacks 90s2000s/Tamia - Stranger in My House [A Nu Day].mp3,,285000,Music,,10000,0,20000,0,320,Unknown,2000,1.0,4:45
Usher - Trading Places [Here I Stand],Z:/Throwbacks 90s2000s/Usher - Trading Places [Here I Stand].mp3,,267000,Music,,10000,0,20000,0,320,Unknown,2008,1.0,4:27
Jaheim - Looking for Love [Ghetto Love],Z:/Throwbacks 90s2000s/Jaheim - Looking for Love [Ghetto Love].mp3,,236000,Music,,10000,0,20000,0,320,Unknown,2008,1.0,3:56
Foxy Brown feat. Blackstreet - Get Me Home [Ill Na Na],Z:/Throwbacks 90s2000s/Foxy Brown feat. Blackstreet - Get Me Home [Ill Na Na].mp3,,229000,Music,,10000,0,20000,0,320,Unknown,1996,1.0,3:49
The Isley Brothers - Busted (feat. Ronald Isley & JS) [Body Kiss],Z:/Throwbacks 90s2000s/The Isley Brothers - Busted (feat. Ronald Isley & JS) [Body Kiss].mp3,,328000,Music,,10000,0,20000,0,320,Unknown,2009,1.0,5:28
Justin Timberlake - Cry Me a River [Justified],Z:/Throwbacks 90s2000s/Justin Timberlake - Cry Me a River [Justified].mp3,,290000,Music,,10000,0,20000,0,320,Unknown,2002,1.0,4:50
Lloyd - Valentine [Street Love],Z:/Throwbacks 90s2000s/Lloyd - Valentine [Street Love].mp3,,274000,Music,,10000,0,20000,0,320,Unknown,2007,1.0,4:34
Dwele - Continued _ Holla [Some Kinda…],Z:/Throwbacks 90s2000s/Dwele - Continued _ Holla [Some Kinda…].mp3,,310000,Music,,10000,0,20000,0,320,Unknown,2005,1.0,5:10
Maxwell - Bad Habits [BLACKsummers’night],Z:/Throwbacks 90s2000s/Maxwell - Bad Habits [BLACKsummers’night].mp3,,352000,Music,,10000,0,20000,0,320,Unknown,2009,1.0,5:52
Trey Songz - Gotta Go [My Sex Room],Z:/Throwbacks 90s2000s/Trey Songz - Gotta Go [My Sex Room].mp3,,208000,Music,,10000,0,20000,0,320,Unknown,2010,1.0,3:28
Justin Timberlake - Lovestoned _ I Think She Knows Me Interlude [Future POP],Z:/Throwbacks 90s2000s/Justin Timberlake - Lovestoned _ I Think She Knows Me Interlude [Future POP].mp3,,327000,Music,,10000,0,20000,0,320,Unknown,2008,1.0,5:27
D’Angelo - Send It On [Voodoo],Z:/Throwbacks 90s2000s/D’Angelo - Send It On [Voodoo].mp3,,356000,Music,,10000,0,20000,0,320,Unknown,2016,1.0,5:56
Omarion feat. Chris Brown & Jhené Aiko - Post To Be [Sex Playlist],Z:/Throwbacks 90s2000s/Omarion feat. Chris Brown & Jhené Aiko - Post To Be [Sex Playlist].mp3,,225000,Music,,10000,0,20000,0,320,Unknown,2014,1.0,3:45
Aretha Franklin - I Never Loved a Man (the Way I Love You) [I Never Loved a Man the Way I Love You],Z:/Throwbacks 90s2000s/Aretha Franklin - I Never Loved a Man (the Way I Love You) [I Never Loved a Man the Way I Love You].mp3,,171000,Music,,10000,0,20000,0,320,Unknown,1995,1.0,2:51
Keyshia Cole - I Remember [Just Like You],Z:/Throwbacks 90s2000s/Keyshia Cole - I Remember [Just Like You].mp3,,260000,Music,,10000,0,20000,0,320,Unknown,2007,1.0,4:20
Sammie - I Like It [From the Bottom to the Top],Z:/Throwbacks 90s2000s/Sammie - I Like It [From the Bottom to the Top].mp3,,251000,Music,,10000,0,20000,0,320,Unknown,2000,1.0,4:11
Bobby Valentino - My Angel (Never Leave You) [Bobby Valentino],Z:/Throwbacks 90s2000s/Bobby Valentino - My Angel (Never Leave You) [Bobby Valentino].mp3,,285000,Music,,10000,0,20000,0,320,Unknown,2005,1.0,4:45
Tweet - My Place [Southern Hummingbird],Z:/Throwbacks 90s2000s/Tweet - My Place [Southern Hummingbird].mp3,,264000,Music,,10000,0,20000,0,320,Unknown,2002,1.0,4:24
"Dionne Warwick - Don’t Make Me Over [Best of Oldies but Goodies, Volume 3]","Z:/Throwbacks 90s2000s/Dionne Warwick - Don’t Make Me Over [Best of Oldies but Goodies, Volume 3].mp3",,168000,Music,,10000,0,20000,0,320,Unknown,2005,1.0,2:48
Jazmine Sullivan - Bust Your Windows [Fearless],Z:/Throwbacks 90s2000s/Jazmine Sullivan - Bust Your Windows [Fearless].mp3,,266000,Music,,10000,0,20000,0,320,Unknown,2008,1.0,4:26
The Soul Clan - That’s How It Feels [Atlantic Gold_ 100 Soul Classics],Z:/Throwbacks 90s2000s/The Soul Clan - That’s How It Feels [Atlantic Gold_ 100 Soul Classics].mp3,,213000,Music,,10000,0,20000,0,320,Unknown,2009,1.0,3:33
Bow Wow feat. Chris Brown - Shortie Like Mine [The Price of Fame],Z:/Throwbacks 90s2000s/Bow Wow feat. Chris Brown - Shortie Like Mine [The Price of Fame].mp3,,268000,Music,,10000,0,20000,0,320,Unknown,2006,1.0,4:28
Mario - How Could You [Turning Point],Z:/Throwbacks 90s2000s/Mario - How Could You [Turning Point].mp3,,237000,Music,,10000,0,20000,0,320,Unknown,2005,1.0,3:57
Nelly featuring Justin Timberlake - Work It [Nellyville],Z:/Throwbacks 90s2000s/Nelly featuring Justin Timberlake - Work It [Nellyville].mp3,,262000,Music,,10000,0,20000,0,320,Unknown,2002,1.0,4:22
Marvin Gaye - How Sweet It Is (To Be Loved by You) [The Very Best of Marvin Gaye],Z:/Throwbacks 90s2000s/Marvin Gaye - How Sweet It Is (To Be Loved by You) [The Very Best of Marvin Gaye].mp3,,175000,Music,,10000,0,20000,0,320,Unknown,1994,1.0,2:55
Ne‐Yo feat. Peedi Peedi - Stay [In My Own Words],Z:/Throwbacks 90s2000s/Ne‐Yo feat. Peedi Peedi - Stay [In My Own Words].mp3,,232000,Music,,10000,0,20000,0,320,Unknown,2006,1.0,3:52
"Lumidee - Never Leave You (Uh Oooh, Uh Oooh) [Almost Famous]","Z:/Throwbacks 90s2000s/Lumidee - Never Leave You (Uh Oooh, Uh Oooh) [Almost Famous].mp3",,237000,Music,,10000,0,20000,0,320,Unknown,2022,1.0,3:57
Akon feat. Snoop Dogg - I Wanna Love You [Konvicted],Z:/Throwbacks 90s2000s/Akon feat. Snoop Dogg - I Wanna Love You [Konvicted].mp3,,247000,Music,90's/2000's Throwbacks,10000,0,20000,0,320,Unknown,2006,1.0,4:07
Mario Winans feat. Enya & P. Diddy - I Don't Wanna Know [Hurt No More],Z:/Throwbacks 90s2000s/Mario Winans feat. Enya & P. Diddy - I Don't Wanna Know [Hurt No More].mp3,,253000,Music,,10000,0,20000,0,320,Unknown,2004,1.0,4:13
Ne‐Yo - Make It Work [Because of You],Z:/Throwbacks 90s2000s/Ne‐Yo - Make It Work [Because of You].mp3,,248000,Music,,10000,0,20000,0,320,Unknown,2007,1.0,4:08
"Usher feat. Beyoncé & Lil’ Wayne - Love in This Club, Pt. II [Here I Stand]","Z:/Throwbacks 90s2000s/Usher feat. Beyoncé & Lil’ Wayne - Love in This Club, Pt. II [Here I Stand].mp3",,309000,Music,,10000,0,20000,0,320,Unknown,2008,1.0,5:09
Kenny Lattimore & Chanté Moore - Things That Lovers Do [Things That Lovers Do],Z:/Throwbacks 90s2000s/Kenny Lattimore & Chanté Moore - Things That Lovers Do [Things That Lovers Do].mp3,,274000,Music,,10000,0,20000,0,320,Unknown,2003,1.0,4:34
Sisqó - Thong Song [Unleash the Dragon],Z:/Throwbacks 90s2000s/Sisqó - Thong Song [Unleash the Dragon].mp3,,253000,Music,,10000,0,20000,0,320,Unknown,1999,1.0,4:13
Mariah Carey - Touch My Body [E=MC²],Z:/Throwbacks 90s2000s/Mariah Carey - Touch My Body [E=MC²].mp3,,203000,Music,,10000,0,20000,0,320,Unknown,2008,1.0,3:23
Omarion - Ice Box [21],Z:/Throwbacks 90s2000s/Omarion - Ice Box [21].mp3,,256000,Music,,10000,0,20000,0,320,Unknown,2006,1.0,4:16
Christina Milian - When You Look at Me [Christina Milian],Z:/Throwbacks 90s2000s/Christina Milian - When You Look at Me [Christina Milian].mp3,,221000,Music,,10000,0,20000,0,320,Unknown,2002,1.0,3:41
"Jill Scott - The Way [Who Is Jill Scott_ Words and Sounds, Vol. 1]","Z:/Throwbacks 90s2000s/Jill Scott - The Way [Who Is Jill Scott_ Words and Sounds, Vol. 1].mp3",,255000,Music,,10000,0,20000,0,320,Unknown,2000,1.0,4:15
Monica - So Gone (album version) [So Gone],Z:/Throwbacks 90s2000s/Monica - So Gone (album version) [So Gone].mp3,,240000,Music,,10000,0,20000,0,320,Unknown,2003,1.0,4:00
"Lumidee - Never Leave You (Uh Oooh, Uh Oooh) (Uh Oooh Remix) (feat. Busta Rhymes & Fabolous) [Almost Famous]","Z:/Throwbacks 90s2000s/Lumidee - Never Leave You (Uh Oooh, Uh Oooh) (Uh Oooh Remix) (feat. Busta Rhymes & Fabolous) [Almost Famous].mp3",,203000,Music,,10000,0,20000,0,320,Unknown,2003,1.0,3:23
Erick Sermon - Music (album version) [Music],Z:/Throwbacks 90s2000s/Erick Sermon - Music (album version) [Music].mp3,,223000,Music,,10000,0,20000,0,320,Unknown,2001,1.0,3:43
The Foreign Exchange - I Wanna Know [Leave It All Behind],Z:/Throwbacks 90s2000s/The Foreign Exchange - I Wanna Know [Leave It All Behind].mp3,,309000,Music,,10000,0,20000,0,320,Unknown,2009,1.0,5:09
Kanye West feat. Syleena Johnson - All Falls Down [The College Dropout],Z:/Throwbacks 90s2000s/Kanye West feat. Syleena Johnson - All Falls Down [The College Dropout].mp3,,218000,Music,,10000,0,20000,0,320,Unknown,2004,1.0,3:38
The Valentinos - It’s All Over Now [Sam Cooke’s SAR Records Story],Z:/Throwbacks 90s2000s/The Valentinos - It’s All Over Now [Sam Cooke’s SAR Records Story].mp3,,171000,Music,,10000,0,20000,0,320,Unknown,1994,1.0,2:51
Slim feat. Yung Joc - So Fly [Love’s Crazy],Z:/Throwbacks 90s2000s/Slim feat. Yung Joc - So Fly [Love’s Crazy].mp3,,212000,Music,,10000,0,20000,0,320,Unknown,2008,1.0,3:32
Mario - How Do I Breathe [Go],Z:/Throwbacks 90s2000s/Mario - How Do I Breathe [Go].mp3,,214000,Music,,10000,0,20000,0,320,Unknown,2007,1.0,3:34
Usher - Seduction [Confessions],Z:/Throwbacks 90s2000s/Usher - Seduction [Confessions].mp3,,273000,Music,,10000,0,20000,0,320,Unknown,2004,1.0,4:33
Ashanti - Foolish [Ashanti],Z:/Throwbacks 90s2000s/Ashanti - Foolish [Ashanti].mp3,,226000,Music,,10000,0,20000,0,320,Unknown,2002,1.0,3:46
Carl Thomas feat. LL Cool J - She Is [Let's Talk About It],Z:/Throwbacks 90s2000s/Carl Thomas feat. LL Cool J - She Is [Let's Talk About It].mp3,,258000,Music,,10000,0,20000,0,320,Unknown,2004,1.0,4:18
Case - Conversate [Open Letter],Z:/Throwbacks 90s2000s/Case - Conversate [Open Letter].mp3,,267000,Music,,10000,0,20000,0,320,Unknown,2018,1.0,4:27
Ashanti - Unfoolish [Ashanti],Z:/Throwbacks 90s2000s/Ashanti - Unfoolish [Ashanti].mp3,,193000,Music,,10000,0,20000,0,320,Unknown,2002,1.0,3:13
Trey Songz - Successful (with Drake) (feat. Drake) [Ready (Deluxe)],Z:/Throwbacks 90s2000s/Trey Songz - Successful (with Drake) (feat. Drake) [Ready (Deluxe)].mp3,,286000,Music,,10000,0,20000,0,320,Unknown,2009,1.0,4:46
Anthony David - Something About You [Soul Lounge 5],Z:/Throwbacks 90s2000s/Anthony David - Something About You [Soul Lounge 5].mp3,,232000,Music,,10000,0,20000,0,320,Unknown,2008,1.0,3:52
Bow Wow & Omarion - Girlfriend [Face Off],Z:/Throwbacks 90s2000s/Bow Wow & Omarion - Girlfriend [Face Off].mp3,,288000,Music,,10000,0,20000,0,320,Unknown,2007,1.0,4:48
Ne‐Yo - Because of You [Because of You],Z:/Throwbacks 90s2000s/Ne‐Yo - Because of You [Because of You].mp3,,265000,Music,,10000,0,20000,0,320,Unknown,2007,1.0,4:25
D’Angelo - Brown Sugar [Brown Sugar],Z:/Throwbacks 90s2000s/D’Angelo - Brown Sugar [Brown Sugar].mp3,,262000,Music,,10000,0,20000,0,320,Unknown,2017,1.0,4:22
Maxwell - Lifetime [Now],Z:/Throwbacks 90s2000s/Maxwell - Lifetime [Now].mp3,,329000,Music,,10000,0,20000,0,320,Unknown,2001,1.0,5:29
Usher - Bad Girl [Confessions (20th anniversary edition)],Z:/Throwbacks 90s2000s/Usher - Bad Girl [Confessions (20th anniversary edition)].mp3,,261000,Music,,10000,0,20000,0,320,Unknown,2024,1.0,4:21
Blu Cantrell - Hit ’Em Up Style (Oops!) [Bittersweet],Z:/Throwbacks 90s2000s/Blu Cantrell - Hit ’Em Up Style (Oops!) [Bittersweet].mp3,,248000,Music,,10000,0,20000,0,320,Unknown,2003,1.0,4:08
"The Dells - Oh, What a Night [A Complete Introduction to Chess]","Z:/Throwbacks 90s2000s/The Dells - Oh, What a Night [A Complete Introduction to Chess].mp3",,246000,Music,,10000,0,20000,0,320,Unknown,2010,1.0,4:06
J. Holiday - Run Into My Arms [Round 2],Z:/Throwbacks 90s2000s/J. Holiday - Run Into My Arms [Round 2].mp3,,244000,Music,,10000,0,20000,0,320,Unknown,2009,1.0,4:04
Avant - 4 Minutes [Director],Z:/Throwbacks 90s2000s/Avant - 4 Minutes [Director].mp3,,240000,Music,,10000,0,20000,0,320,Unknown,2006,1.0,4:00
The‐Dream - I Luv Your Girl [Love_Hate],Z:/Throwbacks 90s2000s/The‐Dream - I Luv Your Girl [Love_Hate].mp3,,267000,Music,,10000,0,20000,0,320,Unknown,2007,1.0,4:27
Usher - Here I Stand [Here I Stand],Z:/Throwbacks 90s2000s/Usher - Here I Stand [Here I Stand].mp3,,251000,Music,,10000,0,20000,0,320,Unknown,2008,1.0,4:11
Ledisi - Alright [Lost & Found],Z:/Throwbacks 90s2000s/Ledisi - Alright [Lost & Found].mp3,,280000,Music,,10000,0,20000,0,320,Unknown,2007,1.0,4:40
Michael Jackson - Remember the Time [Dangerous],Z:/Throwbacks 90s2000s/Michael Jackson - Remember the Time [Dangerous].mp3,,239000,Music,,10000,0,20000,0,320,Unknown,2015,1.0,3:59
Keyshia Cole feat. Diddy - Last Night [Just Like You],Z:/Throwbacks 90s2000s/Keyshia Cole feat. Diddy - Last Night [Just Like You].mp3,,263000,Music,,10000,0,20000,0,320,Unknown,2007,1.0,4:23
Carl Thomas - Summer Rain [Emotional],Z:/Throwbacks 90s2000s/Carl Thomas - Summer Rain [Emotional].mp3,,266000,Music,,10000,0,20000,0,320,Unknown,2019,1.0,4:26
Whitney Houston - I Look to You [I Look to You],Z:/Throwbacks 90s2000s/Whitney Houston - I Look to You [I Look to You].mp3,,266000,Music,,10000,0,20000,0,320,Unknown,2009,1.0,4:26
Jr. Walker & the All Stars - Shotgun [Soul Decade ; The Sixties],Z:/Throwbacks 90s2000s/Jr. Walker & the All Stars - Shotgun [Soul Decade ; The Sixties].mp3,,184000,Music,,10000,0,20000,0,320,Unknown,1990,1.0,3:04
Aaliyah - Are You That Somebody [I Care 4 U],Z:/Throwbacks 90s2000s/Aaliyah - Are You That Somebody [I Care 4 U].mp3,,263000,Music,90's/2000's Throwbacks,10000,0,20000,0,320,Unknown,2021,1.0,4:23
50 Cent feat. Olivia - Candy Shop [The Massacre],Z:/Throwbacks 90s2000s/50 Cent feat. Olivia - Candy Shop [The Massacre].mp3,,201000,Music,90's/2000's Throwbacks,4736,72838,181553,131,320,Unknown,2005,1.0,3:21
Tamia - Can’t Get Enough [Between Friends],Z:/Throwbacks 90s2000s/Tamia - Can’t Get Enough [Between Friends].mp3,,229000,Music,,10000,0,20000,0,320,Unknown,2006,1.0,3:49
Chris Brown - Wall to Wall [Exclusive],Z:/Throwbacks 90s2000s/Chris Brown - Wall to Wall [Exclusive].mp3,,223000,Music,,10000,0,20000,0,320,Unknown,2007,1.0,3:43
Dr. Dre feat. Eminem - Forgot About Dre [2001],Z:/Throwbacks 90s2000s/Dr. Dre feat. Eminem - Forgot About Dre [2001].mp3,,222000,Music,,10000,0,20000,0,320,Unknown,2008,1.0,3:42
Babyface - There She Goes (Radio Edit) [Love Melodies The Greatest Songbook - Babyface CD2],Z:/Throwbacks 90s2000s/Babyface - There She Goes (Radio Edit) [Love Melodies The Greatest Songbook - Babyface CD2].mp3,,236000,Music,,10000,0,20000,0,320,Unknown,2003,1.0,3:56
Gladys Knight & the Pips - Neither One of Us (Wants to Be the First to Say Goodbye) [The Ultimate Collection],Z:/Throwbacks 90s2000s/Gladys Knight & the Pips - Neither One of Us (Wants to Be the First to Say Goodbye) [The Ultimate Collection].mp3,,259000,Music,,10000,0,20000,0,320,Unknown,1997,1.0,4:19
Anthony Hamilton - Never Love Again [Ain’t Nobody Worryin’],Z:/Throwbacks 90s2000s/Anthony Hamilton - Never Love Again [Ain’t Nobody Worryin’].mp3,,279000,Music,,10000,0,20000,0,320,Unknown,2005,1.0,4:39
Rihanna feat. Ne‐Yo - Hate That I Love You [Good Girl Gone Bad],Z:/Throwbacks 90s2000s/Rihanna feat. Ne‐Yo - Hate That I Love You [Good Girl Gone Bad].mp3,,218000,Music,,10000,0,20000,0,320,Unknown,2007,1.0,3:38
Menace to Society - We Ride [Pure & Uncut],Z:/Throwbacks 90s2000s/Menace to Society - We Ride [Pure & Uncut].mp3,,259000,Music,,10000,0,20000,0,320,Unknown,2009,1.0,4:19
Case - Not Your Friend [Open Letter],Z:/Throwbacks 90s2000s/Case - Not Your Friend [Open Letter].mp3,,230000,Music,,10000,0,20000,0,320,Unknown,2009,1.0,3:50
Jaheim - Ghetto Love [Ghetto Love],Z:/Throwbacks 90s2000s/Jaheim - Ghetto Love [Ghetto Love].mp3,,263000,Music,,10000,0,20000,0,320,Unknown,2001,1.0,4:23
Janet - Together Again [The Velvet Rope],Z:/Throwbacks 90s2000s/Janet - Together Again [The Velvet Rope].mp3,,301000,Music,,10000,0,20000,0,320,Unknown,1997,1.0,5:01
Beyoncé feat. Jay Z - Drunk in Love [BEYONCÉ],Z:/Throwbacks 90s2000s/Beyoncé feat. Jay Z - Drunk in Love [BEYONCÉ].mp3,,323000,Music,,10000,0,20000,0,320,Unknown,2013,1.0,5:23
LL Cool J feat. Jennifer Lopez - All I Have [10],Z:/Throwbacks 90s2000s/LL Cool J feat. Jennifer Lopez - All I Have [10].mp3,,258000,Music,,10000,0,20000,0,320,Unknown,2003,1.0,4:18
Raheem DeVaughn - You [The Love Experience],Z:/Throwbacks 90s2000s/Raheem DeVaughn - You [The Love Experience].mp3,,227000,Music,,10000,0,20000,0,320,Unknown,2009,1.0,3:47
Danny Boy - So In Love [It’s About Time],Z:/Throwbacks 90s2000s/Danny Boy - So In Love [It’s About Time].mp3,,238000,Music,,10000,0,20000,0,320,Unknown,2010,1.0,3:58
Ashanti - Happy [Ashanti],Z:/Throwbacks 90s2000s/Ashanti - Happy [Ashanti].mp3,,259000,Music,,10000,0,20000,0,320,Unknown,2002,1.0,4:19
Amel Larrieux - For Real [Bravebird],Z:/Throwbacks 90s2000s/Amel Larrieux - For Real [Bravebird].mp3,,222000,Music,,10000,0,20000,0,320,Unknown,2004,1.0,3:42
Aaron Hall - All the Places (I Will Kiss You) [Inside of You],Z:/Throwbacks 90s2000s/Aaron Hall - All the Places (I Will Kiss You) [Inside of You].mp3,,240000,Music,90's/2000's Deepcuts,10000,0,20000,0,320,Unknown,1998,1.0,4:00
Timbaland feat. Keri Hilson & Sebastian - Miscommunication [Shock Value],Z:/Throwbacks 90s2000s/Timbaland feat. Keri Hilson & Sebastian - Miscommunication [Shock Value].mp3,,199000,Music,,10000,0,20000,0,320,Unknown,2018,1.0,3:19
Donell Jones - Knocks Me Off My Feet [My Heart],Z:/Throwbacks 90s2000s/Donell Jones - Knocks Me Off My Feet [My Heart].mp3,,222000,Music,,10000,0,20000,0,320,Unknown,1996,1.0,3:42
Destiny’s Child feat. T.I. & Lil Wayne - Soldier [Destiny Fulfilled],Z:/Throwbacks 90s2000s/Destiny’s Child feat. T.I. & Lil Wayne - Soldier [Destiny Fulfilled].mp3,,301000,Music,,10000,0,20000,0,320,Unknown,2001,1.0,5:01
Ne‐Yo - Mirror [In My Own Words],Z:/Throwbacks 90s2000s/Ne‐Yo - Mirror [In My Own Words].mp3,,228000,Music,,10000,0,20000,0,320,Unknown,2007,1.0,3:48
Justin Timberlake - Let’s Take a Ride [Justified],Z:/Throwbacks 90s2000s/Justin Timberlake - Let’s Take a Ride [Justified].mp3,,284000,Music,,10000,0,20000,0,320,Unknown,2002,1.0,4:44
Mario - Just a Friend 2002 [Mario],Z:/Throwbacks 90s2000s/Mario - Just a Friend 2002 [Mario].mp3,,214000,Music,,10000,0,20000,0,320,Unknown,2002,1.0,3:34
Gerald Levert - Closure [The G Spot],Z:/Throwbacks 90s2000s/Gerald Levert - Closure [The G Spot].mp3,,283000,Music,,10000,0,20000,0,320,Unknown,2002,1.0,4:43
T‐Pain feat. Yung Joc - Buy U a Drank (Shawty Snappin’) [Epiphany],Z:/Throwbacks 90s2000s/T‐Pain feat. Yung Joc - Buy U a Drank (Shawty Snappin’) [Epiphany].mp3,,227000,Music,,10000,0,20000,0,320,Unknown,2007,1.0,3:47
J‐Kwon - Tipsy [Bravo Hits 47],Z:/Throwbacks 90s2000s/J‐Kwon - Tipsy [Bravo Hits 47].mp3,,247000,Music,,10000,0,20000,0,320,Unknown,2004,1.0,4:07
Lee Dorsey - Working in the Coal Mine [Classic Rock_ 1966_ Shakin’ All Over],Z:/Throwbacks 90s2000s/Lee Dorsey - Working in the Coal Mine [Classic Rock_ 1966_ Shakin’ All Over].mp3,,174000,Music,,10000,0,20000,0,320,Unknown,1989,1.0,2:54
Ray J - One Wish [Raydiation],Z:/Throwbacks 90s2000s/Ray J - One Wish [Raydiation].mp3,,337000,Music,,10000,0,20000,0,320,Unknown,2005,1.0,5:37
Michael Jackson - You Rock My World (radio edit) [You Rock My World],Z:/Throwbacks 90s2000s/Michael Jackson - You Rock My World (radio edit) [You Rock My World].mp3,,265000,Music,,10000,0,20000,0,320,Unknown,2001,1.0,4:25
"Johnny Gill - My, My, My (single mix) [All the Number Ones]","Z:/Throwbacks 90s2000s/Johnny Gill - My, My, My (single mix) [All the Number Ones].mp3",,244000,Music,,10000,0,20000,0,320,Unknown,2000,1.0,4:04
TLC - Red Light Special [CrazySexyCool],Z:/Throwbacks 90s2000s/TLC - Red Light Special [CrazySexyCool].mp3,,303000,Music,,10000,0,20000,0,320,Unknown,2015,1.0,5:03
Bobby Valentino - Tell Me [Bobby Valentino],Z:/Throwbacks 90s2000s/Bobby Valentino - Tell Me [Bobby Valentino].mp3,,260000,Music,,10000,0,20000,0,320,Unknown,2005,1.0,4:20
Tevin Campbell - I'm Ready [100 Greatest Throwback Songs],Z:/Throwbacks 90s2000s/Tevin Campbell - I'm Ready [100 Greatest Throwback Songs].mp3,,286000,Music,,10000,0,20000,0,320,Unknown,2020,1.0,4:46
Kim Weston - Take Me in Your Arms (Rock Me a Little While) [Greatest Hits & Rare Classics],Z:/Throwbacks 90s2000s/Kim Weston - Take Me in Your Arms (Rock Me a Little While) [Greatest Hits & Rare Classics].mp3,,175000,Music,,10000,0,20000,0,320,Unknown,1991,1.0,2:55
Coolio - Gangsta’s Paradise [Gangsta’s Paradise],Z:/Throwbacks 90s2000s/Coolio - Gangsta’s Paradise [Gangsta’s Paradise].mp3,,239000,Music,,10000,0,20000,0,320,Unknown,1996,1.0,3:59
Beyoncé - I’d Rather Go Blind [Cadillac Records_ Music From the Motion Picture],Z:/Throwbacks 90s2000s/Beyoncé - I’d Rather Go Blind [Cadillac Records_ Music From the Motion Picture].mp3,,190000,Music,,10000,0,20000,0,320,Unknown,2008,1.0,3:10
Bow Wow feat. T‐Pain & Johntá Austin - Outta My System (album version) [Outta My System],Z:/Throwbacks 90s2000s/Bow Wow feat. T‐Pain & Johntá Austin - Outta My System (album version) [Outta My System].mp3,,233000,Music,,10000,0,20000,0,320,Unknown,2006,1.0,3:53
Pretty Ricky - Grind With Me [Bluestars],Z:/Throwbacks 90s2000s/Pretty Ricky - Grind With Me [Bluestars].mp3,,236000,Music,,10000,0,20000,0,320,Unknown,2005,1.0,3:56
Busta Rhymes and Mariah Carey feat. The Flipmode Squad - I Know What You Want (video) [I Know What You Want],Z:/Throwbacks 90s2000s/Busta Rhymes and Mariah Carey feat. The Flipmode Squad - I Know What You Want (video) [I Know What You Want].mp3,,318000,Music,,10000,0,20000,0,320,Unknown,2003,1.0,5:18
Beyoncé - Irreplaceable [B’Day],Z:/Throwbacks 90s2000s/Beyoncé - Irreplaceable [B’Day].mp3,,252000,Music,,10000,0,20000,0,320,Unknown,2007,1.0,4:12
Justin Timberlake - Still on My Brain [Justified],Z:/Throwbacks 90s2000s/Justin Timberlake - Still on My Brain [Justified].mp3,,275000,Music,,10000,0,20000,0,320,Unknown,2002,1.0,4:35
Musiq Soulchild - 143 [Aijuswanaseing],Z:/Throwbacks 90s2000s/Musiq Soulchild - 143 [Aijuswanaseing].mp3,,297000,Music,,10000,0,20000,0,320,Unknown,2008,1.0,4:57
Donell Jones - You Know That I Love You [Life Goes On],Z:/Throwbacks 90s2000s/Donell Jones - You Know That I Love You [Life Goes On].mp3,,260000,Music,,10000,0,20000,0,320,Unknown,2002,1.0,4:20
Cassie - Me&U [Cassie],Z:/Throwbacks 90s2000s/Cassie - Me&U [Cassie].mp3,,191000,Music,,10000,0,20000,0,320,Unknown,2006,1.0,3:11
India.Arie - The Truth [Voyage To India],Z:/Throwbacks 90s2000s/India.Arie - The Truth [Voyage To India].mp3,,218000,Music,,10000,0,20000,0,320,Unknown,2009,1.0,3:38
Erma Franklin - Piece of My Heart [Legacy's Rhythm & Soul Revue],Z:/Throwbacks 90s2000s/Erma Franklin - Piece of My Heart [Legacy's Rhythm & Soul Revue].mp3,,156000,Music,,10000,0,20000,0,320,Unknown,1995,1.0,2:36
Angie Stone - Brotha [Mahogany Soul],Z:/Throwbacks 90s2000s/Angie Stone - Brotha [Mahogany Soul].mp3,,238000,Music,,10000,0,20000,0,320,Unknown,2009,1.0,3:58
Alicia Keys - Un‐Thinkable (I’m Ready) [The Element of Freedom],Z:/Throwbacks 90s2000s/Alicia Keys - Un‐Thinkable (I’m Ready) [The Element of Freedom].mp3,,249000,Music,,10000,0,20000,0,320,Unknown,2009,1.0,4:09
Keyshia Cole - Love [The Way It Is],Z:/Throwbacks 90s2000s/Keyshia Cole - Love [The Way It Is].mp3,,253000,Music,,10000,0,20000,0,320,Unknown,2005,1.0,4:13
J Cole - Work Out [Cole World_ The Sideline Story],Z:/Throwbacks 90s2000s/J Cole - Work Out [Cole World_ The Sideline Story].mp3,,232000,Music,,10000,0,20000,0,320,Unknown,2011,1.0,3:52
Brandy duet with Monica - The Boy Is Mine [Never Say Never],Z:/Throwbacks 90s2000s/Brandy duet with Monica - The Boy Is Mine [Never Say Never].mp3,,294000,Music,,10000,0,20000,0,320,Unknown,1998,1.0,4:54
Jamie Foxx - Do What It Do [Unpredictable],Z:/Throwbacks 90s2000s/Jamie Foxx - Do What It Do [Unpredictable].mp3,,244000,Music,,10000,0,20000,0,320,Unknown,2005,1.0,4:04
The Isley Brothers - Voyage to Atlantis [Go for Your Guns],Z:/Throwbacks 90s2000s/The Isley Brothers - Voyage to Atlantis [Go for Your Guns].mp3,,272000,Music,,10000,0,20000,0,320,Unknown,2015,1.0,4:32
Musiq Soulchild - B.U.D.D.Y. [Luvanmusiq],Z:/Throwbacks 90s2000s/Musiq Soulchild - B.U.D.D.Y. [Luvanmusiq].mp3,,223000,Music,,10000,0,20000,0,320,Unknown,2007,1.0,3:43
J. Holiday - Bed [Back of My Lac'],Z:/Throwbacks 90s2000s/J. Holiday - Bed [Back of My Lac'].mp3,,275000,Music,,10000,0,20000,0,320,Unknown,2008,1.0,4:35
Missy Elliott feat. 702 & Magoo - Beep Me 911 [Respect M.E.],Z:/Throwbacks 90s2000s/Missy Elliott feat. 702 & Magoo - Beep Me 911 [Respect M.E.].mp3,,297000,Music,,10000,0,20000,0,320,Unknown,2017,1.0,4:57
SWV - Right Here (Human Nature) (radio mix) [Absolute Let's Dance Opus 3],Z:/Throwbacks 90s2000s/SWV - Right Here (Human Nature) (radio mix) [Absolute Let's Dance Opus 3].mp3,,222000,Music,,10000,0,20000,0,320,Unknown,1993,1.0,3:42
Usher - Superstar [Confessions],Z:/Throwbacks 90s2000s/Usher - Superstar [Confessions].mp3,,189000,Music,,10000,0,20000,0,320,Unknown,2004,1.0,3:09
Musiq Soulchild - Girl Next Door (feat. Ayana) [Aijuswannasing],Z:/Throwbacks 90s2000s/Musiq Soulchild - Girl Next Door (feat. Ayana) [Aijuswannasing].mp3,,260000,Music,,10000,0,20000,0,320,Unknown,2009,1.0,4:20
TLC - Diggin' On You [CrazySexyCool],Z:/Throwbacks 90s2000s/TLC - Diggin' On You [CrazySexyCool].mp3,,254000,Music,,10000,0,20000,0,320,Unknown,2015,1.0,4:14
Raheem DeVaughn - Believe [The Love Experience],Z:/Throwbacks 90s2000s/Raheem DeVaughn - Believe [The Love Experience].mp3,,312000,Music,,10000,0,20000,0,320,Unknown,2005,1.0,5:12
Mary J. Blige - Just Fine [Growing Pains],Z:/Throwbacks 90s2000s/Mary J. Blige - Just Fine [Growing Pains].mp3,,242000,Music,,10000,0,20000,0,320,Unknown,2007,1.0,4:02
Mary J. Blige - Be Without You [The Breakthrough],Z:/Throwbacks 90s2000s/Mary J. Blige - Be Without You [The Breakthrough].mp3,,246000,Music,,10000,0,20000,0,320,Unknown,2005,1.0,4:06
Donell Jones - Where I Wanna Be [Where I Wanna Be],Z:/Throwbacks 90s2000s/Donell Jones - Where I Wanna Be [Where I Wanna Be].mp3,,253000,Music,,10000,0,20000,0,320,Unknown,1999,1.0,4:13
Lil’ Mo feat. Fabolous - 4Ever [Meet the Girl Next Door],Z:/Throwbacks 90s2000s/Lil’ Mo feat. Fabolous - 4Ever [Meet the Girl Next Door].mp3,,280000,Music,,10000,0,20000,0,320,Unknown,2003,1.0,4:40
2Pac - Changes [Greatest Hits],Z:/Throwbacks 90s2000s/2Pac - Changes [Greatest Hits].mp3,,267000,Music,90's/2000's Throwbacks,15549,59560,250907,111,320,Unknown,1998,1.0,4:27
Erykah Badu - Back in the Day (Puff) [Worldwide Underground],Z:/Throwbacks 90s2000s/Erykah Badu - Back in the Day (Puff) [Worldwide Underground].mp3,,286000,Music,,10000,0,20000,0,320,Unknown,2003,1.0,4:46
"P. Diddy feat. Loon & Usher - I Need a Girl, Pt. 1 [Bad Boy’s R&B Hits]","Z:/Throwbacks 90s2000s/P. Diddy feat. Loon & Usher - I Need a Girl, Pt. 1 [Bad Boy’s R&B Hits].mp3",,268000,Music,,10000,0,20000,0,320,Unknown,2004,1.0,4:28
Blackstreet feat. Dr. Dre - No Diggity [Another Level],Z:/Throwbacks 90s2000s/Blackstreet feat. Dr. Dre - No Diggity [Another Level].mp3,,304000,Music,,10000,0,20000,0,320,Unknown,2018,1.0,5:04
Brandy - Almost Doesn’t Count [The Best of Brandy],Z:/Throwbacks 90s2000s/Brandy - Almost Doesn’t Count [The Best of Brandy].mp3,,218000,Music,,10000,0,20000,0,320,Unknown,2005,1.0,3:38
"Charlie Wilson - Magic [Charlie, Last Name Wilson]","Z:/Throwbacks 90s2000s/Charlie Wilson - Magic [Charlie, Last Name Wilson].mp3",,210000,Music,,10000,0,20000,0,320,Unknown,2005,1.0,3:30
112 - Peaches & Cream [Part III],Z:/Throwbacks 90s2000s/112 - Peaches & Cream [Part III].mp3,,193000,Music,90's/2000's Throwbacks,16346,73397,170332,102,320,Unknown,2001,1.0,3:13
Nivea - Laundromat (Radio Edit) [Nivea],Z:/Throwbacks 90s2000s/Nivea - Laundromat (Radio Edit) [Nivea].mp3,,263000,Music,,10000,0,20000,0,320,Unknown,2025,1.0,4:23
Stevie Wonder - Blowin' in the Wind [The Definitive Collection],Z:/Throwbacks 90s2000s/Stevie Wonder - Blowin' in the Wind [The Definitive Collection].mp3,,185000,Music,,10000,0,20000,0,320,Unknown,2002,1.0,3:05
The‐Dream - Rockin’ That Shit [Love Vs Money],Z:/Throwbacks 90s2000s/The‐Dream - Rockin’ That Shit [Love Vs Money].mp3,,221000,Music,,10000,0,20000,0,320,Unknown,2020,1.0,3:41
Usher - That’s What It’s Made For [Confessions],Z:/Throwbacks 90s2000s/Usher - That’s What It’s Made For [Confessions].mp3,,278000,Music,,10000,0,20000,0,320,Unknown,2004,1.0,4:38
Musiq - Halfcrazy [Juslisen],Z:/Throwbacks 90s2000s/Musiq - Halfcrazy [Juslisen].mp3,,248000,Music,,10000,0,20000,0,320,Unknown,2008,1.0,4:08
Eve - Tambourine [Tambourine],Z:/Throwbacks 90s2000s/Eve - Tambourine [Tambourine].mp3,,191000,Music,,10000,0,20000,0,320,Unknown,2007,1.0,3:11
Lloyd feat. Lil Wayne - Girls Around the World [Lessons in Love],Z:/Throwbacks 90s2000s/Lloyd feat. Lil Wayne - Girls Around the World [Lessons in Love].mp3,,245000,Music,,10000,0,20000,0,320,Unknown,2008,1.0,4:05
Cassidy feat. R. Kelly - Hotel [Split Personality],Z:/Throwbacks 90s2000s/Cassidy feat. R. Kelly - Hotel [Split Personality].mp3,,246000,Music,,10000,0,20000,0,320,Unknown,2004,1.0,4:06
Deon Jackson - Love Makes the World Go ’Round [Tonight’s The Night],Z:/Throwbacks 90s2000s/Deon Jackson - Love Makes the World Go ’Round [Tonight’s The Night].mp3,,148000,Music,,10000,0,20000,0,320,Unknown,1989,1.0,2:28
Goapele - Closer [Honey_ Music From & Inspired By The Motion Picture],Z:/Throwbacks 90s2000s/Goapele - Closer [Honey_ Music From & Inspired By The Motion Picture].mp3,,230000,Music,,10000,0,20000,0,320,Unknown,2011,1.0,3:50
Luther Vandross - Take You Out [The Music of Luther Vandross],Z:/Throwbacks 90s2000s/Luther Vandross - Take You Out [The Music of Luther Vandross].mp3,,226000,Music,,10000,0,20000,0,320,Unknown,2009,1.0,3:46
Ne‐Yo - Sex With My Ex [Because of You],Z:/Throwbacks 90s2000s/Ne‐Yo - Sex With My Ex [Because of You].mp3,,219000,Music,,10000,0,20000,0,320,Unknown,2007,1.0,3:39
Charlie Wilson - There Goes My Baby [Uncle Charlie],Z:/Throwbacks 90s2000s/Charlie Wilson - There Goes My Baby [Uncle Charlie].mp3,,207000,Music,,10000,0,20000,0,320,Unknown,2009,1.0,3:27
The Isley Brothers - What Would You Do_ (feat. Ronald Isley) [Body Kiss],Z:/Throwbacks 90s2000s/The Isley Brothers - What Would You Do_ (feat. Ronald Isley) [Body Kiss].mp3,,250000,Music,,10000,0,20000,0,320,Unknown,2009,1.0,4:10
Seven Days - Angel [Hundred Miles Away],Z:/Throwbacks 90s2000s/Seven Days - Angel [Hundred Miles Away].mp3,,195000,Music,,10000,0,20000,0,320,Unknown,2010,1.0,3:15
Danny Boy - Special Kind of Fool [Death Row Revue],Z:/Throwbacks 90s2000s/Danny Boy - Special Kind of Fool [Death Row Revue].mp3,,336000,Music,,10000,0,20000,0,320,Unknown,2025,1.0,5:36
Jaheim feat. Tha’ Rayne - Fabulous [Still Ghetto],Z:/Throwbacks 90s2000s/Jaheim feat. Tha’ Rayne - Fabulous [Still Ghetto].mp3,,227000,Music,,10000,0,20000,0,320,Unknown,2002,1.0,3:47
Ginuwine - Love You More [The Senior],Z:/Throwbacks 90s2000s/Ginuwine - Love You More [The Senior].mp3,,241000,Music,,10000,0,20000,0,320,Unknown,2003,1.0,4:01
D’Angelo - Cruisin' [The Best So Far],Z:/Throwbacks 90s2000s/D’Angelo - Cruisin' [The Best So Far].mp3,,238000,Music,,10000,0,20000,0,320,Unknown,2008,1.0,3:58
Raheem DeVaughn feat. R Kelly - Customer Remix [Love Behind the Melody],Z:/Throwbacks 90s2000s/Raheem DeVaughn feat. R Kelly - Customer Remix [Love Behind the Melody].mp3,,241000,Music,,10000,0,20000,0,320,Unknown,2008,1.0,4:01
Bow Wow feat. Ciara - Like You [Wanted],Z:/Throwbacks 90s2000s/Bow Wow feat. Ciara - Like You [Wanted].mp3,,199000,Music,,10000,0,20000,0,320,Unknown,2005,1.0,3:19
"R. Kelly - Ignition (remix) [Touch My Soul, Vol. 24]","Z:/Throwbacks 90s2000s/R. Kelly - Ignition (remix) [Touch My Soul, Vol. 24].mp3",,184000,Music,,10000,0,20000,0,320,Unknown,2003,1.0,3:04
Brian McKnight - Find Myself in You [Ten],Z:/Throwbacks 90s2000s/Brian McKnight - Find Myself in You [Ten].mp3,,253000,Music,,10000,0,20000,0,320,Unknown,2007,1.0,4:13
Wayne Wonder - No Letting Go [No Holding Back],Z:/Throwbacks 90s2000s/Wayne Wonder - No Letting Go [No Holding Back].mp3,,202000,Music,,10000,0,20000,0,320,Unknown,2014,1.0,3:22
SWV - I’m So Into You [It’s About Time],Z:/Throwbacks 90s2000s/SWV - I’m So Into You [It’s About Time].mp3,,278000,Music,,10000,0,20000,0,320,Unknown,2017,1.0,4:38
Kelis featuring André 3000 - Millionaire [Tasty],Z:/Throwbacks 90s2000s/Kelis featuring André 3000 - Millionaire [Tasty].mp3,,224000,Music,,10000,0,20000,0,320,Unknown,2003,1.0,3:44
Brandy - Baby [The Best of Brandy],Z:/Throwbacks 90s2000s/Brandy - Baby [The Best of Brandy].mp3,,261000,Music,,10000,0,20000,0,320,Unknown,2005,1.0,4:21
Raphael Saadiq - Blind Man [Instant Vintage],Z:/Throwbacks 90s2000s/Raphael Saadiq - Blind Man [Instant Vintage].mp3,,276000,Music,,10000,0,20000,0,320,Unknown,2018,1.0,4:36
Walter Jackson - It's All Over [The Best of Walter Jackson_ Welcome Home - The OKeh Years],Z:/Throwbacks 90s2000s/Walter Jackson - It's All Over [The Best of Walter Jackson_ Welcome Home - The OKeh Years].mp3,,176000,Music,,10000,0,20000,0,320,Unknown,1996,1.0,2:56
Ne‐Yo - Part of the List [Year of the Gentleman (Bonus Track Version)],Z:/Throwbacks 90s2000s/Ne‐Yo - Part of the List [Year of the Gentleman (Bonus Track Version)].mp3,,249000,Music,,10000,0,20000,0,320,Unknown,2008,1.0,4:09
Tamia & Fabolous - Into You [More],Z:/Throwbacks 90s2000s/Tamia & Fabolous - Into You [More].mp3,,292000,Music,,10000,0,20000,0,320,Unknown,2004,1.0,4:52
Barbara Acklin - Love Makes a Woman [20 Greatest Hits],Z:/Throwbacks 90s2000s/Barbara Acklin - Love Makes a Woman [20 Greatest Hits].mp3,,176000,Music,,10000,0,20000,0,320,Unknown,2002,1.0,2:56
"The Dynamics - Ice Cream Song [Beg, Scream & Shout! The Big Ol’ Box of ’60s Soul]","Z:/Throwbacks 90s2000s/The Dynamics - Ice Cream Song [Beg, Scream & Shout! The Big Ol’ Box of ’60s Soul].mp3",,198000,Music,,10000,0,20000,0,320,Unknown,1997,1.0,3:18
Keyshia Cole - Heaven Sent [Just Like You],Z:/Throwbacks 90s2000s/Keyshia Cole - Heaven Sent [Just Like You].mp3,,236000,Music,,10000,0,20000,0,320,Unknown,2007,1.0,3:56
Lloyd - Get It Shawty [Street Love],Z:/Throwbacks 90s2000s/Lloyd - Get It Shawty [Street Love].mp3,,209000,Music,,10000,0,20000,0,320,Unknown,2007,1.0,3:29
Bobby Caldwell - What You Won’t Do for Love [What You Won’t Do for Love],Z:/Throwbacks 90s2000s/Bobby Caldwell - What You Won’t Do for Love [What You Won’t Do for Love].mp3,,286000,Music,,10000,0,20000,0,320,Unknown,1991,1.0,4:46
Ginuwine - Pony (single version) [R&B Solid Gold],Z:/Throwbacks 90s2000s/Ginuwine - Pony (single version) [R&B Solid Gold].mp3,,251000,Music,,10000,0,20000,0,320,Unknown,2017,1.0,4:11
Ludacris feat. Miguel - Good Lovin [Ludaversal],Z:/Throwbacks 90s2000s/Ludacris feat. Miguel - Good Lovin [Ludaversal].mp3,,218000,Music,,10000,0,20000,0,320,Unknown,2015,1.0,3:38
Jagged Edge feat. Nelly - Where the Party At [Jagged Little Thrill],Z:/Throwbacks 90s2000s/Jagged Edge feat. Nelly - Where the Party At [Jagged Little Thrill].mp3,,232000,Music,,10000,0,20000,0,320,Unknown,2001,1.0,3:52
Alicia Keys - Try Sleeping With a Broken Heart [The Element of Freedom],Z:/Throwbacks 90s2000s/Alicia Keys - Try Sleeping With a Broken Heart [The Element of Freedom].mp3,,249000,Music,,10000,0,20000,0,320,Unknown,2009,1.0,4:09
Soul for Real - Candy Rain [’90s Soul Number 1’s],Z:/Throwbacks 90s2000s/Soul for Real - Candy Rain [’90s Soul Number 1’s].mp3,,271000,Music,,10000,0,20000,0,320,Unknown,2018,1.0,4:31
"James Brown - Say It Loud‐I’m Black and I’m Proud, Part 1 [The 50th Anniversary Collection]","Z:/Throwbacks 90s2000s/James Brown - Say It Loud‐I’m Black and I’m Proud, Part 1 [The 50th Anniversary Collection].mp3",,167000,Music,,10000,0,20000,0,320,Unknown,2003,1.0,2:47
"Beyoncé - Me, Myself and I [Dangerously in Love]","Z:/Throwbacks 90s2000s/Beyoncé - Me, Myself and I [Dangerously in Love].mp3",,299000,Music,,10000,0,20000,0,320,Unknown,2003,1.0,4:59
J. Holiday - Fatal [Back of My Lac'],Z:/Throwbacks 90s2000s/J. Holiday - Fatal [Back of My Lac'].mp3,,315000,Music,,10000,0,20000,0,320,Unknown,2007,1.0,5:15
"Bobby V. feat. Timbaland - Anonymous [Black Summer Party_ Best Of, Vol. 4]","Z:/Throwbacks 90s2000s/Bobby V. feat. Timbaland - Anonymous [Black Summer Party_ Best Of, Vol. 4].mp3",,283000,Music,,10000,0,20000,0,320,Unknown,2007,1.0,4:43
Chingy feat. Tyrese - Pullin’ Me Back [Hoodstar],Z:/Throwbacks 90s2000s/Chingy feat. Tyrese - Pullin’ Me Back [Hoodstar].mp3,,231000,Music,,10000,0,20000,0,320,Unknown,2006,1.0,3:51
Amerie - I Just Died [All I Have],Z:/Throwbacks 90s2000s/Amerie - I Just Died [All I Have].mp3,,209000,Music,,10000,0,20000,0,320,Unknown,2023,1.0,3:29
Mary J. Blige - Family Affair [No More Drama],Z:/Throwbacks 90s2000s/Mary J. Blige - Family Affair [No More Drama].mp3,,264000,Music,,10000,0,20000,0,320,Unknown,2001,1.0,4:24
Pretty Ricky - On the Hotline [Late Night Special],Z:/Throwbacks 90s2000s/Pretty Ricky - On the Hotline [Late Night Special].mp3,,251000,Music,,10000,0,20000,0,320,Unknown,2007,1.0,4:11
Stevie Wonder - That Girl [At the Close of a Century],Z:/Throwbacks 90s2000s/Stevie Wonder - That Girl [At the Close of a Century].mp3,,314000,Music,,10000,0,20000,0,320,Unknown,1999,1.0,5:14
R. Kelly - Feelin’ on Yo Booty [TP‐2.com],Z:/Throwbacks 90s2000s/R. Kelly - Feelin’ on Yo Booty [TP‐2.com].mp3,,245000,Music,,10000,0,20000,0,320,Unknown,2000,1.0,4:05
Beyoncé feat. Bun B & Slim Thug - Check on It [B’Day],Z:/Throwbacks 90s2000s/Beyoncé feat. Bun B & Slim Thug - Check on It [B’Day].mp3,,209000,Music,,10000,0,20000,0,320,Unknown,2006,1.0,3:29
Carl Thomas - Emotional [Emotional],Z:/Throwbacks 90s2000s/Carl Thomas - Emotional [Emotional].mp3,,276000,Music,,10000,0,20000,0,320,Unknown,2000,1.0,4:36
Tyrese - How You Gonna Act Like That [I Wanna Go There],Z:/Throwbacks 90s2000s/Tyrese - How You Gonna Act Like That [I Wanna Go There].mp3,,290000,Music,,10000,0,20000,0,320,Unknown,2002,1.0,4:50
Angie Stone duet w_Calvin - More Than a Woman [Mahogany Soul],Z:/Throwbacks 90s2000s/Angie Stone duet w_Calvin - More Than a Woman [Mahogany Soul].mp3,,293000,Music,,10000,0,20000,0,320,Unknown,2001,1.0,4:53
Monica - Before You Walk Out of My Life [Miss Thang],Z:/Throwbacks 90s2000s/Monica - Before You Walk Out of My Life [Miss Thang].mp3,,292000,Music,,10000,0,20000,0,320,Unknown,1995,1.0,4:52
Ne‐Yo - Single [Year of the Gentleman (Bonus Track Version)],Z:/Throwbacks 90s2000s/Ne‐Yo - Single [Year of the Gentleman (Bonus Track Version)].mp3,,257000,Music,,10000,0,20000,0,320,Unknown,2008,1.0,4:17
Avant - Love School [Ecstasy],Z:/Throwbacks 90s2000s/Avant - Love School [Ecstasy].mp3,,244000,Music,,10000,0,20000,0,320,Unknown,2002,1.0,4:04
Robin Thicke - Lost Without U [The Evolution of Robin Thicke],Z:/Throwbacks 90s2000s/Robin Thicke - Lost Without U [The Evolution of Robin Thicke].mp3,,247000,Music,,10000,0,20000,0,320,Unknown,2006,1.0,4:07
Ruff Endz - Someone to Love You [Epic in Store Play Sampler],Z:/Throwbacks 90s2000s/Ruff Endz - Someone to Love You [Epic in Store Play Sampler].mp3,,261000,Music,,10000,0,20000,0,320,Unknown,2002,1.0,4:21
Mariah Carey - Always Be My Baby [Daydream],Z:/Throwbacks 90s2000s/Mariah Carey - Always Be My Baby [Daydream].mp3,,253000,Music,,10000,0,20000,0,320,Unknown,1995,1.0,4:13
Alicia Keys - No One [As I Am],Z:/Throwbacks 90s2000s/Alicia Keys - No One [As I Am].mp3,,248000,Music,,10000,0,20000,0,320,Unknown,2008,1.0,4:08
Mariah Carey feat. Jermaine Dupri & Fatman Scoop - It’s Like That (main version) [It’s Like That],Z:/Throwbacks 90s2000s/Mariah Carey feat. Jermaine Dupri & Fatman Scoop - It’s Like That (main version) [It’s Like That].mp3,,204000,Music,,10000,0,20000,0,320,Unknown,2005,1.0,3:24
Monica - For You I Will [The Boy Is Mine],Z:/Throwbacks 90s2000s/Monica - For You I Will [The Boy Is Mine].mp3,,294000,Music,,10000,0,20000,0,320,Unknown,1998,1.0,4:54
The Foreign Exchange - Come Around [Connected],Z:/Throwbacks 90s2000s/The Foreign Exchange - Come Around [Connected].mp3,,241000,Music,,10000,0,20000,0,320,Unknown,2004,1.0,4:01
Nelly - Air Force Ones [Nellyville],Z:/Throwbacks 90s2000s/Nelly - Air Force Ones [Nellyville].mp3,,302000,Music,,10000,0,20000,0,320,Unknown,2002,1.0,5:02
Bow Wow feat. Omarion - Let Me Hold You [Wanted],Z:/Throwbacks 90s2000s/Bow Wow feat. Omarion - Let Me Hold You [Wanted].mp3,,241000,Music,,10000,0,20000,0,320,Unknown,2005,1.0,4:01
"Maxwell - Pretty Wings [Promo Only_ Urban Radio, June 2009]","Z:/Throwbacks 90s2000s/Maxwell - Pretty Wings [Promo Only_ Urban Radio, June 2009].mp3",,255000,Music,,10000,0,20000,0,320,Unknown,2009,1.0,4:15
Janet Jackson - All for You [All for You],Z:/Throwbacks 90s2000s/Janet Jackson - All for You [All for You].mp3,,329000,Music,,10000,0,20000,0,320,Unknown,2001,1.0,5:29
Drake feat. Michael Jackson - Don’t Matter to Me [Scorpion],Z:/Throwbacks 90s2000s/Drake feat. Michael Jackson - Don’t Matter to Me [Scorpion].mp3,,244000,Music,,10000,0,20000,0,320,Unknown,2018,1.0,4:04
Bobby Brown - On Our Own [20th Century Masters_ The Millennium Collection_ The Best of Bobby Brown],Z:/Throwbacks 90s2000s/Bobby Brown - On Our Own [20th Century Masters_ The Millennium Collection_ The Best of Bobby Brown].mp3,,275000,Music,,10000,0,20000,0,320,Unknown,2005,1.0,4:35
Alicia Keys - Fallin’ [Songs in A minor],Z:/Throwbacks 90s2000s/Alicia Keys - Fallin’ [Songs in A minor].mp3,,210000,Music,,10000,0,20000,0,320,Unknown,2001,1.0,3:30
Vivian Green - Emotional Rollercoaster [A Love Story],Z:/Throwbacks 90s2000s/Vivian Green - Emotional Rollercoaster [A Love Story].mp3,,196000,Music,,10000,0,20000,0,320,Unknown,2002,1.0,3:16
Chris Brown - Ya Man Ain't Me [Chris Brown (Expanded Edition)],Z:/Throwbacks 90s2000s/Chris Brown - Ya Man Ain't Me [Chris Brown (Expanded Edition)].mp3,,206000,Music,,10000,0,20000,0,320,Unknown,2005,1.0,3:26
Faith Evans - Soon as I Get Home [Faith],Z:/Throwbacks 90s2000s/Faith Evans - Soon as I Get Home [Faith].mp3,,324000,Music,,10000,0,20000,0,320,Unknown,1995,1.0,5:24
Justin Timberlake feat. will.i.am - Damn Girl [FutureSex_LoveSounds],Z:/Throwbacks 90s2000s/Justin Timberlake feat. will.i.am - Damn Girl [FutureSex_LoveSounds].mp3,,312000,Music,,10000,0,20000,0,320,Unknown,2016,1.0,5:12
Robin Thicke feat. Faith Evans - Got 2 Be Down [The Evolution of Robin Thicke],Z:/Throwbacks 90s2000s/Robin Thicke feat. Faith Evans - Got 2 Be Down [The Evolution of Robin Thicke].mp3,,273000,Music,,10000,0,20000,0,320,Unknown,2006,1.0,4:33
Major Lance - The Monkey Time [The Rock 'n' Roll Era_ The '60s_ Rave On],Z:/Throwbacks 90s2000s/Major Lance - The Monkey Time [The Rock 'n' Roll Era_ The '60s_ Rave On].mp3,,166000,Music,,10000,0,20000,0,320,Unknown,1990,1.0,2:46
Sly & the Family Stone - Dance to the Music [Dance to the Music],Z:/Throwbacks 90s2000s/Sly & the Family Stone - Dance to the Music [Dance to the Music].mp3,,179000,Music,,10000,0,20000,0,320,Unknown,2007,1.0,2:59
Michael Jackson - Butterflies [Invincible],Z:/Throwbacks 90s2000s/Michael Jackson - Butterflies [Invincible].mp3,,279000,Music,,10000,0,20000,0,320,Unknown,2001,1.0,4:39
The Ikettes - I’m Blue (The Gong‐Gong Song) [Hairspray],Z:/Throwbacks 90s2000s/The Ikettes - I’m Blue (The Gong‐Gong Song) [Hairspray].mp3,,153000,Music,,10000,0,20000,0,320,Unknown,1988,1.0,2:33
Cam’ron feat. Juelz Santana - Oh Boy [Come Home With Me],Z:/Throwbacks 90s2000s/Cam’ron feat. Juelz Santana - Oh Boy [Come Home With Me].mp3,,204000,Music,,10000,0,20000,0,320,Unknown,2002,1.0,3:24
Alicia Keys - Like You'll Never See Me Again [As I Am],Z:/Throwbacks 90s2000s/Alicia Keys - Like You'll Never See Me Again [As I Am].mp3,,315000,Music,,10000,0,20000,0,320,Unknown,2008,1.0,5:15
Usher - Climax [Looking 4 Myself],Z:/Throwbacks 90s2000s/Usher - Climax [Looking 4 Myself].mp3,,232000,Music,,10000,0,20000,0,320,Unknown,2012,1.0,3:52
Pleasure P - Did You Wrong [The Introduction of Marcus Cooper],Z:/Throwbacks 90s2000s/Pleasure P - Did You Wrong [The Introduction of Marcus Cooper].mp3,,277000,Music,,10000,0,20000,0,320,Unknown,2009,1.0,4:37
OutKast - Ms Jackson [Kiss Presents_ Hip Hop Classics],Z:/Throwbacks 90s2000s/OutKast - Ms Jackson [Kiss Presents_ Hip Hop Classics].mp3,,270000,Music,,10000,0,20000,0,320,Unknown,2005,1.0,4:30
Jaheim - Could It Be [Ghetto Love],Z:/Throwbacks 90s2000s/Jaheim - Could It Be [Ghetto Love].mp3,,224000,Music,,10000,0,20000,0,320,Unknown,2001,1.0,3:44
Marvin Gaye & Tammi Terrell - Ain’t No Mountain High Enough [The Complete Duets],Z:/Throwbacks 90s2000s/Marvin Gaye & Tammi Terrell - Ain’t No Mountain High Enough [The Complete Duets].mp3,,151000,Music,,10000,0,20000,0,320,Unknown,2001,1.0,2:31
"Major Lance - Um, Um, Um, Um, Um, Um [Roots of Rhythm_ Under the Boardwalk]","Z:/Throwbacks 90s2000s/Major Lance - Um, Um, Um, Um, Um, Um [Roots of Rhythm_ Under the Boardwalk].mp3",,139000,Music,,10000,0,20000,0,320,Unknown,1999,1.0,2:19
Ciara feat. Ludacris - Oh [Goodies],Z:/Throwbacks 90s2000s/Ciara feat. Ludacris - Oh [Goodies].mp3,,255000,Music,,10000,0,20000,0,320,Unknown,2004,1.0,4:15
Musiq Soulchild - Just Friends (Sunny) [Aijuswanaseing],Z:/Throwbacks 90s2000s/Musiq Soulchild - Just Friends (Sunny) [Aijuswanaseing].mp3,,251000,Music,,10000,0,20000,0,320,Unknown,2000,1.0,4:11
Robin Thicke feat. T.I. & Pharrell Williams - Blurred Lines [Blurred Lines],Z:/Throwbacks 90s2000s/Robin Thicke feat. T.I. & Pharrell Williams - Blurred Lines [Blurred Lines].mp3,,258000,Music,,10000,0,20000,0,320,Unknown,2013,1.0,4:18
Musiq Soulchild - Love [Aijuswanaseing],Z:/Throwbacks 90s2000s/Musiq Soulchild - Love [Aijuswanaseing].mp3,,304000,Music,,10000,0,20000,0,320,Unknown,2000,1.0,5:04
Kelly Price - Friend of Mine (remix) [Soul of a Woman],Z:/Throwbacks 90s2000s/Kelly Price - Friend of Mine (remix) [Soul of a Woman].mp3,,377000,Music,,10000,0,20000,0,320,Unknown,2018,1.0,6:17
50 Cent - Just a Lil Bit [The Massacre],Z:/Throwbacks 90s2000s/50 Cent - Just a Lil Bit [The Massacre].mp3,,236000,Music,90's/2000's Throwbacks,9549,119207,200732,110,320,Unknown,2005,1.0,3:56
Mario - I Choose You [D.N.A.],Z:/Throwbacks 90s2000s/Mario - I Choose You [D.N.A.].mp3,,265000,Music,,10000,0,20000,0,320,Unknown,2009,1.0,4:25
René & Angela - My First Love [Body + Soul_ Romantic Interludes],Z:/Throwbacks 90s2000s/René & Angela - My First Love [Body + Soul_ Romantic Interludes].mp3,,246000,Music,,10000,0,20000,0,320,Unknown,1999,1.0,4:06
Nelly feat. Jaheim - My Place [Suit],Z:/Throwbacks 90s2000s/Nelly feat. Jaheim - My Place [Suit].mp3,,334000,Music,,10000,0,20000,0,320,Unknown,2004,1.0,5:34
Eve feat. Alicia Keys - Gangsta Lovin’ [Eve-olution],Z:/Throwbacks 90s2000s/Eve feat. Alicia Keys - Gangsta Lovin’ [Eve-olution].mp3,,237000,Music,,10000,0,20000,0,320,Unknown,2002,1.0,3:57
Musiq Soulchild - L' Is Gone [Aijuswanaseing],Z:/Throwbacks 90s2000s/Musiq Soulchild - L' Is Gone [Aijuswanaseing].mp3,,200000,Music,,10000,0,20000,0,320,Unknown,2000,1.0,3:20
"Baby Bash - Baby, I'm Back (feat. Akon) [Baby I'm Back feat. Akon]","Z:/Throwbacks 90s2000s/Baby Bash - Baby, I'm Back (feat. Akon) [Baby I'm Back feat. Akon].mp3",,211000,Music,,10000,0,20000,0,320,Unknown,2004,1.0,3:31
Dwele - Old Lovas [Some Kinda…],Z:/Throwbacks 90s2000s/Dwele - Old Lovas [Some Kinda…].mp3,,282000,Music,,10000,0,20000,0,320,Unknown,2005,1.0,4:42
City High - What Would You Do_ (radio edit) [Life_ Music Inspired by the Motion Picture],Z:/Throwbacks 90s2000s/City High - What Would You Do_ (radio edit) [Life_ Music Inspired by the Motion Picture].mp3,,212000,Music,,10000,0,20000,0,320,Unknown,1999,1.0,3:32
Anthony Hamilton - Can’t Let Go [Ain’t Nobody Worryin’],Z:/Throwbacks 90s2000s/Anthony Hamilton - Can’t Let Go [Ain’t Nobody Worryin’].mp3,,232000,Music,,10000,0,20000,0,320,Unknown,2005,1.0,3:52
Jerry Butler - I Stop by Heaven [The Ice Man Cometh],Z:/Throwbacks 90s2000s/Jerry Butler - I Stop by Heaven [The Ice Man Cometh].mp3,,201000,Music,,10000,0,20000,0,320,Unknown,2001,1.0,3:21
Pussycat Dolls - Buttons (album version) [Buttons],Z:/Throwbacks 90s2000s/Pussycat Dolls - Buttons (album version) [Buttons].mp3,,231000,Music,,10000,0,20000,0,320,Unknown,2006,1.0,3:51
Mario - Crying Out for Me (radio edit) [Crying Out for Me],Z:/Throwbacks 90s2000s/Mario - Crying Out for Me (radio edit) [Crying Out for Me].mp3,,261000,Music,,10000,0,20000,0,320,Unknown,2007,1.0,4:21
Keke Wyatt - Nothing In This World (feat. Avant) [Soul Sista],Z:/Throwbacks 90s2000s/Keke Wyatt - Nothing In This World (feat. Avant) [Soul Sista].mp3,,271000,Music,,10000,0,20000,0,320,Unknown,2022,1.0,4:31
Jagged Edge - Goodbye [Jagged Little Thrill],Z:/Throwbacks 90s2000s/Jagged Edge - Goodbye [Jagged Little Thrill].mp3,,273000,Music,,10000,0,20000,0,320,Unknown,2001,1.0,4:33
"Clarence Carter - Snatching It Back [That’s Soul, Volume 5]","Z:/Throwbacks 90s2000s/Clarence Carter - Snatching It Back [That’s Soul, Volume 5].mp3",,170000,Music,,10000,0,20000,0,320,Unknown,1995,1.0,2:50
Destiny’s Child - Dangerously in Love [Survivor],Z:/Throwbacks 90s2000s/Destiny’s Child - Dangerously in Love [Survivor].mp3,,294000,Music,,10000,0,20000,0,320,Unknown,2001,1.0,4:54
Ginuwine - None of Ur Friends Business [Greatest Hits],Z:/Throwbacks 90s2000s/Ginuwine - None of Ur Friends Business [Greatest Hits].mp3,,255000,Music,,10000,0,20000,0,320,Unknown,2006,1.0,4:15
Pretty Ricky - Nothing but a Number [Bluestars],Z:/Throwbacks 90s2000s/Pretty Ricky - Nothing but a Number [Bluestars].mp3,,301000,Music,,10000,0,20000,0,320,Unknown,2005,1.0,5:01
The Foreign Exchange - Take Off the Blues [Leave It All Behind],Z:/Throwbacks 90s2000s/The Foreign Exchange - Take Off the Blues [Leave It All Behind].mp3,,246000,Music,,10000,0,20000,0,320,Unknown,2008,1.0,4:06
Calvin Richardson - More Than a Woman [2_35 PM],Z:/Throwbacks 90s2000s/Calvin Richardson - More Than a Woman [2_35 PM].mp3,,321000,Music,,10000,0,20000,0,320,Unknown,2003,1.0,5:21
Craig David - 7 Days [Born to Do It],Z:/Throwbacks 90s2000s/Craig David - 7 Days [Born to Do It].mp3,,233000,Music,,10000,0,20000,0,320,Unknown,2000,1.0,3:53
Usher - Truth Hurts [Confessions],Z:/Throwbacks 90s2000s/Usher - Truth Hurts [Confessions].mp3,,217000,Music,,10000,0,20000,0,320,Unknown,2004,1.0,3:37
Tyrese - Signs of Love Makin' [I Wanna Go There],Z:/Throwbacks 90s2000s/Tyrese - Signs of Love Makin' [I Wanna Go There].mp3,,252000,Music,,10000,0,20000,0,320,Unknown,2002,1.0,4:12
Musiq Soulchild - millionaire [Luvanmusiq],Z:/Throwbacks 90s2000s/Musiq Soulchild - millionaire [Luvanmusiq].mp3,,234000,Music,,10000,0,20000,0,320,Unknown,2007,1.0,3:54
Musiq Soulchild - Whoknows [soulstar],Z:/Throwbacks 90s2000s/Musiq Soulchild - Whoknows [soulstar].mp3,,263000,Music,,10000,0,20000,0,320,Unknown,2009,1.0,4:23
Ja Rule feat. Vita and Lil’ Mo - Put It on Me Remix [The Fast and the Furious],Z:/Throwbacks 90s2000s/Ja Rule feat. Vita and Lil’ Mo - Put It on Me Remix [The Fast and the Furious].mp3,,284000,Music,,10000,0,20000,0,320,Unknown,2002,1.0,4:44
TLC - Waterfalls [20],Z:/Throwbacks 90s2000s/TLC - Waterfalls [20].mp3,,257000,Music,,10000,0,20000,0,320,Unknown,2013,1.0,4:17
Jamie Foxx - Can I Take You Home [Platinum Slow Jams 25],Z:/Throwbacks 90s2000s/Jamie Foxx - Can I Take You Home [Platinum Slow Jams 25].mp3,,332000,Music,,10000,0,20000,0,320,Unknown,2013,1.0,5:32
Akon - Right Now (Na Na Na) [Freedom],Z:/Throwbacks 90s2000s/Akon - Right Now (Na Na Na) [Freedom].mp3,,240000,Music,90's/2000's Throwbacks,10000,0,20000,0,320,Unknown,2008,1.0,4:00
J. Holiday - I Know Love [Back of My Lac'],Z:/Throwbacks 90s2000s/J. Holiday - I Know Love [Back of My Lac'].mp3,,228000,Music,,10000,0,20000,0,320,Unknown,2008,1.0,3:48
Marques Houston - Smile [You Got Served],Z:/Throwbacks 90s2000s/Marques Houston - Smile [You Got Served].mp3,,180000,Music,,10000,0,20000,0,320,Unknown,2003,1.0,3:00
The Dells - Stay in My Corner [The Chess Story],Z:/Throwbacks 90s2000s/The Dells - Stay in My Corner [The Chess Story].mp3,,374000,Music,,10000,0,20000,0,320,Unknown,1999,1.0,6:14
Nelly feat. Akon & Ashanti - Body on Me [Brass Knuckles],Z:/Throwbacks 90s2000s/Nelly feat. Akon & Ashanti - Body on Me [Brass Knuckles].mp3,,209000,Music,,10000,0,20000,0,320,Unknown,2008,1.0,3:29
Brian McKnight - Still [Superhero],Z:/Throwbacks 90s2000s/Brian McKnight - Still [Superhero].mp3,,251000,Music,,10000,0,20000,0,320,Unknown,2009,1.0,4:11
Ne‐Yo - Ain't Thinking About You [Because of You],Z:/Throwbacks 90s2000s/Ne‐Yo - Ain't Thinking About You [Because of You].mp3,,221000,Music,,10000,0,20000,0,320,Unknown,2007,1.0,3:41
Ginuwine - In Those Jeans [The Senior],Z:/Throwbacks 90s2000s/Ginuwine - In Those Jeans [The Senior].mp3,,243000,Music,,10000,0,20000,0,320,Unknown,2003,1.0,4:03
Snoop Dogg - My Everything [My Everything],Z:/Throwbacks 90s2000s/Snoop Dogg - My Everything [My Everything].mp3,,175000,Music,,10000,0,20000,0,320,Unknown,2024,1.0,2:55
Chris Brown - Take You Down [Exclusive],Z:/Throwbacks 90s2000s/Chris Brown - Take You Down [Exclusive].mp3,,240000,Music,,10000,0,20000,0,320,Unknown,2007,1.0,4:00
Heather Headley - In My Mind [In My Mind],Z:/Throwbacks 90s2000s/Heather Headley - In My Mind [In My Mind].mp3,,244000,Music,,10000,0,20000,0,320,Unknown,2006,1.0,4:04
Jon B. - Are U Still Down [Body + Soul_ Midnight Fire],Z:/Throwbacks 90s2000s/Jon B. - Are U Still Down [Body + Soul_ Midnight Fire].mp3,,266000,Music,,10000,0,20000,0,320,Unknown,2007,1.0,4:26
T‐Pain feat. Lil Wayne - Can’t Believe It [Thr33 Ringz],Z:/Throwbacks 90s2000s/T‐Pain feat. Lil Wayne - Can’t Believe It [Thr33 Ringz].mp3,,276000,Music,,10000,0,20000,0,320,Unknown,2008,1.0,4:36
Fat Joe - What's Luv_ (feat. Ja-Rule & Ashanti) [Jealous Ones Still Envy (J.O.S.E)],Z:/Throwbacks 90s2000s/Fat Joe - What's Luv_ (feat. Ja-Rule & Ashanti) [Jealous Ones Still Envy (J.O.S.E)].mp3,,240000,Music,,10000,0,20000,0,320,Unknown,2001,1.0,4:00
Joe - More & More [And Then...],Z:/Throwbacks 90s2000s/Joe - More & More [And Then...].mp3,,226000,Music,,10000,0,20000,0,320,Unknown,2003,1.0,3:46
Erykah Badu feat. Common - Love of My Life (An Ode to Hip Hop) [Brown Sugar_ Music From the Motion Picture Soundtrack],Z:/Throwbacks 90s2000s/Erykah Badu feat. Common - Love of My Life (An Ode to Hip Hop) [Brown Sugar_ Music From the Motion Picture Soundtrack].mp3,,268000,Music,,10000,0,20000,0,320,Unknown,2002,1.0,4:28
Mariah Carey - We Belong Together [The Emancipation of Mimi],Z:/Throwbacks 90s2000s/Mariah Carey - We Belong Together [The Emancipation of Mimi].mp3,,201000,Music,,10000,0,20000,0,320,Unknown,2005,1.0,3:21
50 Cent feat. Nate Dogg - 21 Questions [Get Rich or Die Tryin'],Z:/Throwbacks 90s2000s/50 Cent feat. Nate Dogg - 21 Questions [Get Rich or Die Tryin'].mp3,,216000,Music,90's/2000's Throwbacks,10839,32757,197616,116,320,Unknown,2003,1.0,3:36
Destiny’s Child - So Good [The Writing's on the Wall],Z:/Throwbacks 90s2000s/Destiny’s Child - So Good [The Writing's on the Wall].mp3,,191000,Music,,10000,0,20000,0,320,Unknown,1999,1.0,3:11
Chaka Demus & Pliers - Murder She Wrote [Tease Me],Z:/Throwbacks 90s2000s/Chaka Demus & Pliers - Murder She Wrote [Tease Me].mp3,,244000,Music,,10000,0,20000,0,320,Unknown,1992,1.0,4:04
Joe - Stutter (Double Take Remix) [My Name Is Joe],Z:/Throwbacks 90s2000s/Joe - Stutter (Double Take Remix) [My Name Is Joe].mp3,,218000,Music,,10000,0,20000,0,320,Unknown,2015,1.0,3:38
Ashanti - Rain on Me [Chapter II],Z:/Throwbacks 90s2000s/Ashanti - Rain on Me [Chapter II].mp3,,298000,Music,,10000,0,20000,0,320,Unknown,2003,1.0,4:58
Anthony Hamilton - The Point of It All [The Point of It All],Z:/Throwbacks 90s2000s/Anthony Hamilton - The Point of It All [The Point of It All].mp3,,230000,Music,,10000,0,20000,0,320,Unknown,2008,1.0,3:50
Ciara - G Is for Girl (A–Z) [Fantasy Ride],Z:/Throwbacks 90s2000s/Ciara - G Is for Girl (A–Z) [Fantasy Ride].mp3,,217000,Music,,10000,0,20000,0,320,Unknown,2009,1.0,3:37
Mario - Let Me Love You (album) [Let Me Love You],Z:/Throwbacks 90s2000s/Mario - Let Me Love You (album) [Let Me Love You].mp3,,256000,Music,,10000,0,20000,0,320,Unknown,2005,1.0,4:16
Adina Howard - Freak Like Me [Do You Wanna Ride_],Z:/Throwbacks 90s2000s/Adina Howard - Freak Like Me [Do You Wanna Ride_].mp3,,253000,Music,90's/2000's Throwbacks,10000,0,20000,0,320,Unknown,1995,1.0,4:13
Dwele feat. Lloyd Dwayne & J Tait - If You Want To [Sketches of a Man],Z:/Throwbacks 90s2000s/Dwele feat. Lloyd Dwayne & J Tait - If You Want To [Sketches of a Man].mp3,,240000,Music,,10000,0,20000,0,320,Unknown,2008,1.0,4:00
Wyclef Jean feat. Mary J. Blige - 911 [The Ecleftic_ 2 Sides II a Book],Z:/Throwbacks 90s2000s/Wyclef Jean feat. Mary J. Blige - 911 [The Ecleftic_ 2 Sides II a Book].mp3,,258000,Music,,10000,0,20000,0,320,Unknown,2000,1.0,4:18
Jaheim feat. Terry Dexter - Remarkable [Ghetto Love],Z:/Throwbacks 90s2000s/Jaheim feat. Terry Dexter - Remarkable [Ghetto Love].mp3,,292000,Music,,10000,0,20000,0,320,Unknown,2008,1.0,4:52
Kem - I Can't Stop Loving You [Album II],Z:/Throwbacks 90s2000s/Kem - I Can't Stop Loving You [Album II].mp3,,324000,Music,,10000,0,20000,0,320,Unknown,2005,1.0,5:24
Trey Songz - Say Aah [Ready],Z:/Throwbacks 90s2000s/Trey Songz - Say Aah [Ready].mp3,,210000,Music,,10000,0,20000,0,320,Unknown,2009,1.0,3:30
R. Kelly feat. T‐Pain & T.I. - I'm a Flirt (remix) [Double Up],Z:/Throwbacks 90s2000s/R. Kelly feat. T‐Pain & T.I. - I'm a Flirt (remix) [Double Up].mp3,,320000,Music,,10000,0,20000,0,320,Unknown,2007,1.0,5:20
Craig David - Walking Away [Born to Do It],Z:/Throwbacks 90s2000s/Craig David - Walking Away [Born to Do It].mp3,,202000,Music,,10000,0,20000,0,320,Unknown,2000,1.0,3:22
Ja Rule & Ashanti - Always On Time [Love songs 2000s],Z:/Throwbacks 90s2000s/Ja Rule & Ashanti - Always On Time [Love songs 2000s].mp3,,243000,Music,,10000,0,20000,0,320,Unknown,2023,1.0,4:03
Usher featuring Lil Jon & Ludacris - Yeah! [Confessions],Z:/Throwbacks 90s2000s/Usher featuring Lil Jon & Ludacris - Yeah! [Confessions].mp3,,249000,Music,,10000,0,20000,0,320,Unknown,2004,1.0,4:09
Chris Brown - Poppin’ [Chris Brown],Z:/Throwbacks 90s2000s/Chris Brown - Poppin’ [Chris Brown].mp3,,265000,Music,,10000,0,20000,0,320,Unknown,2006,1.0,4:25
DMX - Where the Hood At [Grand Champ],Z:/Throwbacks 90s2000s/DMX - Where the Hood At [Grand Champ].mp3,,285000,Music,,10000,0,20000,0,320,Unknown,2003,1.0,4:45
Musiq Soulchild - Girl Next Door [Aijuswanaseing],Z:/Throwbacks 90s2000s/Musiq Soulchild - Girl Next Door [Aijuswanaseing].mp3,,286000,Music,,10000,0,20000,0,320,Unknown,2000,1.0,4:46
Eve featuring Gwen Stefani - Let Me Blow Ya Mind [Scorpion],Z:/Throwbacks 90s2000s/Eve featuring Gwen Stefani - Let Me Blow Ya Mind [Scorpion].mp3,,230000,Music,,10000,0,20000,0,320,Unknown,2001,1.0,3:50
Kem - Love Calls [Kemistry],Z:/Throwbacks 90s2000s/Kem - Love Calls [Kemistry].mp3,,313000,Music,,10000,0,20000,0,320,Unknown,2002,1.0,5:13
Jordin Sparks & Chris Brown - No Air [Jordin Sparks],Z:/Throwbacks 90s2000s/Jordin Sparks & Chris Brown - No Air [Jordin Sparks].mp3,,261000,Music,,10000,0,20000,0,320,Unknown,2007,1.0,4:21
Alicia Keys feat. Tony! Toni! Toné! & Jermaine Paul - Diary (radio edit) [Diary (Remixes)],Z:/Throwbacks 90s2000s/Alicia Keys feat. Tony! Toni! Toné! & Jermaine Paul - Diary (radio edit) [Diary (Remixes)].mp3,,271000,Music,,10000,0,20000,0,320,Unknown,2004,1.0,4:31
R. Kelly - Same Girl [Double Up],Z:/Throwbacks 90s2000s/R. Kelly - Same Girl [Double Up].mp3,,252000,Music,,10000,0,20000,0,320,Unknown,2007,1.0,4:12
Kanye West - Through the Wire [The College Dropout],Z:/Throwbacks 90s2000s/Kanye West - Through the Wire [The College Dropout].mp3,,221000,Music,,10000,0,20000,0,320,Unknown,2004,1.0,3:41
Anthony Hamilton - I’m a Mess [Comin’ From Where I’m From],Z:/Throwbacks 90s2000s/Anthony Hamilton - I’m a Mess [Comin’ From Where I’m From].mp3,,264000,Music,,10000,0,20000,0,320,Unknown,2004,1.0,4:24
T‐Pain - I’m Sprung [Rappa Ternt Sanga],Z:/Throwbacks 90s2000s/T‐Pain - I’m Sprung [Rappa Ternt Sanga].mp3,,230000,Music,,10000,0,20000,0,320,Unknown,2005,1.0,3:50
Erykah Badu - In Love With You [Baduizm + Mama’s Gun],Z:/Throwbacks 90s2000s/Erykah Badu - In Love With You [Baduizm + Mama’s Gun].mp3,,322000,Music,,10000,0,20000,0,320,Unknown,2009,1.0,5:22
Jon B. - They Don't Know [Liberation! Be Free! Be Yourself!],Z:/Throwbacks 90s2000s/Jon B. - They Don't Know [Liberation! Be Free! Be Yourself!].mp3,,273000,Music,,10000,0,20000,0,320,Unknown,1998,1.0,4:33
Missy Elliott feat. Ludacris - Gossip Folks [Under Construction],Z:/Throwbacks 90s2000s/Missy Elliott feat. Ludacris - Gossip Folks [Under Construction].mp3,,233000,Music,,10000,0,20000,0,320,Unknown,2002,1.0,3:53
Robin Thicke feat. Pharrell - Wanna Love U Girl [The Evolution of Robin Thicke],Z:/Throwbacks 90s2000s/Robin Thicke feat. Pharrell - Wanna Love U Girl [The Evolution of Robin Thicke].mp3,,263000,Music,,10000,0,20000,0,320,Unknown,2006,1.0,4:23
Destiny’s Child - Emotion [Survivor],Z:/Throwbacks 90s2000s/Destiny’s Child - Emotion [Survivor].mp3,,236000,Music,,10000,0,20000,0,320,Unknown,2009,1.0,3:56
"Gene Chandler - Rainbow '65, Part 2 [Soul Master]","Z:/Throwbacks 90s2000s/Gene Chandler - Rainbow '65, Part 2 [Soul Master].mp3",,165000,Music,,10000,0,20000,0,320,Unknown,1995,1.0,2:45
"Four Tops - Loving You Is Sweeter Than Ever [The Complete Motown Singles, Volume 6_ 1966]","Z:/Throwbacks 90s2000s/Four Tops - Loving You Is Sweeter Than Ever [The Complete Motown Singles, Volume 6_ 1966].mp3",,165000,Music,,10000,0,20000,0,320,Unknown,2006,1.0,2:45
Michael Jackson - Jam [Dangerous],Z:/Throwbacks 90s2000s/Michael Jackson - Jam [Dangerous].mp3,,339000,Music,,10000,0,20000,0,320,Unknown,2015,1.0,5:39
Jade - Don’t Walk Away (Pop Walk) [Don’t Walk Away (Mixes)],Z:/Throwbacks 90s2000s/Jade - Don’t Walk Away (Pop Walk) [Don’t Walk Away (Mixes)].mp3,,216000,Music,,10000,0,20000,0,320,Unknown,2019,1.0,3:36
2Pac feat. Danny Boy - I Ain’t Mad at Cha [All Eyez on Me],Z:/Throwbacks 90s2000s/2Pac feat. Danny Boy - I Ain’t Mad at Cha [All Eyez on Me].mp3,,293000,Music,90's/2000's Throwbacks,14924,247384,277237,85,320,Unknown,2005,1.0,4:53
Eve - Who’s That Girl_ [Scorpion],Z:/Throwbacks 90s2000s/Eve - Who’s That Girl_ [Scorpion].mp3,,281000,Music,,10000,0,20000,0,320,Unknown,2001,1.0,4:41
Donell Jones - I'm Gonna Be [Journey of a Gemini],Z:/Throwbacks 90s2000s/Donell Jones - I'm Gonna Be [Journey of a Gemini].mp3,,285000,Music,,10000,0,20000,0,320,Unknown,2006,1.0,4:45
Mr. Cheeks feat. Mario Winans - Crush on You [Back Again],Z:/Throwbacks 90s2000s/Mr. Cheeks feat. Mario Winans - Crush on You [Back Again].mp3,,237000,Music,,10000,0,20000,0,320,Unknown,2003,1.0,3:57
Tweet - Oops Oh My [Southern Hummingbird],Z:/Throwbacks 90s2000s/Tweet - Oops Oh My [Southern Hummingbird].mp3,,242000,Music,,10000,0,20000,0,320,Unknown,2002,1.0,4:02
Tevin Campbell - Can We Talk [I’m Ready],Z:/Throwbacks 90s2000s/Tevin Campbell - Can We Talk [I’m Ready].mp3,,280000,Music,,10000,0,20000,0,320,Unknown,1993,1.0,4:40
Alicia Keys - Diary [Unplugged],Z:/Throwbacks 90s2000s/Alicia Keys - Diary [Unplugged].mp3,,353000,Music,,10000,0,20000,0,320,Unknown,2005,1.0,5:53
Usher - Simple Things [Confessions],Z:/Throwbacks 90s2000s/Usher - Simple Things [Confessions].mp3,,281000,Music,,10000,0,20000,0,320,Unknown,2004,1.0,4:41
Ja Rule feat. R. Kelly & Ashanti - Wonderful [R.U.L.E.],Z:/Throwbacks 90s2000s/Ja Rule feat. R. Kelly & Ashanti - Wonderful [R.U.L.E.].mp3,,270000,Music,,10000,0,20000,0,320,Unknown,2004,1.0,4:30
Chingy - Right Thurr [Jackpot],Z:/Throwbacks 90s2000s/Chingy - Right Thurr [Jackpot].mp3,,246000,Music,,10000,0,20000,0,320,Unknown,2003,1.0,4:06
Keyshia Cole feat. Missy Elliott & Lil’ Kim - Let It Go [Just Like You],Z:/Throwbacks 90s2000s/Keyshia Cole feat. Missy Elliott & Lil’ Kim - Let It Go [Just Like You].mp3,,237000,Music,,10000,0,20000,0,320,Unknown,2007,1.0,3:57
Mariah Carey - Shake It Off [The Emancipation of Mimi],Z:/Throwbacks 90s2000s/Mariah Carey - Shake It Off [The Emancipation of Mimi].mp3,,232000,Music,,10000,0,20000,0,320,Unknown,2021,1.0,3:52
Ghost Town DJ’s - My Boo (radio mix) [Now That’s What I Call Party Anthems 3],Z:/Throwbacks 90s2000s/Ghost Town DJ’s - My Boo (radio mix) [Now That’s What I Call Party Anthems 3].mp3,,252000,Music,,10000,0,20000,0,320,Unknown,2016,1.0,4:12
Pras feat. Ol’ Dirty Bastard & Mýa - Ghetto Supastar (That Is What You Are) [Ghetto Supastar],Z:/Throwbacks 90s2000s/Pras feat. Ol’ Dirty Bastard & Mýa - Ghetto Supastar (That Is What You Are) [Ghetto Supastar].mp3,,261000,Music,,10000,0,20000,0,320,Unknown,1998,1.0,4:21
Sleepy Brown featuring OutKast - Can’t Wait [Barbershop 2_ Back in Business_ Soundtrack],Z:/Throwbacks 90s2000s/Sleepy Brown featuring OutKast - Can’t Wait [Barbershop 2_ Back in Business_ Soundtrack].mp3,,273000,Music,,10000,0,20000,0,320,Unknown,2004,1.0,4:33
Ne‐Yo - Let Me Get This Right [In My Own Words],Z:/Throwbacks 90s2000s/Ne‐Yo - Let Me Get This Right [In My Own Words].mp3,,227000,Music,,10000,0,20000,0,320,Unknown,2006,1.0,3:47
Robin Thicke - Sex Therapy [Sex Therapy_ The Session],Z:/Throwbacks 90s2000s/Robin Thicke - Sex Therapy [Sex Therapy_ The Session].mp3,,243000,Music,,10000,0,20000,0,320,Unknown,2009,1.0,4:03
Robin Thicke - Get Her Back [Paula],Z:/Throwbacks 90s2000s/Robin Thicke - Get Her Back [Paula].mp3,,210000,Music,,10000,0,20000,0,320,Unknown,2014,1.0,3:30
Lloyd - Incredible [Street Love],Z:/Throwbacks 90s2000s/Lloyd - Incredible [Street Love].mp3,,252000,Music,,10000,0,20000,0,320,Unknown,2007,1.0,4:12
Otis Redding - I’ve Been Loving You Too Long [Live in Europe],Z:/Live/Otis Redding - I’ve Been Loving You Too Long [Live in Europe].mp3,,250000,Music,,10000,0,20000,0,320,Unknown,1991,1.0,4:10
Ginuwine - Stingy [The Senior],Z:/Throwbacks 90s2000s/Ginuwine - Stingy [The Senior].mp3,,262000,Music,,10000,0,20000,0,320,Unknown,2003,1.0,4:22
Kanye West feat. Adam Levine - Heard ’Em Say [Late Registration],Z:/Throwbacks 90s2000s/Kanye West feat. Adam Levine - Heard ’Em Say [Late Registration].mp3,,200000,Music,,10000,0,20000,0,320,Unknown,2005,1.0,3:20
Mary J. Blige featuring Ja Rule - Rainy Dayz [No More Drama],Z:/Throwbacks 90s2000s/Mary J. Blige featuring Ja Rule - Rainy Dayz [No More Drama].mp3,,276000,Music,,10000,0,20000,0,320,Unknown,2002,1.0,4:36
Brandy - Sittin’ Up in My Room [The Best of Brandy],Z:/Throwbacks 90s2000s/Brandy - Sittin’ Up in My Room [The Best of Brandy].mp3,,291000,Music,,10000,0,20000,0,320,Unknown,2005,1.0,4:51
Beyoncé feat. Jay‐Z - Upgrade U [B’Day],Z:/Throwbacks 90s2000s/Beyoncé feat. Jay‐Z - Upgrade U [B’Day].mp3,,272000,Music,,10000,0,20000,0,320,Unknown,2006,1.0,4:32
Melanie Fiona - It Kills Me [The Bridge (Acoustic EP)],Z:/Throwbacks 90s2000s/Melanie Fiona - It Kills Me [The Bridge (Acoustic EP)].mp3,,239000,Music,,10000,0,20000,0,320,Unknown,2010,1.0,3:59
Justin Timberlake - Like I Love You [Justified],Z:/Throwbacks 90s2000s/Justin Timberlake - Like I Love You [Justified].mp3,,283000,Music,,10000,0,20000,0,320,Unknown,2002,1.0,4:43
Big Pun feat. Joe - Still Not a Player [Capital Punishment],Z:/Throwbacks 90s2000s/Big Pun feat. Joe - Still Not a Player [Capital Punishment].mp3,,236000,Music,,10000,0,20000,0,320,Unknown,1998,1.0,3:56
Usher - U Remind Me [8701],Z:/Throwbacks 90s2000s/Usher - U Remind Me [8701].mp3,,266000,Music,,10000,0,20000,0,320,Unknown,2001,1.0,4:26
"Jill Scott - A Long Walk [Who Is Jill Scott_ - Words and Sounds, Vol. 1]","Z:/Throwbacks 90s2000s/Jill Scott - A Long Walk [Who Is Jill Scott_ - Words and Sounds, Vol. 1].mp3",,254000,Music,,10000,0,20000,0,320,Unknown,2022,1.0,4:14
Ashanti - Only U [Concrete Rose],Z:/Throwbacks 90s2000s/Ashanti - Only U [Concrete Rose].mp3,,185000,Music,,10000,0,20000,0,320,Unknown,2004,1.0,3:05
Trey Songz - I Need a Girl [Ready],Z:/Throwbacks 90s2000s/Trey Songz - I Need a Girl [Ready].mp3,,217000,Music,,10000,0,20000,0,320,Unknown,2009,1.0,3:37
Usher - There Goes My Baby [Raymond v Raymond],Z:/Throwbacks 90s2000s/Usher - There Goes My Baby [Raymond v Raymond].mp3,,280000,Music,,10000,0,20000,0,320,Unknown,2010,1.0,4:40
T‐Pain feat. Mike Jones - I’m n Luv (Wit a Stripper) [Rappa Ternt Sanga],Z:/Throwbacks 90s2000s/T‐Pain feat. Mike Jones - I’m n Luv (Wit a Stripper) [Rappa Ternt Sanga].mp3,,239000,Music,,10000,0,20000,0,320,Unknown,2005,1.0,3:59
Usher - U Got It Bad [8701],Z:/Throwbacks 90s2000s/Usher - U Got It Bad [8701].mp3,,244000,Music,,10000,0,20000,0,320,Unknown,2001,1.0,4:04
Omarion - O (clean radio edit) [O],Z:/Throwbacks 90s2000s/Omarion - O (clean radio edit) [O].mp3,,249000,Music,,10000,0,20000,0,320,Unknown,2004,1.0,4:09
Cameo - Single Life [20th Century Masters_ The Millennium Collection_ The Best of Cameo],Z:/Throwbacks 90s2000s/Cameo - Single Life [20th Century Masters_ The Millennium Collection_ The Best of Cameo].mp3,,269000,Music,,10000,0,20000,0,320,Unknown,2007,1.0,4:29
Avant - Makin' Good Love [Ecstasy],Z:/Throwbacks 90s2000s/Avant - Makin' Good Love [Ecstasy].mp3,,244000,Music,,10000,0,20000,0,320,Unknown,2009,1.0,4:04
Robin Thicke - I Need Love [The Evolution of Robin Thicke],Z:/Throwbacks 90s2000s/Robin Thicke - I Need Love [The Evolution of Robin Thicke].mp3,,295000,Music,,10000,0,20000,0,320,Unknown,2006,1.0,4:55
Justin Timberlake - Last Night [Justified],Z:/Throwbacks 90s2000s/Justin Timberlake - Last Night [Justified].mp3,,378000,Music,,10000,0,20000,0,320,Unknown,2008,1.0,6:18
Jaheim feat. Miss Jones - Waitin' on You [Ghetto Love],Z:/Throwbacks 90s2000s/Jaheim feat. Miss Jones - Waitin' on You [Ghetto Love].mp3,,262000,Music,,10000,0,20000,0,320,Unknown,2001,1.0,4:22
Robin Thicke - Magic [Something Else],Z:/Throwbacks 90s2000s/Robin Thicke - Magic [Something Else].mp3,,237000,Music,,10000,0,20000,0,320,Unknown,2008,1.0,3:57
Lil Jon & The East Side Boyz feat. Usher & Ludacris - Lovers and Friends [Crunk Juice],Z:/Throwbacks 90s2000s/Lil Jon & The East Side Boyz feat. Usher & Ludacris - Lovers and Friends [Crunk Juice].mp3,,260000,Music,,10000,0,20000,0,320,Unknown,2004,1.0,4:20
Lil Wayne feat. Bobby V. & Kidd Kidd - Mrs. Officer [Tha Carter III],Z:/Throwbacks 90s2000s/Lil Wayne feat. Bobby V. & Kidd Kidd - Mrs. Officer [Tha Carter III].mp3,,272000,Music,,10000,0,20000,0,320,Unknown,2022,1.0,4:32
Destiny’s Child - Cater 2 U [Destiny Fulfilled],Z:/Throwbacks 90s2000s/Destiny’s Child - Cater 2 U [Destiny Fulfilled].mp3,,244000,Music,,10000,0,20000,0,320,Unknown,2005,1.0,4:04
Rihanna - Take a Bow [Good Girl Gone Bad_ Reloaded],Z:/Throwbacks 90s2000s/Rihanna - Take a Bow [Good Girl Gone Bad_ Reloaded].mp3,,226000,Music,,10000,0,20000,0,320,Unknown,2008,1.0,3:46
Chris Brown - Yo (Excuse Me Miss) [Chris Brown (Expanded Edition)],Z:/Throwbacks 90s2000s/Chris Brown - Yo (Excuse Me Miss) [Chris Brown (Expanded Edition)].mp3,,282000,Music,,10000,0,20000,0,320,Unknown,2009,1.0,4:42
Beyoncé feat. Jay‐Z - Crazy in Love [Dangerously in Love],Z:/Throwbacks 90s2000s/Beyoncé feat. Jay‐Z - Crazy in Love [Dangerously in Love].mp3,,236000,Music,,10000,0,20000,0,320,Unknown,2003,1.0,3:56
J. Holiday - Fallin' [Back of My Lac'],Z:/Throwbacks 90s2000s/J. Holiday - Fallin' [Back of My Lac'].mp3,,221000,Music,,10000,0,20000,0,320,Unknown,2007,1.0,3:41
"Jazmine Sullivan - Lions, Tigers & Bears [Fearless]","Z:/Throwbacks 90s2000s/Jazmine Sullivan - Lions, Tigers & Bears [Fearless].mp3",,251000,Music,,10000,0,20000,0,320,Unknown,2008,1.0,4:11
Ne‐Yo - Fade Into the Background [Year of the Gentleman (Bonus Track Version)],Z:/Throwbacks 90s2000s/Ne‐Yo - Fade Into the Background [Year of the Gentleman (Bonus Track Version)].mp3,,198000,Music,,10000,0,20000,0,320,Unknown,2008,1.0,3:18
Jaheim - Happiness [Ghetto Love],Z:/Throwbacks 90s2000s/Jaheim - Happiness [Ghetto Love].mp3,,195000,Music,,10000,0,20000,0,320,Unknown,2001,1.0,3:15
D’Angelo - Lady [Brown Sugar],Z:/Throwbacks 90s2000s/D’Angelo - Lady [Brown Sugar].mp3,,346000,Music,,10000,0,20000,0,320,Unknown,2017,1.0,5:46
Lloyd feat. Ashanti - Southside [Southside],Z:/Throwbacks 90s2000s/Lloyd feat. Ashanti - Southside [Southside].mp3,,271000,Music,,10000,0,20000,0,320,Unknown,2004,1.0,4:31
Robin Thicke - Ask Myself [The Evolution of Robin Thicke],Z:/Throwbacks 90s2000s/Robin Thicke - Ask Myself [The Evolution of Robin Thicke].mp3,,227000,Music,,10000,0,20000,0,320,Unknown,2006,1.0,3:47
Brian McKnight - Love of My Life [Superhero],Z:/Throwbacks 90s2000s/Brian McKnight - Love of My Life [Superhero].mp3,,281000,Music,,10000,0,20000,0,320,Unknown,2001,1.0,4:41
Outsource - Contagious [Go Beyond],Z:/Throwbacks 90s2000s/Outsource - Contagious [Go Beyond].mp3,,285000,Music,,10000,0,20000,0,320,Unknown,2009,1.0,4:45
Ciara feat. 50 Cent - Can’t Leave ’em Alone [The Evolution],Z:/Throwbacks 90s2000s/Ciara feat. 50 Cent - Can’t Leave ’em Alone [The Evolution].mp3,,249000,Music,,10000,0,20000,0,320,Unknown,2007,1.0,4:09
India.Arie - Brown Skin [Sexy Crazy Cool],Z:/Throwbacks 90s2000s/India.Arie - Brown Skin [Sexy Crazy Cool].mp3,,236000,Music,,10000,0,20000,0,320,Unknown,2002,1.0,3:56
Mary J. Blige - Mary Jane (All Night Long) [My Life],Z:/Throwbacks 90s2000s/Mary J. Blige - Mary Jane (All Night Long) [My Life].mp3,,279000,Music,,10000,0,20000,0,320,Unknown,2020,1.0,4:39
Rihanna feat. JAY‐Z - Umbrella [Good Girl Gone Bad],Z:/Throwbacks 90s2000s/Rihanna feat. JAY‐Z - Umbrella [Good Girl Gone Bad].mp3,,276000,Music,,10000,0,20000,0,320,Unknown,2007,1.0,4:36
Ne‐Yo - It Just Ain’t Right [In My Own Words],Z:/Throwbacks 90s2000s/Ne‐Yo - It Just Ain’t Right [In My Own Words].mp3,,227000,Music,,10000,0,20000,0,320,Unknown,2007,1.0,3:47
Alicia Keys - Love Is Blind [The Element of Freedom],Z:/Throwbacks 90s2000s/Alicia Keys - Love Is Blind [The Element of Freedom].mp3,,229000,Music,,10000,0,20000,0,320,Unknown,2009,1.0,3:49
Kindred the Family Soul - Where Would I Be (The Question) [In This Life Together],Z:/Throwbacks 90s2000s/Kindred the Family Soul - Where Would I Be (The Question) [In This Life Together].mp3,,286000,Music,,10000,0,20000,0,320,Unknown,2005,1.0,4:46
Jimmy Cozier - She's All I Got (Remix) (feat. Fabolous and E40) [Jimmy Cozier],Z:/Throwbacks 90s2000s/Jimmy Cozier - She's All I Got (Remix) (feat. Fabolous and E40) [Jimmy Cozier].mp3,,249000,Music,,10000,0,20000,0,320,Unknown,1998,1.0,4:09
Erykah Badu - On & On [Baduizm],Z:/Throwbacks 90s2000s/Erykah Badu - On & On [Baduizm].mp3,,226000,Music,,10000,0,20000,0,320,Unknown,2016,1.0,3:46
Danny Boy - It’s Over Now [Gridlock’d_ The Soundtrack],Z:/Throwbacks 90s2000s/Danny Boy - It’s Over Now [Gridlock’d_ The Soundtrack].mp3,,246000,Music,,10000,0,20000,0,320,Unknown,1997,1.0,4:06
Ginuwine - Differences (radio edit) [Ministry of Sound_ R&B Mix tape],Z:/Throwbacks 90s2000s/Ginuwine - Differences (radio edit) [Ministry of Sound_ R&B Mix tape].mp3,,254000,Music,,10000,0,20000,0,320,Unknown,2017,1.0,4:14
Musiq Soulchild - Teachme [Sobeautiful],Z:/Throwbacks 90s2000s/Musiq Soulchild - Teachme [Sobeautiful].mp3,,253000,Music,,10000,0,20000,0,320,Unknown,2019,1.0,4:13
Erykah Badu feat. Common - Love of My Life (An Ode to Hip-Hop) [With Friends & More],Z:/Throwbacks 90s2000s/Erykah Badu feat. Common - Love of My Life (An Ode to Hip-Hop) [With Friends & More].mp3,,338000,Music,,10000,0,20000,0,320,Unknown,2004,1.0,5:38
Rihanna - Love on the Brain [ANTI],Z:/Throwbacks 90s2000s/Rihanna - Love on the Brain [ANTI].mp3,,221000,Music,,10000,0,20000,0,320,Unknown,2016,1.0,3:41
Jodeci - Come & Talk to Me (remix) [Bad Boy’s R&B Hits],Z:/New School 2010+/Jodeci - Come & Talk to Me (remix) [Bad Boy’s R&B Hits].mp3,,294000,Music,,10000,0,20000,0,320,Not Found,2018,1.0,4:54
Mariah Carey feat. Boyz II Men - One Sweet Day [1996 GRAMMY Nominees],Z:/Throwbacks 90s2000s/Mariah Carey feat. Boyz II Men - One Sweet Day [1996 GRAMMY Nominees].mp3,,282000,Music,,10000,0,20000,0,320,Unknown,1996,1.0,4:42
Ciara featuring Petey Pablo - Goodies [Goodies],Z:/Throwbacks 90s2000s/Ciara featuring Petey Pablo - Goodies [Goodies].mp3,,222000,Music,,10000,0,20000,0,320,Unknown,2004,1.0,3:42
Rufus & Chaka Khan - Ain’t Nobody [100 Greatest Shower Songs],Z:/Throwbacks 90s2000s/Rufus & Chaka Khan - Ain’t Nobody [100 Greatest Shower Songs].mp3,,285000,Music,,10000,0,20000,0,320,Unknown,2019,1.0,4:45
Destiny’s Child - Say My Name [Say My Name],Z:/Throwbacks 90s2000s/Destiny’s Child - Say My Name [Say My Name].mp3,,267000,Music,,10000,0,20000,0,320,Unknown,2017,1.0,4:27
Dwele - I'm Cheatin’ [Sketches of a Man],Z:/Throwbacks 90s2000s/Dwele - I'm Cheatin’ [Sketches of a Man].mp3,,222000,Music,,10000,0,20000,0,320,Unknown,2008,1.0,3:42
Carl Thomas - I Wish [Emotional],Z:/Throwbacks 90s2000s/Carl Thomas - I Wish [Emotional].mp3,,228000,Music,,10000,0,20000,0,320,Unknown,2000,1.0,3:48
The Isley Brothers - This Old Heart of Mine [The Motown Collection],Z:/Throwbacks 90s2000s/The Isley Brothers - This Old Heart of Mine [The Motown Collection].mp3,,165000,Music,,10000,0,20000,0,320,Unknown,1990,1.0,2:45
Jaheim - Put That Woman First [Still Ghetto],Z:/Throwbacks 90s2000s/Jaheim - Put That Woman First [Still Ghetto].mp3,,245000,Music,,10000,0,20000,0,320,Unknown,2002,1.0,4:05
The Pussycat Dolls - Stickwitu [PCD],Z:/Throwbacks 90s2000s/The Pussycat Dolls - Stickwitu [PCD].mp3,,211000,Music,,10000,0,20000,0,320,Unknown,2010,1.0,3:31
Frankie J feat. Baby Bash - Obsession (No es amor) [The One],Z:/Throwbacks 90s2000s/Frankie J feat. Baby Bash - Obsession (No es amor) [The One].mp3,,225000,Music,,10000,0,20000,0,320,Unknown,2005,1.0,3:45
Usher - U Don't Have to Call [8701],Z:/Throwbacks 90s2000s/Usher - U Don't Have to Call [8701].mp3,,269000,Music,,10000,0,20000,0,320,Unknown,2001,1.0,4:29
Jon B. - I Do (Whatcha Say Boo) [Cool Relax],Z:/Throwbacks 90s2000s/Jon B. - I Do (Whatcha Say Boo) [Cool Relax].mp3,,286000,Music,,10000,0,20000,0,320,Unknown,1997,1.0,4:46
Akon - Don't Matter [Konvicted],Z:/Throwbacks 90s2000s/Akon - Don't Matter [Konvicted].mp3,,290000,Music,90's/2000's Throwbacks,10000,0,20000,0,320,Unknown,2006,1.0,4:50
"Jill Scott - He Loves Me (Lyzel in E‐Flat) [Who Is Jill Scott_ Words and Sounds, Vol. 1]","Z:/Throwbacks 90s2000s/Jill Scott - He Loves Me (Lyzel in E‐Flat) [Who Is Jill Scott_ Words and Sounds, Vol. 1].mp3",,285000,Music,,10000,0,20000,0,320,Unknown,2020,1.0,4:45
Mase feat. Total - What You Want [Harlem World],Z:/Throwbacks 90s2000s/Mase feat. Total - What You Want [Harlem World].mp3,,242000,Music,,10000,0,20000,0,320,Unknown,1997,1.0,4:02
Brandy & Monica - The Boy Is Mine [Ministry of Sound_ Throwback R&B],Z:/Throwbacks 90s2000s/Brandy & Monica - The Boy Is Mine [Ministry of Sound_ Throwback R&B].mp3,,294000,Music,,10000,0,20000,0,320,Unknown,2015,1.0,4:54
Tyrese - What Am I Gonna Do [2000 Watts],Z:/Throwbacks 90s2000s/Tyrese - What Am I Gonna Do [2000 Watts].mp3,,222000,Music,,10000,0,20000,0,320,Unknown,2009,1.0,3:42
Justin Timberlake - Summer Love [FutureSex_LoveSounds],Z:/Throwbacks 90s2000s/Justin Timberlake - Summer Love [FutureSex_LoveSounds].mp3,,253000,Music,,10000,0,20000,0,320,Unknown,2006,1.0,4:13
Jagged Edge - Walked Outta Heaven [Hard],Z:/Throwbacks 90s2000s/Jagged Edge - Walked Outta Heaven [Hard].mp3,,272000,Music,,10000,0,20000,0,320,Unknown,2003,1.0,4:32
Danny Boy - This song (remix) (Grown & sexy ),Z:/Throwbacks 90s2000s/Danny Boy - This song (remix) (Grown & sexy ).mp3,,190000,Music,,10000,0,20000,0,320,Unknown,1998,1.0,3:10
Beyoncé - Ego [I Am… Sasha Fierce],Z:/Throwbacks 90s2000s/Beyoncé - Ego [I Am… Sasha Fierce].mp3,,230000,Music,,10000,0,20000,0,320,Unknown,2009,1.0,3:50
"Donell Jones - Where You Are (Is Where I Wanna Be), Part 2 [Life Goes On]","Z:/Throwbacks 90s2000s/Donell Jones - Where You Are (Is Where I Wanna Be), Part 2 [Life Goes On].mp3",,229000,Music,,10000,0,20000,0,320,Unknown,2002,1.0,3:49
Monica - U Should’ve Known Better [After the Storm],Z:/Throwbacks 90s2000s/Monica - U Should’ve Known Better [After the Storm].mp3,,257000,Music,,10000,0,20000,0,320,Unknown,2003,1.0,4:17
Ne‐Yo - Mad [Year of the Gentleman (Bonus Track Version)],Z:/Throwbacks 90s2000s/Ne‐Yo - Mad [Year of the Gentleman (Bonus Track Version)].mp3,,252000,Music,,10000,0,20000,0,320,Unknown,2008,1.0,4:12
Donell Jones - U Know What's Up [Where I Wanna Be],Z:/Throwbacks 90s2000s/Donell Jones - U Know What's Up [Where I Wanna Be].mp3,,238000,Music,,10000,0,20000,0,320,Unknown,1999,1.0,3:58
The Notorious B.I.G. - Hypnotize [Life After Death (remastered edition)],Z:/Throwbacks 90s2000s/The Notorious B.I.G. - Hypnotize [Life After Death (remastered edition)].mp3,,229000,Music,,10000,0,20000,0,320,Unknown,2014,1.0,3:49
Chris Brown - Forever (main mix) [Forever],Z:/Throwbacks 90s2000s/Chris Brown - Forever (main mix) [Forever].mp3,,278000,Music,,10000,0,20000,0,320,Unknown,2008,1.0,4:38
India.Arie - Little Things [Urban Kiss 2003],Z:/Throwbacks 90s2000s/India.Arie - Little Things [Urban Kiss 2003].mp3,,188000,Music,,10000,0,20000,0,320,Unknown,2003,1.0,3:08
Ne‐Yo feat. Jeremih - U 2 Luv [Self Explanatory],Z:/Throwbacks 90s2000s/Ne‐Yo feat. Jeremih - U 2 Luv [Self Explanatory].mp3,,204000,Music,,10000,0,20000,0,320,Unknown,2022,1.0,3:24
Tony! Toni! Toné! - Feels Good [The Revival],Z:/Throwbacks 90s2000s/Tony! Toni! Toné! - Feels Good [The Revival].mp3,,298000,Music,,10000,0,20000,0,320,Unknown,2018,1.0,4:58
"Destiny’s Child - Independent Women, Pt. 1 [Survivor]","Z:/Throwbacks 90s2000s/Destiny’s Child - Independent Women, Pt. 1 [Survivor].mp3",,221000,Music,,10000,0,20000,0,320,Unknown,2009,1.0,3:41
Musiq - Dontchange [Juslisen],Z:/Throwbacks 90s2000s/Musiq - Dontchange [Juslisen].mp3,,304000,Music,,10000,0,20000,0,320,Unknown,2002,1.0,5:04
Justin Timberlake feat. T.I. - My Love [My Love],Z:/Throwbacks 90s2000s/Justin Timberlake feat. T.I. - My Love [My Love].mp3,,281000,Music,,10000,0,20000,0,320,Unknown,2006,1.0,4:41
TQ - I Don't Know (feat. Jagged Edge) [Paradise],Z:/Throwbacks 90s2000s/TQ - I Don't Know (feat. Jagged Edge) [Paradise].mp3,,195000,Music,,10000,0,20000,0,320,Unknown,2009,1.0,3:15
Billy Stewart - Sitting in the Park [The Beach Music Anthology],Z:/Throwbacks 90s2000s/Billy Stewart - Sitting in the Park [The Beach Music Anthology].mp3,,200000,Music,,10000,0,20000,0,320,Unknown,2000,1.0,3:20
Ne‐Yo - So Sick [In My Own Words],Z:/Throwbacks 90s2000s/Ne‐Yo - So Sick [In My Own Words].mp3,,209000,Music,,10000,0,20000,0,320,Unknown,2007,1.0,3:29
Missy Elliott feat. Ciara & Fatman Scoop - Lose Control [The Cookbook],Z:/Throwbacks 90s2000s/Missy Elliott feat. Ciara & Fatman Scoop - Lose Control [The Cookbook].mp3,,226000,Music,,10000,0,20000,0,320,Unknown,2005,1.0,3:46
Alicia Keys - If I Ain’t Got You [The Diary of Alicia Keys],Z:/Throwbacks 90s2000s/Alicia Keys - If I Ain’t Got You [The Diary of Alicia Keys].mp3,,228000,Music,,10000,0,20000,0,320,Unknown,2003,1.0,3:48
Brandy - I Wanna Be Down [Brandy],Z:/Throwbacks 90s2000s/Brandy - I Wanna Be Down [Brandy].mp3,,291000,Music,,10000,0,20000,0,320,Unknown,1994,1.0,4:51
Fabolous feat. Mike Shorey & Lil’ Mo - Can't Let You Go [Street Dreams],Z:/Throwbacks 90s2000s/Fabolous feat. Mike Shorey & Lil’ Mo - Can't Let You Go [Street Dreams].mp3,,223000,Music,,10000,0,20000,0,320,Unknown,2003,1.0,3:43
Jazmine Sullivan - Forever Don't Last [Reality Show],Z:/Throwbacks 90s2000s/Jazmine Sullivan - Forever Don't Last [Reality Show].mp3,,218000,Music,,10000,0,20000,0,320,Unknown,2015,1.0,3:38
Aretha Franklin - (You Make Me Feel Like) A Natural Woman [Soul Queen],Z:/Throwbacks 90s2000s/Aretha Franklin - (You Make Me Feel Like) A Natural Woman [Soul Queen].mp3,,160000,Music,,10000,0,20000,0,320,Unknown,2007,1.0,2:40
Jaheim - Heaven in Your Eyes [The Best Of (New York City Edition)],Z:/Throwbacks 90s2000s/Jaheim - Heaven in Your Eyes [The Best Of (New York City Edition)].mp3,,230000,Music,,10000,0,20000,0,320,Unknown,1998,1.0,3:50
Next - Wifey [Body & Soul_ Songs voller Sinnlichkeit],Z:/Throwbacks 90s2000s/Next - Wifey [Body & Soul_ Songs voller Sinnlichkeit].mp3,,241000,Music,,10000,0,20000,0,320,Unknown,2002,1.0,4:01
Percy Sledge - When a Man Loves a Woman [Atlantic Records 50 Years_ The Gold Anniversary Collection],Z:/Throwbacks 90s2000s/Percy Sledge - When a Man Loves a Woman [Atlantic Records 50 Years_ The Gold Anniversary Collection].mp3,,175000,Music,,10000,0,20000,0,320,Unknown,1998,1.0,2:55
Jaheim feat. Next - Anything [Ghetto Love],Z:/Throwbacks 90s2000s/Jaheim feat. Next - Anything [Ghetto Love].mp3,,287000,Music,,10000,0,20000,0,320,Unknown,2001,1.0,4:47
Amerie - 1 Thing [Touch],Z:/Throwbacks 90s2000s/Amerie - 1 Thing [Touch].mp3,,238000,Music,,10000,0,20000,0,320,Unknown,2005,1.0,3:58
Jamie Foxx feat. Marsha Ambrosius - Freak'in Me [Intuition],Z:/Throwbacks 90s2000s/Jamie Foxx feat. Marsha Ambrosius - Freak'in Me [Intuition].mp3,,225000,Music,,10000,0,20000,0,320,Unknown,2008,1.0,3:45
Raheem DeVaughn - Guess Who Loves You More [The Love Experience],Z:/Throwbacks 90s2000s/Raheem DeVaughn - Guess Who Loves You More [The Love Experience].mp3,,256000,Music,,10000,0,20000,0,320,Not Found,2005,1.0,5:20
Alicia Keys - You Don’t Know My Name [The Diary of Alicia Keys],Z:/Throwbacks 90s2000s/Alicia Keys - You Don’t Know My Name [The Diary of Alicia Keys].mp3,,364000,Music,,10000,0,20000,0,320,Unknown,2003,1.0,6:04
Bobby V. - Slow Down [Now That’s What I Call Music! 61],Z:/Throwbacks 90s2000s/Bobby V. - Slow Down [Now That’s What I Call Music! 61].mp3,,258000,Music,,10000,0,20000,0,320,Unknown,2005,1.0,4:18
Mario - Music for Love [Go],Z:/Throwbacks 90s2000s/Mario - Music for Love [Go].mp3,,229000,Music,,10000,0,20000,0,320,Unknown,2007,1.0,3:49
dvsn - P.O.V. [Morning After],Z:/Throwbacks 90s2000s/dvsn - P.O.V. [Morning After].mp3,,216000,Music,,10000,0,20000,0,320,Unknown,2017,1.0,3:36
Robin Thicke - Brand New Jones [A Beautiful World],Z:/Throwbacks 90s2000s/Robin Thicke - Brand New Jones [A Beautiful World].mp3,,273000,Music,,10000,0,20000,0,320,Unknown,2003,1.0,4:33
The Esquires - Get On Up [Get On Up - A Golden Classics Edition],Z:/Throwbacks 90s2000s/The Esquires - Get On Up [Get On Up - A Golden Classics Edition].mp3,,146000,Music,,10000,0,20000,0,320,Unknown,1995,1.0,2:26
Lloyd feat. Lil Wayne - You [Street Love],Z:/Throwbacks 90s2000s/Lloyd feat. Lil Wayne - You [Street Love].mp3,,273000,Music,,10000,0,20000,0,320,Unknown,2007,1.0,4:33
Fantasia - Free Yourself [Free Yourself],Z:/Throwbacks 90s2000s/Fantasia - Free Yourself [Free Yourself].mp3,,257000,Music,,10000,0,20000,0,320,Unknown,2004,1.0,4:17
Trey Songz - Can’t Help but Wait [Trey Day],Z:/Throwbacks 90s2000s/Trey Songz - Can’t Help but Wait [Trey Day].mp3,,206000,Music,,10000,0,20000,0,320,Unknown,2007,1.0,3:26
Omarion - Obsession [21],Z:/Throwbacks 90s2000s/Omarion - Obsession [21].mp3,,253000,Music,,10000,0,20000,0,320,Unknown,2006,1.0,4:13
"Jill Scott - Gettin' In the Way [Who Is Jill Scott_ - Words and Sounds, Vol. 1]","Z:/Throwbacks 90s2000s/Jill Scott - Gettin' In the Way [Who Is Jill Scott_ - Words and Sounds, Vol. 1].mp3",,215000,Music,,10000,0,20000,0,320,Unknown,2007,1.0,3:35
Warren G - Regulate [Regulate… G Funk Era],Z:/Throwbacks 90s2000s/Warren G - Regulate [Regulate… G Funk Era].mp3,,247000,Music,,10000,0,20000,0,320,Unknown,1994,1.0,4:07
Ne‐Yo & Jennifer Hudson - Leaving Tonight [Because of You_ Hit Pack],Z:/Throwbacks 90s2000s/Ne‐Yo & Jennifer Hudson - Leaving Tonight [Because of You_ Hit Pack].mp3,,314000,Music,,10000,0,20000,0,320,Unknown,2007,1.0,5:14
Sunshine Anderson - Heard It All Before [Your Woman],Z:/Throwbacks 90s2000s/Sunshine Anderson - Heard It All Before [Your Woman].mp3,,250000,Music,,10000,0,20000,0,320,Unknown,2010,1.0,4:10
Miguel feat. J. Cole & Salaam Remi - Come Through and Chill [War & Leisure],Z:/New School 2010+/Miguel feat. J. Cole & Salaam Remi - Come Through and Chill [War & Leisure].mp3,,320000,Music,,10000,0,20000,0,320,Unknown,2017,1.0,5:20
SiR - D'Evils [November],Z:/New School 2010+/SiR - D'Evils [November].mp3,,171000,Music,,10000,0,20000,0,320,Unknown,2018,1.0,2:51
Jamie Foxx feat. Drake - Fall for Your Type [Best Night of My Life],Z:/New School 2010+/Jamie Foxx feat. Drake - Fall for Your Type [Best Night of My Life].mp3,,270000,Music,,10000,0,20000,0,320,Unknown,2010,1.0,4:30
The Five Blind Boys of Mississippi - Our Father (Who Art in Heaven) [From Gospel to Soul_ When the Church Hits the Charts],Z:/New School 2010+/The Five Blind Boys of Mississippi - Our Father (Who Art in Heaven) [From Gospel to Soul_ When the Church Hits the Charts].mp3,,179000,Music,,10000,0,20000,0,320,Unknown,2004,1.0,2:59
Rihanna - Sex With Me [ANTI],Z:/New School 2010+/Rihanna - Sex With Me [ANTI].mp3,,206000,Music,,10000,0,20000,0,320,Unknown,2016,1.0,3:26
"The Tams - What Kind of Fool (Do You Think I Am) [Young, Foolish & Happy]","Z:/New School 2010+/The Tams - What Kind of Fool (Do You Think I Am) [Young, Foolish & Happy].mp3",,161000,Music,,10000,0,20000,0,320,Unknown,2020,1.0,2:41
Chris Brown - Back to Sleep [Royalty],Z:/New School 2010+/Chris Brown - Back to Sleep [Royalty].mp3,,200000,Music,,10000,0,20000,0,320,Unknown,2015,1.0,3:20
Frank Ocean feat. Earl Sweatshirt - Super Rich Kids [Channel Orange],Z:/New School 2010+/Frank Ocean feat. Earl Sweatshirt - Super Rich Kids [Channel Orange].mp3,,304000,Music,,10000,0,20000,0,320,Unknown,2012,1.0,5:04
Jazmine Sullivan - Pick Up Your Feelings [Heaux Tales],Z:/New School 2010+/Jazmine Sullivan - Pick Up Your Feelings [Heaux Tales].mp3,,224000,Music,,10000,0,20000,0,320,Unknown,2021,1.0,3:44
Teyana Taylor feat. King Combs - How You Want It_ [The Album],Z:/New School 2010+/Teyana Taylor feat. King Combs - How You Want It_ [The Album].mp3,,219000,Music,,10000,0,20000,0,320,Unknown,2020,1.0,3:39
Solange - Binz [When I Get Home],Z:/New School 2010+/Solange - Binz [When I Get Home].mp3,,111000,Music,,10000,0,20000,0,320,Unknown,2019,1.0,1:51
The Weeknd - Secrets [Starboy],Z:/New School 2010+/The Weeknd - Secrets [Starboy].mp3,,265000,Music,,10000,0,20000,0,320,Unknown,2016,1.0,4:25
T-Pain feat. Ludacris - Chopped n Skrewed [Thr33 Ringz],Z:/New School 2010+/T-Pain feat. Ludacris - Chopped n Skrewed [Thr33 Ringz].mp3,,261000,Music,,10000,0,20000,0,320,Unknown,2008,1.0,4:21
Chris Brown - Privacy [Heartbreak on a Full Moon],Z:/New School 2010+/Chris Brown - Privacy [Heartbreak on a Full Moon].mp3,,218000,Music,,10000,0,20000,0,320,Unknown,2017,1.0,3:38
Bobby Womack - If You Think You’re Lonely Now [The Poet],Z:/New School 2010+/Bobby Womack - If You Think You’re Lonely Now [The Poet].mp3,,329000,Music,,10000,0,20000,0,320,Unknown,2021,1.0,5:29
Mariah Carey - The Roof (Back in Time) (Mobb Deep extended version) [The Roof (Back in Time) EP],Z:/New School 2010+/Mariah Carey - The Roof (Back in Time) (Mobb Deep extended version) [The Roof (Back in Time) EP].mp3,,331000,Music,,10000,0,20000,0,320,Unknown,2020,1.0,5:31
"Trey Songz - Love Faces (Prod. by Troy Taylor, Edrick Miles) [Passion, Pain & Pleasure]","Z:/New School 2010+/Trey Songz - Love Faces (Prod. by Troy Taylor, Edrick Miles) [Passion, Pain & Pleasure].mp3",,242000,Music,,10000,0,20000,0,320,Unknown,2010,1.0,4:02
Rihanna feat. Mikky Ekko - Stay [Unapologetic],Z:/New School 2010+/Rihanna feat. Mikky Ekko - Stay [Unapologetic].mp3,,238000,Music,,10000,0,20000,0,320,Unknown,2012,1.0,3:58
"Ty Dolla $ign - Or Nah (Remix) [Most Wanted, Vol. 2]","Z:/New School 2010+/Ty Dolla $ign - Or Nah (Remix) [Most Wanted, Vol. 2].mp3",,239000,Music,,10000,0,20000,0,320,Unknown,2015,1.0,3:59
SiR & Isaiah Rashad - KARMA [HEAVY],Z:/New School 2010+/SiR & Isaiah Rashad - KARMA [HEAVY].mp3,,188000,Music,,10000,0,20000,0,320,Unknown,2024,1.0,3:08
Avant - You & I [Face the Music],Z:/New School 2010+/Avant - You & I [Face the Music].mp3,,238000,Music,,10000,0,20000,0,320,Unknown,2013,1.0,3:58
Ray Charles - Don't Let The Sun Catch You Cryin' [Integral Ray Charles 1949-1962],Z:/New School 2010+/Ray Charles - Don't Let The Sun Catch You Cryin' [Integral Ray Charles 1949-1962].mp3,,223000,Music,,10000,0,20000,0,320,Unknown,2023,1.0,3:43
"Trey Songz - Unusual (feat. Drake) [Passion, Pain & Pleasure (Deluxe Version)]","Z:/New School 2010+/Trey Songz - Unusual (feat. Drake) [Passion, Pain & Pleasure (Deluxe Version)].mp3",,153000,Music,,10000,0,20000,0,320,Unknown,2010,1.0,2:33
Ella Mai - Boo’d Up [Ready],Z:/New School 2010+/Ella Mai - Boo’d Up [Ready].mp3,,256000,Music,,10000,0,20000,0,320,Unknown,2017,1.0,4:16
Chris Brown feat. Gunna - Heat [Indigo],Z:/New School 2010+/Chris Brown feat. Gunna - Heat [Indigo].mp3,,232000,Music,,10000,0,20000,0,320,Unknown,2019,1.0,3:52
Janelle Monáe feat. Miguel - Primetime [The Electric Lady],Z:/New School 2010+/Janelle Monáe feat. Miguel - Primetime [The Electric Lady].mp3,,280000,Music,,10000,0,20000,0,320,Unknown,2013,1.0,4:40
Usher - Hey Daddy (Daddy’s Home) [Raymond v Raymond],Z:/New School 2010+/Usher - Hey Daddy (Daddy’s Home) [Raymond v Raymond].mp3,,224000,Music,,10000,0,20000,0,320,Unknown,2010,1.0,3:44
Summer Walker & Usher - Come Thru [Over It],Z:/New School 2010+/Summer Walker & Usher - Come Thru [Over It].mp3,,181000,Music,,10000,0,20000,0,320,Unknown,2019,1.0,3:01
Trey Songz - Wonder Woman [Trey Day],Z:/New School 2010+/Trey Songz - Wonder Woman [Trey Day].mp3,,315000,Music,,10000,0,20000,0,320,Unknown,2007,1.0,5:15
Cardi B & Bruno Mars - Please Me [Please Me],Z:/New School 2010+/Cardi B & Bruno Mars - Please Me [Please Me].mp3,,231000,Music,,10000,0,20000,0,320,Unknown,2019,1.0,3:51
Rihanna feat. Drake - What's My Name_ [Loud],Z:/New School 2010+/Rihanna feat. Drake - What's My Name_ [Loud].mp3,,262000,Music,,10000,0,20000,0,320,Unknown,2010,1.0,4:22
Mario - Crying Out for Me [Go],Z:/New School 2010+/Mario - Crying Out for Me [Go].mp3,,287000,Music,,10000,0,20000,0,320,Unknown,2007,1.0,4:47
Gladys Knight & the Pips - Midnight Train to Georgia [Imagination],Z:/Live/Gladys Knight & the Pips - Midnight Train to Georgia [Imagination].mp3,,281000,Music,,10000,0,20000,0,320,Unknown,2013,1.0,4:41
John Legend feat. Ludacris - Tonight (Best You Ever Had) [Think Like a Man_ Music From & Inspired by the Film],Z:/New School 2010+/John Legend feat. Ludacris - Tonight (Best You Ever Had) [Think Like a Man_ Music From & Inspired by the Film].mp3,,237000,Music,,10000,0,20000,0,320,Unknown,2012,1.0,3:57
Tory Lanez - Say It [I Told You],Z:/New School 2010+/Tory Lanez - Say It [I Told You].mp3,,237000,Music,,10000,0,20000,0,320,Unknown,2016,1.0,3:57
Jazmine Sullivan - Holding You Down (Goin' in Circles) [Love Me Back],Z:/New School 2010+/Jazmine Sullivan - Holding You Down (Goin' in Circles) [Love Me Back].mp3,,215000,Music,,10000,0,20000,0,320,Unknown,2010,1.0,3:35
"Plies feat. Ne‐Yo - Bust It Baby, Part 2 [Definition of Real]","Z:/New School 2010+/Plies feat. Ne‐Yo - Bust It Baby, Part 2 [Definition of Real].mp3",,238000,Music,,10000,0,20000,0,320,Unknown,2008,1.0,3:58
Johnny Gill - Rub You the Right Way [Johnny Gill],Z:/New School 2010+/Johnny Gill - Rub You the Right Way [Johnny Gill].mp3,,332000,Music,,10000,0,20000,0,320,Unknown,2017,1.0,5:32
Lorraine Ellison - Stay With Me [Smooth Soul],Z:/New School 2010+/Lorraine Ellison - Stay With Me [Smooth Soul].mp3,,210000,Music,,10000,0,20000,0,320,Unknown,2012,1.0,3:30
Marvin Gaye - Let’s Get It On [The Marvin Gaye Collection],Z:/New School 2010+/Marvin Gaye - Let’s Get It On [The Marvin Gaye Collection].mp3,,292000,Music,,10000,0,20000,0,320,Unknown,2009,1.0,4:52
"James Brown - Try Me [Live at the Apollo, 1962]","Z:/Live/James Brown - Try Me [Live at the Apollo, 1962].mp3",,146000,Music,,10000,0,20000,0,320,Unknown,2020,1.0,2:26
PARTYNEXTDOOR - Thirsty [PARTYNEXTDOOR TWO],Z:/New School 2010+/PARTYNEXTDOOR - Thirsty [PARTYNEXTDOOR TWO].mp3,,300000,Music,,10000,0,20000,0,320,Unknown,2014,1.0,5:00
Tamia - So Into You [Tamia],Z:/New School 2010+/Tamia - So Into You [Tamia].mp3,,261000,Music,,10000,0,20000,0,320,Unknown,2015,1.0,4:21
Miguel - Sure Thing [All I Want Is You],Z:/New School 2010+/Miguel - Sure Thing [All I Want Is You].mp3,,201000,Music,,10000,0,20000,0,320,Unknown,2010,1.0,3:21
Vivian Green - Get Right Back to My Baby [Vivid],Z:/New School 2010+/Vivian Green - Get Right Back to My Baby [Vivid].mp3,,212000,Music,,10000,0,20000,0,320,Unknown,2015,1.0,3:32
Ari Lennox - BMO [Shea Butter Baby],Z:/New School 2010+/Ari Lennox - BMO [Shea Butter Baby].mp3,,146000,Music,,10000,0,20000,0,320,Unknown,2019,1.0,2:26
Jhené Aiko - The Worst [Sail Out],Z:/New School 2010+/Jhené Aiko - The Worst [Sail Out].mp3,,251000,Music,,10000,0,20000,0,320,Unknown,2013,1.0,4:11
Bob & Earl - Harlem Shuffle [The Ultimate Collection_ Car Hits],Z:/New School 2010+/Bob & Earl - Harlem Shuffle [The Ultimate Collection_ Car Hits].mp3,,164000,Music,,10000,0,20000,0,320,Unknown,2019,1.0,2:44
Drake - Successful (feat. Trey Songz & Lil Wayne) [So Far Gone],Z:/New School 2010+/Drake - Successful (feat. Trey Songz & Lil Wayne) [So Far Gone].mp3,,324000,Music,,10000,0,20000,0,320,Unknown,2009,1.0,5:24
Rihanna - Needed Me [ANTI],Z:/New School 2010+/Rihanna - Needed Me [ANTI].mp3,,191000,Music,,10000,0,20000,0,320,Unknown,2016,1.0,3:11
Ciara feat. Ludacris - Ride [Basic Instinct],Z:/New School 2010+/Ciara feat. Ludacris - Ride [Basic Instinct].mp3,,273000,Music,,10000,0,20000,0,320,Unknown,2010,1.0,4:33
Tamar Braxton - If I Don’t Have You [Calling All Lovers],Z:/New School 2010+/Tamar Braxton - If I Don’t Have You [Calling All Lovers].mp3,,252000,Music,,10000,0,20000,0,320,Unknown,2015,1.0,4:12
Miguel - How Many Drinks [How Many Drinks],Z:/New School 2010+/Miguel - How Many Drinks [How Many Drinks].mp3,,266000,Music,,10000,0,20000,0,320,Unknown,2013,1.0,4:26
The Internet - Girl (feat. KAYTRANADA) [Ego Death],Z:/New School 2010+/The Internet - Girl (feat. KAYTRANADA) [Ego Death].mp3,,324000,Music,,10000,0,20000,0,320,Unknown,2015,1.0,5:24
3T feat. Michael Jackson - Why [Brotherhood],Z:/New School 2010+/3T feat. Michael Jackson - Why [Brotherhood].mp3,,320000,Music,90's/2000's Deepcuts,22677,123652,305326,76,320,Unknown,1995,1.0,5:20
Mark Morrison - Return of the Mack [Top of the Pops_ 1995–2000],Z:/New School 2010+/Mark Morrison - Return of the Mack [Top of the Pops_ 1995–2000].mp3,,273000,Music,,10000,0,20000,0,320,Unknown,2016,1.0,4:33
Tevin Campbell - I'm Ready (edit) [I'm Ready],Z:/New School 2010+/Tevin Campbell - I'm Ready (edit) [I'm Ready].mp3,,256000,Music,,10000,0,20000,0,320,Unknown,1994,1.0,4:16
SiR - All in My Head [Her],Z:/New School 2010+/SiR - All in My Head [Her].mp3,,214000,Music,,10000,0,20000,0,320,Unknown,2016,1.0,3:34
The Weeknd - Real Life [Beauty Behind the Madness],Z:/New School 2010+/The Weeknd - Real Life [Beauty Behind the Madness].mp3,,222000,Music,,10000,0,20000,0,320,Unknown,2015,1.0,3:42
Chris Brown - Fine China [X],Z:/New School 2010+/Chris Brown - Fine China [X].mp3,,213000,Music,,10000,0,20000,0,320,Unknown,2014,1.0,3:33
dvsn - Too Deep [SEPT. 5TH],Z:/New School 2010+/dvsn - Too Deep [SEPT. 5TH].mp3,,200000,Music,,10000,0,20000,0,320,Unknown,2016,1.0,3:20
BJ the Chicago Kid - Turnin’ Me Up [In My Mind],Z:/New School 2010+/BJ the Chicago Kid - Turnin’ Me Up [In My Mind].mp3,,266000,Music,,10000,0,20000,0,320,Unknown,2016,1.0,4:26
Kali Uchis feat. BIA - Miami [Isolation],Z:/New School 2010+/Kali Uchis feat. BIA - Miami [Isolation].mp3,,243000,Music,,10000,0,20000,0,320,Unknown,2018,1.0,4:03
SiR - John Redcorn [Chasing Summer],Z:/New School 2010+/SiR - John Redcorn [Chasing Summer].mp3,,187000,Music,,10000,0,20000,0,320,Unknown,2019,1.0,3:07
Jhené Aiko - Summer 2020 [Chilombo],Z:/New School 2010+/Jhené Aiko - Summer 2020 [Chilombo].mp3,,196000,Music,,10000,0,20000,0,320,Unknown,2020,1.0,3:16
Drake - Best I Ever Had [So Far Gone],Z:/New School 2010+/Drake - Best I Ever Had [So Far Gone].mp3,,252000,Music,,10000,0,20000,0,320,Unknown,2009,1.0,4:12
Ledisi - High [Let Love Rule],Z:/New School 2010+/Ledisi - High [Let Love Rule].mp3,,244000,Music,,10000,0,20000,0,320,Unknown,2017,1.0,4:04
Next - Too Close [TMF Hitzone_ Best of '98],Z:/New School 2010+/Next - Too Close [TMF Hitzone_ Best of '98].mp3,,376000,Music,,10000,0,20000,0,320,Unknown,1998,1.0,6:16
Anthony David - Forever More [As Above So Below],Z:/New School 2010+/Anthony David - Forever More [As Above So Below].mp3,,243000,Music,,10000,0,20000,0,320,Unknown,2011,1.0,4:03
Lloyd - Lay It Down [King of Hearts],Z:/New School 2010+/Lloyd - Lay It Down [King of Hearts].mp3,,238000,Music,,10000,0,20000,0,320,Unknown,2011,1.0,3:58
Barrett Strong - Money (That’s What I Want) [Motown_ The Musical_ The Classic Songs That Inspired the Musical!],Z:/New School 2010+/Barrett Strong - Money (That’s What I Want) [Motown_ The Musical_ The Classic Songs That Inspired the Musical!].mp3,,158000,Music,,10000,0,20000,0,320,Unknown,2012,1.0,2:38
Ashanti - Rock Wit U (Awww Baby) [Chapter II],Z:/New School 2010+/Ashanti - Rock Wit U (Awww Baby) [Chapter II].mp3,,209000,Music,,10000,0,20000,0,320,Unknown,2003,1.0,3:29
SZA feat. Travis Scott - Love Galore [Ctrl],Z:/New School 2010+/SZA feat. Travis Scott - Love Galore [Ctrl].mp3,,272000,Music,,10000,0,20000,0,320,Unknown,2017,1.0,4:32
Changing Faces - Stroke You Up [Changing Faces],Z:/New School 2010+/Changing Faces - Stroke You Up [Changing Faces].mp3,,352000,Music,,10000,0,20000,0,320,Unknown,1994,1.0,5:52
Xscape - Just Kickin’ It [Ultimate R&B],Z:/New School 2010+/Xscape - Just Kickin’ It [Ultimate R&B].mp3,,204000,Music,,10000,0,20000,0,320,Unknown,2015,1.0,3:24
Ari Lennox feat. JID - Broke [Shea Butter Baby],Z:/New School 2010+/Ari Lennox feat. JID - Broke [Shea Butter Baby].mp3,,240000,Music,,10000,0,20000,0,320,Unknown,2019,1.0,4:00
Miguel - Quickie [All I Want Is You],Z:/New School 2010+/Miguel - Quickie [All I Want Is You].mp3,,227000,Music,,10000,0,20000,0,320,Unknown,2010,1.0,3:47
Brian McKnight - Everytime You Go Away [Gemini],Z:/New School 2010+/Brian McKnight - Everytime You Go Away [Gemini].mp3,,282000,Music,,10000,0,20000,0,320,Unknown,2010,1.0,4:42
Beyoncé - 7_11 [7_11],Z:/New School 2010+/Beyoncé - 7_11 [7_11].mp3,,211000,Music,,10000,0,20000,0,320,Unknown,2014,1.0,3:31
dvsn - A Muse [A Muse In Her Feelings],Z:/New School 2010+/dvsn - A Muse [A Muse In Her Feelings].mp3,,239000,Music,,10000,0,20000,0,320,Unknown,2020,1.0,3:59
Ari Lennox - Whipped Cream [Shea Butter Baby],Z:/New School 2010+/Ari Lennox - Whipped Cream [Shea Butter Baby].mp3,,286000,Music,,10000,0,20000,0,320,Unknown,2019,1.0,4:46
Jackie Wilson - Lonely Teardrops [20 Greatest Hits],Z:/New School 2010+/Jackie Wilson - Lonely Teardrops [20 Greatest Hits].mp3,,163000,Music,,10000,0,20000,0,320,Unknown,2010,1.0,2:43
Teyana Taylor feat. Pusha T & Yo Gotti - Maybe [Now That’s What I Call Music! 51],Z:/New School 2010+/Teyana Taylor feat. Pusha T & Yo Gotti - Maybe [Now That’s What I Call Music! 51].mp3,,243000,Music,,10000,0,20000,0,320,Unknown,2014,1.0,4:03
Royal Philharmonic Orchestra - Dancing In The Street [Motown_ A Symphony of Soul],Z:/New School 2010+/Royal Philharmonic Orchestra - Dancing In The Street [Motown_ A Symphony of Soul].mp3,,161000,Music,,10000,0,20000,0,320,Unknown,2021,1.0,2:41
Jazmine Sullivan - Let It Burn [Reality Show],Z:/New School 2010+/Jazmine Sullivan - Let It Burn [Reality Show].mp3,,220000,Music,,10000,0,20000,0,320,Unknown,2015,1.0,3:40
Fontella Bass - Rescue Me [Vietnam_ A Musical Retrospective],Z:/New School 2010+/Fontella Bass - Rescue Me [Vietnam_ A Musical Retrospective].mp3,,166000,Music,,10000,0,20000,0,320,Unknown,2010,1.0,2:46
"Trey Songz feat. Nicki Minaj - Touchin, Lovin [Trigga Reloaded]","Z:/New School 2010+/Trey Songz feat. Nicki Minaj - Touchin, Lovin [Trigga Reloaded].mp3",,222000,Music,,10000,0,20000,0,320,Unknown,2015,1.0,3:42
Ro James - Already Knew That [Eldorado],Z:/New School 2010+/Ro James - Already Knew That [Eldorado].mp3,,206000,Music,,10000,0,20000,0,320,Unknown,2016,1.0,3:26
Whitney Houston - My Love Is Your Love [My Love Is Your Love],Z:/New School 2010+/Whitney Houston - My Love Is Your Love [My Love Is Your Love].mp3,,261000,Music,,10000,0,20000,0,320,Unknown,2017,1.0,4:21
Teyana Taylor - No Manners [K.T.S.E.],Z:/New School 2010+/Teyana Taylor - No Manners [K.T.S.E.].mp3,,98000,Music,,10000,0,20000,0,320,Unknown,2018,1.0,1:38
Jeremih feat. J. Cole - Planez [Late Nights],Z:/New School 2010+/Jeremih feat. J. Cole - Planez [Late Nights].mp3,,238000,Music,,10000,0,20000,0,320,Unknown,2015,1.0,3:58
Keri Hilson feat. Kanye West - Pretty Girl Rock [No Boys Allowed],Z:/New School 2010+/Keri Hilson feat. Kanye West - Pretty Girl Rock [No Boys Allowed].mp3,,256000,Music,,10000,0,20000,0,320,Unknown,2010,1.0,4:16
Az Yet - Last Night [She's Magic],Z:/New School 2010+/Az Yet - Last Night [She's Magic].mp3,,271000,Music,,10000,0,20000,0,320,Unknown,2016,1.0,4:31
The Impressions - Keep on Pushing [People Get Ready! The Curtis Mayfield Story],Z:/New School 2010+/The Impressions - Keep on Pushing [People Get Ready! The Curtis Mayfield Story].mp3,,152000,Music,,10000,0,20000,0,320,Unknown,1996,1.0,2:32
August Alsina feat. Nicki Minaj - No Love [No Love (Remix)],Z:/New School 2010+/August Alsina feat. Nicki Minaj - No Love [No Love (Remix)].mp3,,276000,Music,,10000,0,20000,0,320,Unknown,2014,1.0,4:36
"Toni Braxton & Babyface - Hurt You [Love, Marriage & Divorce]","Z:/New School 2010+/Toni Braxton & Babyface - Hurt You [Love, Marriage & Divorce].mp3",,249000,Music,,10000,0,20000,0,320,Unknown,2014,1.0,4:09
Chris Brown - Don't Think They Know (feat. Aaliyah) [X (Expanded Edition)],Z:/New School 2010+/Chris Brown - Don't Think They Know (feat. Aaliyah) [X (Expanded Edition)].mp3,,296000,Music,,10000,0,20000,0,320,Unknown,2013,1.0,4:56
Childish Gambino - Feels Like Summer [Summer Pack],Z:/New School 2010+/Childish Gambino - Feels Like Summer [Summer Pack].mp3,,278000,Music,,10000,0,20000,0,320,Unknown,2018,1.0,4:38
PARTYNEXTDOOR - Break From Toronto [PARTYNEXTDOOR],Z:/New School 2010+/PARTYNEXTDOOR - Break From Toronto [PARTYNEXTDOOR].mp3,,99000,Music,,10000,0,20000,0,320,Unknown,2013,1.0,1:39
Zhané - Hey Mr. D.J. [Pronounced Jah‐Nay],Z:/New School 2010+/Zhané - Hey Mr. D.J. [Pronounced Jah‐Nay].mp3,,252000,Music,,10000,0,20000,0,320,Unknown,2018,1.0,4:12
Ari Lennox feat. Cozz - Backseat [Revenge of the Dreamers II],Z:/New School 2010+/Ari Lennox feat. Cozz - Backseat [Revenge of the Dreamers II].mp3,,216000,Music,,10000,0,20000,0,320,Unknown,2015,1.0,3:36
Frank Ocean - Nights [Blonde],Z:/New School 2010+/Frank Ocean - Nights [Blonde].mp3,,307000,Music,,10000,0,20000,0,320,Unknown,2016,1.0,5:07
Wyclef Jean - Gone Till November [Wyclef Jean presents The Carnival],Z:/New School 2010+/Wyclef Jean - Gone Till November [Wyclef Jean presents The Carnival].mp3,,207000,Music,,10000,0,20000,0,320,Unknown,2015,1.0,3:27
Chris Brown feat. Drake - No Guidance [Indigo],Z:/New School 2010+/Chris Brown feat. Drake - No Guidance [Indigo].mp3,,260000,Music,,10000,0,20000,0,320,Unknown,2019,1.0,4:20
"Khalid, 6LACK & Ty Dolla $ign - OTW [OTW]","Z:/New School 2010+/Khalid, 6LACK & Ty Dolla $ign - OTW [OTW].mp3",,260000,Music,,10000,0,20000,0,320,Unknown,2018,1.0,4:20
William Bell - You Don't Miss Your Water [Soulsville U.S.A._ A Celebration of Stax],Z:/New School 2010+/William Bell - You Don't Miss Your Water [Soulsville U.S.A._ A Celebration of Stax].mp3,,181000,Music,,10000,0,20000,0,320,Unknown,2017,1.0,3:01
Mint Condition - Nothing Left to Say [E-Life],Z:/New School 2010+/Mint Condition - Nothing Left to Say [E-Life].mp3,,284000,Music,,10000,0,20000,0,320,Not Found,2017,1.0,4:44
Trey Songz - All We Do [Trigga],Z:/New School 2010+/Trey Songz - All We Do [Trigga].mp3,,263000,Music,,10000,0,20000,0,320,Unknown,2014,1.0,4:23
Miguel - Adorn [Kaleidoscope Dream],Z:/New School 2010+/Miguel - Adorn [Kaleidoscope Dream].mp3,,192000,Music,,10000,0,20000,0,320,Unknown,2012,1.0,3:12
Danny Boy - So High [So High],Z:/New School 2010+/Danny Boy - So High [So High].mp3,,181000,Music,,10000,0,20000,0,320,Unknown,2024,1.0,3:01
Marsha Ambrosius - Hope She Cheats on You (With a Basketball Player) [Late Nights & Early Mornings],Z:/New School 2010+/Marsha Ambrosius - Hope She Cheats on You (With a Basketball Player) [Late Nights & Early Mornings].mp3,,243000,Music,,10000,0,20000,0,320,Unknown,2011,1.0,4:03
Rihanna feat. Future - Loveeeeeee Song [Unapologetic],Z:/New School 2010+/Rihanna feat. Future - Loveeeeeee Song [Unapologetic].mp3,,254000,Music,,10000,0,20000,0,320,Unknown,2012,1.0,4:14
Cee-Lo Green feat. Philip Bailey - Fool for You [The Lady Killer (the platinum edition)],Z:/New School 2010+/Cee-Lo Green feat. Philip Bailey - Fool for You [The Lady Killer (the platinum edition)].mp3,,221000,Music,,10000,0,20000,0,320,Unknown,2011,1.0,3:41
Ty Dolla $ign feat. B.o.B - Paranoid [Black Summer Party 2014],Z:/New School 2010+/Ty Dolla $ign feat. B.o.B - Paranoid [Black Summer Party 2014].mp3,,216000,Music,,10000,0,20000,0,320,Unknown,2014,1.0,3:36
Bryson Tiller - Exchange [T R A P S O U L],Z:/New School 2010+/Bryson Tiller - Exchange [T R A P S O U L].mp3,,194000,Music,,10000,0,20000,0,320,Unknown,2015,1.0,3:14
SiR feat. Sabrina Claudio - That’s Why I Love You [Chasing Summer],Z:/New School 2010+/SiR feat. Sabrina Claudio - That’s Why I Love You [Chasing Summer].mp3,,241000,Music,,10000,0,20000,0,320,Unknown,2019,1.0,4:01
Bell Biv DeVoe - Poison [Body By Jake_ Modern Pop Workout (BPM 104-128)],Z:/New School 2010+/Bell Biv DeVoe - Poison [Body By Jake_ Modern Pop Workout (BPM 104-128)].mp3,,252000,Music,,10000,0,20000,0,320,Unknown,2018,1.0,4:12
SZA - Broken Clocks [Broken Clocks],Z:/New School 2010+/SZA - Broken Clocks [Broken Clocks].mp3,,230000,Music,,10000,0,20000,0,320,Unknown,2017,1.0,3:50
Miguel feat. J. Cole - All I Want Is You [All I Want Is You],Z:/New School 2010+/Miguel feat. J. Cole - All I Want Is You [All I Want Is You].mp3,,290000,Music,,10000,0,20000,0,320,Unknown,2010,1.0,4:50
SiR - Dreaming of Me [November],Z:/New School 2010+/SiR - Dreaming of Me [November].mp3,,216000,Music,,10000,0,20000,0,320,Unknown,2018,1.0,3:36
Beyoncé - Formation [Lemonade],Z:/New School 2010+/Beyoncé - Formation [Lemonade].mp3,,206000,Music,,10000,0,20000,0,320,Unknown,2016,1.0,3:26
DJ Khaled feat. Rihanna & Bryson Tiller - Wild Thoughts [Grateful],Z:/New School 2010+/DJ Khaled feat. Rihanna & Bryson Tiller - Wild Thoughts [Grateful].mp3,,202000,Music,,10000,0,20000,0,320,Unknown,2017,1.0,3:22
Khalid - Location [American Teen],Z:/New School 2010+/Khalid - Location [American Teen].mp3,,216000,Music,,10000,0,20000,0,320,Unknown,2017,1.0,3:36
"Drake feat. Majid Jordan - Hold On, We’re Going Home [Nothing Was the Same]","Z:/New School 2010+/Drake feat. Majid Jordan - Hold On, We’re Going Home [Nothing Was the Same].mp3",,223000,Music,,10000,0,20000,0,320,Unknown,2013,1.0,3:43
Anderson .Paak ft. BJ the Chicago Kid - The Waters [Malibu],Z:/New School 2010+/Anderson .Paak ft. BJ the Chicago Kid - The Waters [Malibu].mp3,,174000,Music,,10000,0,20000,0,320,Unknown,2016,1.0,2:54
New Edition - I’m Still in Love With You [Home Again],Z:/New School 2010+/New Edition - I’m Still in Love With You [Home Again].mp3,,279000,Music,,10000,0,20000,0,320,Unknown,2017,1.0,4:39
Jeremih feat. Y.G. - Don't Tell 'Em [Late Nights],Z:/New School 2010+/Jeremih feat. Y.G. - Don't Tell 'Em [Late Nights].mp3,,265000,Music,,10000,0,20000,0,320,Unknown,2015,1.0,4:25
Teyana Taylor - Gonna Love Me [K.T.S.E.],Z:/New School 2010+/Teyana Taylor - Gonna Love Me [K.T.S.E.].mp3,,166000,Music,,10000,0,20000,0,320,Unknown,2018,1.0,2:46
Jhené Aiko feat. Swae Lee - Sativa [Trip],Z:/New School 2010+/Jhené Aiko feat. Swae Lee - Sativa [Trip].mp3,,277000,Music,,10000,0,20000,0,320,Unknown,2017,1.0,4:37
Color Me Badd - I Wanna Sex You Up [New Jack City],Z:/New School 2010+/Color Me Badd - I Wanna Sex You Up [New Jack City].mp3,,236000,Music,,10000,0,20000,0,320,Unknown,1991,1.0,3:56
Luke James feat. A$AP Ferg - Drip [Drip],Z:/New School 2010+/Luke James feat. A$AP Ferg - Drip [Drip].mp3,,220000,Music,,10000,0,20000,0,320,Unknown,2017,1.0,3:40
Chris Brown feat. Tyga & Kevin McCall - Deuces [F.A.M.E.],Z:/New School 2010+/Chris Brown feat. Tyga & Kevin McCall - Deuces [F.A.M.E.].mp3,,274000,Music,,10000,0,20000,0,320,Unknown,2011,1.0,4:34
Frank Ocean - Forrest Gump [Channel Orange],Z:/New School 2010+/Frank Ocean - Forrest Gump [Channel Orange].mp3,,193000,Music,,10000,0,20000,0,320,Unknown,2012,1.0,3:13
Tyrone Davis - A Woman Needs to Be Loved [The Ultimate],Z:/New School 2010+/Tyrone Davis - A Woman Needs to Be Loved [The Ultimate].mp3,,169000,Music,,10000,0,20000,0,320,Unknown,2005,1.0,2:49
Freeez - I O U [Studio 54],Z:/New School 2010+/Freeez - I O U [Studio 54].mp3,,231000,Music,,10000,0,20000,0,320,Unknown,2002,1.0,3:51
Ella Mai - Trip [Ella Mai],Z:/New School 2010+/Ella Mai - Trip [Ella Mai].mp3,,214000,Music,,10000,0,20000,0,320,Unknown,2018,1.0,3:34
Majid Jordan - You [The Space Between],Z:/New School 2010+/Majid Jordan - You [The Space Between].mp3,,342000,Music,,10000,0,20000,0,320,Unknown,2017,1.0,5:42
"The Impressions - People Get Ready [The Singer, the Song]","Z:/New School 2010+/The Impressions - People Get Ready [The Singer, the Song].mp3",,158000,Music,,10000,0,20000,0,320,Unknown,2011,1.0,2:38
Ro James - Permission [Eldorado],Z:/New School 2010+/Ro James - Permission [Eldorado].mp3,,276000,Music,,10000,0,20000,0,320,Unknown,2016,1.0,4:36
SZA - The Weekend [Ctrl],Z:/New School 2010+/SZA - The Weekend [Ctrl].mp3,,235000,Music,,10000,0,20000,0,320,Unknown,2017,1.0,3:55
Toni Braxton - Let It Flow [Secrets],Z:/New School 2010+/Toni Braxton - Let It Flow [Secrets].mp3,,262000,Music,,10000,0,20000,0,320,Unknown,2016,1.0,4:22
Wale feat. Jeremih - On Chill [Wow… That’s Crazy],Z:/New School 2010+/Wale feat. Jeremih - On Chill [Wow… That’s Crazy].mp3,,210000,Music,,10000,0,20000,0,320,Unknown,2019,1.0,3:30
Rihanna feat. Drake - Work [ANTI],Z:/New School 2010+/Rihanna feat. Drake - Work [ANTI].mp3,,213000,Music,,10000,0,20000,0,320,Unknown,2016,1.0,3:33
Miguel feat. Travis Scott - Sky Walker [War & Leisure],Z:/New School 2010+/Miguel feat. Travis Scott - Sky Walker [War & Leisure].mp3,,259000,Music,,10000,0,20000,0,320,Unknown,2017,1.0,4:19
The Weeknd - The Hills [Beauty Behind the Madness],Z:/New School 2010+/The Weeknd - The Hills [Beauty Behind the Madness].mp3,,240000,Music,,10000,0,20000,0,320,Unknown,2015,1.0,4:00
Sly & the Family Stone - Sing a Simple Song (alternate mix) [SLY LIVES! (aka the Burden of Black Genius)],Z:/Live/Sly & the Family Stone - Sing a Simple Song (alternate mix) [SLY LIVES! (aka the Burden of Black Genius)].mp3,,355000,Music,,10000,0,20000,0,320,Unknown,2025,1.0,5:55
Frank Ocean feat. André 3000 - Pink Matter [Channel Orange],Z:/New School 2010+/Frank Ocean feat. André 3000 - Pink Matter [Channel Orange].mp3,,268000,Music,,10000,0,20000,0,320,Unknown,2012,1.0,4:28
dvsn - Nuh Time _ Tek Time [Morning After],Z:/New School 2010+/dvsn - Nuh Time _ Tek Time [Morning After].mp3,,340000,Music,,10000,0,20000,0,320,Unknown,2017,1.0,5:40
The Weeknd featuring Labrinth - Losers [Beauty Behind the Madness],Z:/New School 2010+/The Weeknd featuring Labrinth - Losers [Beauty Behind the Madness].mp3,,280000,Music,,10000,0,20000,0,320,Unknown,2015,1.0,4:40
The Weeknd - Die For You [Starboy],Z:/New School 2010+/The Weeknd - Die For You [Starboy].mp3,,258000,Music,,10000,0,20000,0,320,Unknown,2016,1.0,4:18
Bryson Tiller feat. Drake - Outta Time [A N N I V E R S A R Y],Z:/New School 2010+/Bryson Tiller feat. Drake - Outta Time [A N N I V E R S A R Y].mp3,,198000,Music,,10000,0,20000,0,320,Unknown,2020,1.0,3:18
"The Weeknd - Call Out My Name [My Dear Melancholy,]","Z:/New School 2010+/The Weeknd - Call Out My Name [My Dear Melancholy,].mp3",,228000,Music,,10000,0,20000,0,320,Unknown,2018,1.0,3:48
Rick Ro$$ feat. Drake & Chrisette Michele - Aston Martin Music [Teflon Don],Z:/New School 2010+/Rick Ro$$ feat. Drake & Chrisette Michele - Aston Martin Music [Teflon Don].mp3,,270000,Music,,10000,0,20000,0,320,Unknown,2010,1.0,4:30
The Stylistics - You Are Everything [The Best of The Stylistics],Z:/New School 2010+/The Stylistics - You Are Everything [The Best of The Stylistics].mp3,,163000,Music,,10000,0,20000,0,320,Unknown,1985,1.0,2:43
Bloodstone - Natural High [Smooth Grooves_ The Essential Collection],Z:/New School 2010+/Bloodstone - Natural High [Smooth Grooves_ The Essential Collection].mp3,,240000,Music,,10000,0,20000,0,320,Unknown,2000,1.0,4:00
Rihanna - You da One [Talk That Talk],Z:/New School 2010+/Rihanna - You da One [Talk That Talk].mp3,,198000,Music,,10000,0,20000,0,320,Unknown,2011,1.0,3:18
Frank Ocean - Thinkin Bout You [Channel Orange],Z:/New School 2010+/Frank Ocean - Thinkin Bout You [Channel Orange].mp3,,199000,Music,,10000,0,20000,0,320,Unknown,2012,1.0,3:19
CeeLo Green featuring Philip Bailey - Fool for You [The Lady Killer],Z:/New School 2010+/CeeLo Green featuring Philip Bailey - Fool for You [The Lady Killer].mp3,,218000,Music,,10000,0,20000,0,320,Unknown,2010,1.0,3:38
Stevie Wonder - For Once in My Life [For Once in My Life],Z:/Live/Stevie Wonder - For Once in My Life [For Once in My Life].mp3,,167000,Music,,10000,0,20000,0,320,Unknown,1968,1.0,2:47
The Gap Band - Outstanding [Live and Well],Z:/Live/The Gap Band - Outstanding [Live and Well].mp3,,339000,Music,,10000,0,20000,0,320,Unknown,2003,1.0,5:39
Trey Songz - Neighbors Know My Name [MTV Unplugged],Z:/Live/Trey Songz - Neighbors Know My Name [MTV Unplugged].mp3,,270000,Music,,10000,0,20000,0,320,Unknown,2010,1.0,4:30
Lalah Hathaway - Angel [Lalah Hathaway Live],Z:/Live/Lalah Hathaway - Angel [Lalah Hathaway Live].mp3,,342000,Music,,10000,0,20000,0,320,Unknown,2015,1.0,5:42
Otis Redding - Try a Little Tenderness [Live in Europe],Z:/Live/Otis Redding - Try a Little Tenderness [Live in Europe].mp3,,306000,Music,,10000,0,20000,0,320,Unknown,1967,1.0,5:06
Maze Featuring Frankie Beverly - Joy and Pain [Live in Los Angeles],Z:/Live/Maze Featuring Frankie Beverly - Joy and Pain [Live in Los Angeles].mp3,,432000,Music,,10000,0,20000,0,320,Unknown,1986,1.0,7:12
"Maze feat. Frankie Beverly - Before I Let Go [New Jersey Drive, Volume 1]","Z:/Live/Maze feat. Frankie Beverly - Before I Let Go [New Jersey Drive, Volume 1].mp3",,293000,Music,,10000,0,20000,0,320,Unknown,1995,1.0,4:53
Otis Redding - I’ve Been Loving You Too Long (live in Europe) [Otis Blue_ Otis Redding Sings Soul],Z:/Live/Otis Redding - I’ve Been Loving You Too Long (live in Europe) [Otis Blue_ Otis Redding Sings Soul].mp3,,250000,Music,,10000,0,20000,0,320,Unknown,2008,1.0,4:10
Erykah Badu - Tyrone (Live) [Live],Z:/Live/Erykah Badu - Tyrone (Live) [Live].mp3,,221000,Music,,10000,0,20000,0,320,Unknown,1997,1.0,3:41
Usher - Confessions Part II [Confessions (Expanded Edition)],Z:/Throwbacks 90s2000s/Usher - Confessions Part II [Confessions (Expanded Edition)].mp3,,211000,Music,,10000,0,20000,0,320,Unknown,2004,1.0,3:31
Usher - Confessions [Confessions (Expanded Edition)],Z:/Throwbacks 90s2000s/Usher - Confessions [Confessions (Expanded Edition)].mp3,,260000,Music,,10000,0,20000,0,320,Unknown,2004,1.0,4:20
BJ The Chicago Kid - Time Today [1123],Z:/New School 2010+/BJ The Chicago Kid - Time Today [1123].mp3,,199000,Music,,10000,0,20000,0,320,Unknown,2019,1.0,3:19
BJ The Chicago Kid - Time Today (Remix) [1123 (Deluxe Edition)],Z:/New School 2010+/BJ The Chicago Kid - Time Today (Remix) [1123 (Deluxe Edition)].mp3,,199000,Music,,10000,0,20000,0,320,Unknown,2019,1.0,3:19
Koffee Brown - After Party [Mars_Venus],Z:/Throwbacks 90s2000s/Koffee Brown - After Party [Mars_Venus].mp3,,214000,Music,,10000,0,20000,0,320,Unknown,2000,1.0,3:34
Maxwell - Ascension (Don't Ever Wonder) [Maxwell's Urban Hang Suite],Z:/Throwbacks 90s2000s/Maxwell - Ascension (Don't Ever Wonder) [Maxwell's Urban Hang Suite].mp3,,346000,Music,,10000,0,20000,0,320,Unknown,1996,1.0,5:46
Maxwell - Fortunate [Fortunate],Z:/Throwbacks 90s2000s/Maxwell - Fortunate [Fortunate].mp3,,301000,Music,,10000,0,20000,0,320,Unknown,1999,1.0,5:01
Maxwell - Luxury_ Cococure [Embrya],Z:/Throwbacks 90s2000s/Maxwell - Luxury_ Cococure [Embrya].mp3,,332000,Music,,10000,0,20000,0,320,Unknown,1998,1.0,5:32
Maxwell - Lake By the Ocean [blackSUMMERS'night (2016)],Z:/New School 2010+/Maxwell - Lake By the Ocean [blackSUMMERS'night (2016)].mp3,,239000,Music,,10000,0,20000,0,320,Unknown,2016,1.0,3:59
Ari Lennox - Shea Butter Baby (feat. J. Cole) [Shea Butter Baby],Z:/New School 2010+/Ari Lennox - Shea Butter Baby (feat. J. Cole) [Shea Butter Baby].mp3,,211000,Music,,10000,0,20000,0,320,Unknown,2018,1.0,3:31
Anthony Hamilton - Charlene [Comin' From Where I'm From],Z:/Throwbacks 90s2000s/Anthony Hamilton - Charlene [Comin' From Where I'm From].mp3,,246000,Music,,10000,0,20000,0,320,Unknown,2003,1.0,4:06
Anthony Hamilton - Comin' from Where I'm From (Radio Mix) [Comin' From Where I'm From],Z:/Throwbacks 90s2000s/Anthony Hamilton - Comin' from Where I'm From (Radio Mix) [Comin' From Where I'm From].mp3,,240000,Music,,10000,0,20000,0,320,Unknown,2003,1.0,4:00
Anthony Hamilton - I'm A Mess [Comin' From Where I'm From],Z:/Throwbacks 90s2000s/Anthony Hamilton - I'm A Mess [Comin' From Where I'm From].mp3,,264000,Music,,10000,0,20000,0,320,Unknown,2003,1.0,4:24
Anthony Hamilton - Cool (feat. David Banner) [The Point Of It All],Z:/Throwbacks 90s2000s/Anthony Hamilton - Cool (feat. David Banner) [The Point Of It All].mp3,,255000,Music,,10000,0,20000,0,320,Unknown,2008,1.0,4:15
Ne-Yo - Miss Independent [Year Of The Gentleman (Bonus Track Edition)],Z:/Throwbacks 90s2000s/Ne-Yo - Miss Independent [Year Of The Gentleman (Bonus Track Edition)].mp3,,232000,Music,,10000,0,20000,0,320,Unknown,2008,1.0,3:52
Frank Ocean - Novacane [Novacane],Z:/New School 2010+/Frank Ocean - Novacane [Novacane].mp3,,302000,Music,,10000,0,20000,0,320,Unknown,2011,1.0,5:02
Frank Ocean - Swim Good [Swim Good],Z:/New School 2010+/Frank Ocean - Swim Good [Swim Good].mp3,,257000,Music,,10000,0,20000,0,320,Unknown,2011,1.0,4:17
Blackstreet - Before I Let You Go [Blackstreet],Z:/Throwbacks 90s2000s/Blackstreet - Before I Let You Go [Blackstreet].mp3,,299000,Music,,10000,0,20000,0,320,Unknown,1994,1.0,4:59
Blackstreet - Joy [Blackstreet],Z:/Throwbacks 90s2000s/Blackstreet - Joy [Blackstreet].mp3,,295000,Music,,10000,0,20000,0,320,Unknown,1994,1.0,4:55
Jill Scott - Golden [Beautifully Human_ Words and Sounds Vol. 2],Z:/Throwbacks 90s2000s/Jill Scott - Golden [Beautifully Human_ Words and Sounds Vol. 2].mp3,,231000,Music,,10000,0,20000,0,320,Unknown,2004,1.0,3:51
Jill Scott - So in Love (feat. Anthony Hamilton) [The Light of the Sun],Z:/New School 2010+/Jill Scott - So in Love (feat. Anthony Hamilton) [The Light of the Sun].mp3,,275000,Music,,10000,0,20000,0,320,Unknown,2011,1.0,4:35
Bobby Brown - Every Little Step (With Rap) [Don't Be Cruel (Expanded Edition)],Z:/Old School 70s80s/Bobby Brown - Every Little Step (With Rap) [Don't Be Cruel (Expanded Edition)].mp3,,252000,Music,,10000,0,20000,0,320,Unknown,1989,1.0,4:12
Bobby Brown - Humpin' Around [Bobby],Z:/Throwbacks 90s2000s/Bobby Brown - Humpin' Around [Bobby].mp3,,378000,Music,,10000,0,20000,0,320,Unknown,1992,1.0,6:18
New Edition - Cool It Now [New Edition],Z:/Old School 70s80s/New Edition - Cool It Now [New Edition].mp3,,347000,Music,,10000,0,20000,0,320,Unknown,1984,1.0,5:47
New Edition - Hit Me Off [Home Again],Z:/Throwbacks 90s2000s/New Edition - Hit Me Off [Home Again].mp3,,261000,Music,,10000,0,20000,0,320,Unknown,1996,1.0,4:21
Ralph Tresvant - Sensitivity [Ralph Tresvant (Expanded Edition)],Z:/Throwbacks 90s2000s/Ralph Tresvant - Sensitivity [Ralph Tresvant (Expanded Edition)].mp3,,281000,Music,,10000,0,20000,0,320,Unknown,1990,1.0,4:41
India.Arie - That Magic [Worthy],Z:/New School 2010+/India.Arie - That Magic [Worthy].mp3,,279000,Music,,10000,0,20000,0,320,Unknown,2018,1.0,4:39
Eric Benét - Spend My Life With You [A Day in the Life],Z:/Throwbacks 90s2000s/Eric Benét - Spend My Life With You [A Day in the Life].mp3,,276000,Music,,10000,0,20000,0,320,Unknown,1999,1.0,4:36
Eric Benét - Georgy Porgy (feat. Faith Evans) [A Day in the Life],Z:/Throwbacks 90s2000s/Eric Benét - Georgy Porgy (feat. Faith Evans) [A Day in the Life].mp3,,280000,Music,,10000,0,20000,0,320,Unknown,1999,1.0,4:40
Eric Benét - Femininity [True to Myself],Z:/Throwbacks 90s2000s/Eric Benét - Femininity [True to Myself].mp3,,288000,Music,,10000,0,20000,0,320,Unknown,1996,1.0,4:48
Eric Benét - Pretty Baby [Hurricane],Z:/Throwbacks 90s2000s/Eric Benét - Pretty Baby [Hurricane].mp3,,294000,Music,,10000,0,20000,0,320,Unknown,2005,1.0,4:54
Usher - Good Kisser [Good Kisser],Z:/New School 2010+/Usher - Good Kisser [Good Kisser].mp3,,249000,Music,,10000,0,20000,0,320,Unknown,2014,1.0,4:09
USHER - Good Good [COMING HOME],Z:/New School 2010+/USHER - Good Good [COMING HOME].mp3,,247000,Music,,10000,0,20000,0,320,Unknown,2023,1.0,4:07
Usher - OMG (feat. will.i.am) [Raymond v Raymond (Expanded Edition)],Z:/New School 2010+/Usher - OMG (feat. will.i.am) [Raymond v Raymond (Expanded Edition)].mp3,,269000,Music,,10000,0,20000,0,320,Unknown,2010,1.0,4:29
Usher - Nice & Slow (Radio Version) [My Way],Z:/Throwbacks 90s2000s/Usher - Nice & Slow (Radio Version) [My Way].mp3,,227000,Music,,10000,0,20000,0,320,Unknown,1997,1.0,3:47
Usher - Lemme See (feat. Rick Ross) [Looking 4 Myself (Deluxe Edition)],Z:/New School 2010+/Usher - Lemme See (feat. Rick Ross) [Looking 4 Myself (Deluxe Edition)].mp3,,252000,Music,,10000,0,20000,0,320,Unknown,2012,1.0,4:12
USHER - Ruin [COMING HOME],Z:/New School 2010+/USHER - Ruin [COMING HOME].mp3,,181000,Music,,10000,0,20000,0,320,Unknown,2024,1.0,3:01
Usher - Bad Habits [Bad Habits],Z:/New School 2010+/Usher - Bad Habits [Bad Habits].mp3,,257000,Music,,10000,0,20000,0,320,Unknown,2020,1.0,4:17
Usher - Slow Jam (feat. Monica) [My Way],Z:/Throwbacks 90s2000s/Usher - Slow Jam (feat. Monica) [My Way].mp3,,283000,Music,,10000,0,20000,0,320,Unknown,1997,1.0,4:43
Usher - You Make Me Wanna... [My Way],Z:/Throwbacks 90s2000s/Usher - You Make Me Wanna... [My Way].mp3,,219000,Music,,10000,0,20000,0,320,Unknown,1997,1.0,3:39
Donell Jones - Shorty (Got Her Eyes on Me) [Where I Wanna Be],Z:/Throwbacks 90s2000s/Donell Jones - Shorty (Got Her Eyes on Me) [Where I Wanna Be].mp3,,192000,Music,,10000,0,20000,0,320,Unknown,1999,1.0,3:12
Montell Jordan - Falling [More ...],Z:/Throwbacks 90s2000s/Montell Jordan - Falling [More ...].mp3,,241000,Music,,10000,0,20000,0,320,Unknown,1996,1.0,4:01
Montell Jordan - What's On Tonight [More ...],Z:/Throwbacks 90s2000s/Montell Jordan - What's On Tonight [More ...].mp3,,276000,Music,,10000,0,20000,0,320,Unknown,1996,1.0,4:36
Montell Jordan - This Is How We Do It [This Is How We Do It],Z:/Throwbacks 90s2000s/Montell Jordan - This Is How We Do It [This Is How We Do It].mp3,,233000,Music,,10000,0,20000,0,320,Unknown,2009,1.0,3:53
Montell Jordan - Get It On Tonite [Old School Love],Z:/Throwbacks 90s2000s/Montell Jordan - Get It On Tonite [Old School Love].mp3,,277000,Music,,10000,0,20000,0,320,Unknown,1999,1.0,4:37
TLC - No Scrubs [Fanmail],Z:/Throwbacks 90s2000s/TLC - No Scrubs [Fanmail].mp3,,214000,Music,,10000,0,20000,0,320,Unknown,1999,1.0,3:34
TLC - No Scrubs (with Rap) [No Scrubs],Z:/Throwbacks 90s2000s/TLC - No Scrubs (with Rap) [No Scrubs].mp3,,219000,Music,,10000,0,20000,0,320,Unknown,1999,1.0,3:39
Lucy Pearl - Dance Tonight [Lucy Pearl],Z:/Throwbacks 90s2000s/Lucy Pearl - Dance Tonight [Lucy Pearl].mp3,,221000,Music,,10000,0,20000,0,320,Unknown,2000,1.0,3:41
Lionel Richie - All Night Long (All Night) [Can't Slow Down (Deluxe Edition)],Z:/Old School 70s80s/Lionel Richie - All Night Long (All Night) [Can't Slow Down (Deluxe Edition)].mp3,,383000,Music,,10000,0,20000,0,320,Unknown,1983,1.0,6:23
Robin Thicke - When I Get You Alone [A Beautiful World (20th Anniversary Deluxe Edition)],Z:/Throwbacks 90s2000s/Robin Thicke - When I Get You Alone [A Beautiful World (20th Anniversary Deluxe Edition)].mp3,,216000,Music,,10000,0,20000,0,320,Unknown,2002,1.0,3:36
Lucky Daye - Over [Candydrip],Z:/New School 2010+/Lucky Daye - Over [Candydrip].mp3,,207000,Music,,10000,0,20000,0,320,Unknown,2021,1.0,3:27
Lucky Daye - That's You [Algorithm],Z:/New School 2010+/Lucky Daye - That's You [Algorithm].mp3,,319000,Music,,10000,0,20000,0,320,Unknown,2023,1.0,5:19
Teyana Taylor - Hard Part [Escape Room],Z:/New School 2010+/Teyana Taylor - Hard Part [Escape Room].mp3,,158000,Music,,10000,0,20000,0,320,Unknown,2025,1.0,2:38
Lucky Daye - Roll Some Mo [Painted],Z:/New School 2010+/Lucky Daye - Roll Some Mo [Painted].mp3,,292000,Music,,10000,0,20000,0,320,Unknown,2018,1.0,4:52
Lucky Daye - How Much Can A Heart Take (feat. Yebba) [Table For Two],Z:/New School 2010+/Lucky Daye - How Much Can A Heart Take (feat. Yebba) [Table For Two].mp3,,302000,Music,,10000,0,20000,0,320,Unknown,2021,1.0,5:02
Lucky Daye - Guess [Candydrip],Z:/New School 2010+/Lucky Daye - Guess [Candydrip].mp3,,193000,Music,,10000,0,20000,0,320,Unknown,2022,1.0,3:13
SiR - Summer in November [November],Z:/New School 2010+/SiR - Summer in November [November].mp3,,229000,Music,,10000,0,20000,0,320,Unknown,2018,1.0,3:49
SiR - Hair Down [Chasing Summer],Z:/New School 2010+/SiR - Hair Down [Chasing Summer].mp3,,216000,Music,,10000,0,20000,0,320,Unknown,2019,1.0,3:36
SiR - The Recipe [Chasing Summer],Z:/New School 2010+/SiR - The Recipe [Chasing Summer].mp3,,178000,Music,,10000,0,20000,0,320,Unknown,2019,1.0,2:58
SiR - POETRY IN MOTION [Heavy Deluxe_ THE LIGHT],Z:/New School 2010+/SiR - POETRY IN MOTION [Heavy Deluxe_ THE LIGHT].mp3,,191000,Music,,10000,0,20000,0,320,Unknown,2025,1.0,3:11
SiR - YOU [Heavy Deluxe_ THE LIGHT],Z:/New School 2010+/SiR - YOU [Heavy Deluxe_ THE LIGHT].mp3,,211000,Music,,10000,0,20000,0,320,Unknown,2025,1.0,3:31
Amerie - Why Don't We Fall in Love [All I Have],Z:/Throwbacks 90s2000s/Amerie - Why Don't We Fall in Love [All I Have].mp3,https://music.youtube.com/watch?v=vvTbnDdgVP8&si=JFefFT-Ss57hNfXU,159000,Music,,10000,0,20000,0,320,Not Found,2002,1.0,2:39
Otis Redding - (Sittin' On) the Dock of the Bay [The Dock of the Bay],Z:/Classics/Otis Redding - (Sittin' On) the Dock of the Bay [The Dock of the Bay].mp3,,166896,Music,Classics (Smooth),10000,0,20000,0,159,"Sittin' in the mornin' sun
I'll be sittin' when the evenin' come
Watching the ships roll in
And then I watch 'em roll away again, yeah

I'm sittin' on the dock of the bay
Watching the tide roll away
Ooo, I'm just sittin' on the dock of the bay
Wastin' time

I left my home in Georgia
Headed for the 'Frisco bay
'Cause I've had nothing to live for
And look like nothing's gonna come my way

So I'm just gonna sit on the dock of the bay
Watching the tide roll away
Ooo, I'm sittin' on the dock of the bay
Wastin' time

Look like nothing's gonna change
Everything still remains the same
I can't do what ten people tell me to do
So I guess I'll remain the same, yes

Sittin' here resting my bones
And this loneliness won't leave me alone
It's two thousand miles I roamed
Just to make this dock my home

Now, I'm just gonna sit at the dock of the bay
Watching the tide roll away
Oooo-wee, sittin' on the dock of the bay
Wastin' time",1968,1.0,2:46
Anita Baker - Giving You the Best That I Got [Giving You the Best That I Got],Z:/Old School 70s80s/Anita Baker - Giving You the Best That I Got [Giving You the Best That I Got].mp3,,260545,Music,Old School 70s80s (Smooth),10000,0,20000,0,233,"Ain't there something I can give you
In exchange for everything you give to me
Read my mind and make me feel just fine
When I think my peace of mind is out
Of reach

The scales are sometimes unbalanced
And you bear the weight of all that has to be
I hope you see that you can lean on me
And together we can calm a stormy sea

We love so strong and so unselfishly
And I tell you now that I made a vow
I'm giving you the best that I got, baby
Yes I tell you now, that I made a vow
I'm giving you the best that I got, honey

Everybody's got opinions
'Bout the way they think our story's gonna end
Some folks feel it's just a superficial thrill
Everybody's gonna have to think again

We love so strong and so unselfishly
They don't bother me so I'm gonna keep on
Giving you the best that I got, baby
They don't bother me, said I'm gonna keep on
Giving you the best that I got, listen baby

Somebody understands me
Somebody gave his heart to me
I stumbled my whole life long
Always on my own, now I'm home

My weary mind is rested
And I feel as if my home is in your arms
Fears are all gone, I like the sound of your song
And I think I want to sing it forever
We love so strong and so unselfishly
And I made a vow so I tell you now
I'm giving you the best that I got, listen baby
I bet everything on my wedding ring
I'm giving you the best that I got
Givin' it to you baby",1988,1.0,4:20
Whitney Houston - Greatest Love of All [Whitney Houston],Z:/Old School 70s80s/Whitney Houston - Greatest Love of All [Whitney Houston].mp3,,297927,Music,Old School 70s80s (Smooth),10000,0,20000,0,263,"I believe the children are our future
Teach them well and let them lead the way
Show them all the beauty they possess inside
Give them a sense of pride to make it easier
Let the children's laughter remind us how we used to be

Everybody searching for a hero
People need someone to look up to
I never found anyone who fulfill my needs
A lonely place to be
And so I learned to depend on me

I decided long ago
Never to walk in anyone's shadows
If I fail, if I succeed
At least I'll live as I believe
No matter what they take from me
They can't take away my dignity

Because the greatest love of all
Is happening to me
I found the greatest love of all
Inside of me
The greatest love of all
Is easy to achieve
Learning to love yourself
It is the greatest love of all

I believe the children are our future
Teach them well and let them lead the way
Show them all the beauty they possess inside
Give them a sense of pride to make it easier
Let the children's laughter remind us how we used to be

I decided long ago
Never to walk in anyone's shadows
If I fail, if I succeed
At least I'll live as I believe
No matter what they take from me
They can't take away my dignity

Because the greatest love of all
Is happening to me
I found the greatest love of all
Inside of me

The greatest love of all
Is easy to achieve
Learning to love yourself
Is the greatest love of all

And if, by chance, that special place
That you've been dreaming of
Leads you to a lonely place
Find your strength in love",1985,1.0,4:57
Troop - All I Do Is Think of You [Attitude],Z:/Old School 70s80s/Troop - All I Do Is Think of You [Attitude].mp3,,229120,Music,Old School 70s80s (Smooth),10000,0,20000,0,256,"I can't wait to get to school each day
And wait for you to pass my way
And bells start to ring
An angel starts to sing
""Hey that's the girl for you
So what are you gonna do?""
Hey, little girl!
I love you! (I love you so)
(All I do is think of you)
(Day and night) day and night, that's all I do
I can't get you off my mind
(Think about) all the time
All the time
I begin to take the long way home
Just so I can be alone
To think of how to say
""My heart is here to stay""
(""Hey, I'm in love with you
I think the world of you"")
So won't you please, please be mine?
(Oh, please be mine, mine)
(All I do is think of you) baby, baby
(Day and night) day and night, that's all I do
(I can't get you off my mind) I can't get you...
(Think about...) thinking 'bout you all the time
All the time, ooh
Girl, there's so many things that I wanna tell you but I don't...
(I just think about you) I'm in love with you
I think the world of you, ooh
(All I do is think of you)
(Day and night) day and night, until night, night and day
Night and day, yeah-yeah, ooh
(I can't get you off my mind, think about)
Oh-ooh, baby
I keep thinking about you
All night long
Ooh baby, day and night, that's all I do
Whoa-ooh, I can't get you
Can't get you off my mind
(All I do is think of you)
(Day and night) day and night, that's all I do
I can't get you off my mind
I should be thinking about you (think about)
All I do is think of you
Day and night
'Cause I can't get you off my mind
Think about
All I do is think of you
Day and night
",1989,1.0,3:49
Janet Jackson - Love Will Never Do (Without You) [Rhythm Nation 1814],Z:/Old School 70s80s/Janet Jackson - Love Will Never Do (Without You) [Rhythm Nation 1814].mp3,,350041,Music,Old School 70s80s (Smooth),10000,0,20000,0,263,"Our friends think we're opposites
Falling in and out of love
They've all said we'd never last
Still, we manage to stay together

There's no easy explanation for it
But whenever there's a problem
We always work it out somehow
Work it out somehow

They said it wouldn't last
We had to prove them wrong
'Cause I've learned in the past
That love would never do without you

Other guys have tried before
To replace you as my lover
Never did I have a doubt
Boy, it's you I can't do without

I feel better when I have you near me
'Cause no other love around
Has quite the same, ooh, ooh
Like you do, do, do, do babe

They said it wouldn't last
We had to prove them wrong
'Cause I've learned in the past
That love would never do without you

Do without you
Love would never do without you, whoo
Do without you

Ooh
Ooh!
Go on

(Love would never do) fine
(Never do without you) oh yeah
(Love would never do) fine
(Never do without you) not for me
(Love would never do) fine
(Never do without you) oh yeah
(Love would never do) fine
(Never do without you) baby

(Love would never do) fine
(Never do without you) oh yeah
(Love would never do) fine
(Never do without you) baby
(Love would never do) fine
(Never do without you) oh, oh
(Love would never do) whoo
(Never do without you) say it

(Love will never do) never do
(Love will never do without you) ooh, ooh
(Love will never do) never
(Love will never do without you) ooh, ooh
(Love will never do)
(Love will never do without you) baby, yeah

What?
(They said it)
(They said it wouldn't last)
(They said it)
(They said it wouldn't last) woo
(They said) hey
(They said it wouldn't) what do you want?
(They said it wouldn't last)

If you believe in love, sing
(Love will never do)
(Love will never do without you)
(Love will never do)
(Love will never do without you)

(They said it wouldn't last)
(We had to prove them wrong)
('Cause I've learned in the past)
(That love would never do without you)
(We had to prove them wrong)
('Cause I've learned in the past)
(That love would never do without you)

(We had to prove them wrong)
('Cause I've learned in the past)
(That love would never do without)
(Do without)
(You)
(They said it)
(They said it)",1989,1.0,5:50
The Pointer Sisters - I'm So Excited [So Excited! (Expanded Edition)],Z:/Old School 70s80s/The Pointer Sisters - I'm So Excited [So Excited! (Expanded Edition)].mp3,,230687,Music,Old School 70s80s (Smooth),10000,0,20000,0,262,"Tonight's the night we're gonna make it happen
Tonight we'll put all other things aside
Give in this time and show me some affection
We're goin' for those pleasures in the night

I want to love you, feel you
Wrap myself around you
I want to squeeze you, please you
I just can't get enough
And if you move real slow, I'll let it go

I'm so excited, and I just can't hide it
I'm about to lose control and I think I like it
I'm so excited, and I just can't hide it
And I know, I know, I know, I know, I know I want you

And we shouldn't even think about tomorrow
Sweet memories will last a long, long time
And we'll have a good time, baby, don't you worry
And if we're still playin' around, boy, that's just fine

Let's get excited, we just can't hide it
I'm about to lose control and I think I like it
I'm so excited and I just can't hide it
And I know, I know, I know, I know, I know I want you, I want you
Oh yes I do

Oh boy, I want to love you, feel you
Honey wrap myself around you
I want to squeeze you, please you
No I just can't get enough
And if you move real slow, I'll let it go

I'm so excited, and I just can't hide it
I'm about to lose control and I think I like it
I'm so excited, and I just can't hide it
And I know, I know, I know, I know, I know I want you, I want you

Look what you do to me
You got me burning up (Burning up)
How did you get to me?
I've got to give it up

And I'm so excited (Look what you do to me)
Oh boy (You got me burning up)
I'm burning up yeah, oh I think I like it (Yeah)
You, you, you, you, you got me (I've got to give it up)
(Oh oh oh oh) Oh, ooh I like it boy
And I'm so excited (Look what you do to me)
And I just can't hide it (You got me burning up)",1982,1.0,3:50
Janet Jackson - Let's Wait Awhile [Control],Z:/Old School 70s80s/Janet Jackson - Let's Wait Awhile [Control].mp3,,277447,Music,Old School 70s80s (Smooth),10000,0,20000,0,248,"There's something I want to tell you
There's something I think that you should know
It's not that I shouldn't really love you
Let's take it slow

When we get to know each other
And we're both feeling much stronger
Then let's try to talk it over
Let's wait awhile longer

Let's wait awhile before it's too late
Let's wait awhile before we go too far

Remember that special night
When all of the stars where shining bright
We made our first endeavor
To stay together

We made our very first promise
To love, to share and be real honest
But on that very first night
It wasn't quite right

Let's wait awhile before it's too late
Let's wait awhile, our love will be great
Let's wait awhile before we go too far

I didn't really know not to let all my feelings show
To save some for later so our love can be greater

You said you would always love me
Remember, I said the same thing too
You don't have to be frightened with my love
Because, I'll never give up on you

Let's wait awhile, awhile before it's too late
You know you can't rush love, love
Let's wait awhile before it's too late
Let's wait awhile, our love will be great
Let's wait awhile before we go too far
Let's wait awhile before it's too late
Let's wait awhile, our love will be great
Let's wait awhile before we go too far

I promise, I'll be worth the wait",1986,1.0,4:37
Luther Vandross - Superstar _ Until You Come Back to Me (That's What I'm Gonna Do) [Busy Body],Z:/Old School 70s80s/Luther Vandross - Superstar _ Until You Come Back to Me (That's What I'm Gonna Do) [Busy Body].mp3,,558811,Music,Old School 70s80s (Smooth),10000,0,20000,0,249,"I wanna tell you, baby
The changes I've been goin' through
Missin' you, missin' you, oh... oh...
Till you come back to me
I don't know what I'm gonna do
N-n-n-no, n-n-no

Don't you remember you told me you loved me, baby
You said you'd be comin' back this way again, baby
Baby, baby, baby, baby, baby, oh, baby
I love you
Yeah... I really do

Long ago
And oh, so far away
I fell in love with you
Before the second show

And your guitar
And you sound so sweet and clear
But you're not really here
It's just the radio

Don't you remember you told me you loved me, baby
You said you'd be comin' back this way again, baby
Baby, baby, baby, baby, oh, baby, yeah
I love you
I really do

(To belong) Yeah... hey... eah... yeah... hey... hey
(To belong) Whoa... ho... oh... whoa... ho... ho...
Yeah, yeah, yeah, yeah
Yeah, yeah

You looked for me to be yours
You want my love, but you're on the road
Don't you remember me anymore

Loneliness
Is such a sad affair
A sad affair
And I can hardly wait
To be with you again

And what to say, to say
To make you come again
Oh, honey
Come on back to me again, yeah, hey
I wanna be, I wanna be anywhere you are

Don't you remember you told me you loved me, baby
You said you'd be comin' back this way again, baby
Baby, baby, baby, woo, baby, oh, baby
Yes, I love you
I really do

Yeah, hey...
Yeah, yeah... eah... yeah... ooh...
Play it easy, play it easy
Keep it right there, keep it right there, keep it right there
Yeah, yeah, yeah, yeah, yeah, yeah, yeah, yeah
What are you gonna say
It's alright, it's alright
Ooh, baby, it's alright, it's alright
Alright now
Keep it right there, keep it right there
Yeah, yeah, yeah, yeah, yeah, yeah, yeah
It's alright, it's alright
Ooh, baby, it's alright, it's alright
Say it's alright, it's alright
Say, ooh, baby, it's alright, it's alright
Alright now
Eah...
L-l-l-l-love
Yeah, yeah, yeah, yeah, yeah
Eah... ooh... ooh... yeah... hea...
Say it's alright, it's alright
Ooh, baby, it's alright, it's alright
Alright now
Alright now
I used to be sad
But now it's alright, it's alright
Ooh, baby, it's alright, it's alright
Alright now
I wonder, I wonder
Where are you again tonight
Are you holdin' someone else real tight
I wonder, I wonder, I wonder",1983,1.0,9:18
Luther Vandross - Anyone Who Had a Heart [Give Me The Reason],Z:/Old School 70s80s/Luther Vandross - Anyone Who Had a Heart [Give Me The Reason].mp3,,346305,Music,Old School 70s80s (Smooth),10000,0,20000,0,241,"Uhh, yeah, yeah
Ooh, ooh, ohh, yeah, yeah

Anyone who ever loved
Could look at me, and know that I love you
Anyone who ever dreamed
Could look at me, and know I dream of you

Knowing I love you so
Anyone who had a heart would take me
In her arms and, love me too, you
You couldn't really have a heart
And heart me, like you've hurt me
And be so untrue

What am I to do?

Everytime you go away
I always say it's goodbye dear
Loving you the way I do, I'd take you back
Without you I'd die dear!

Knowing I love you so, hey
Anyone who had a heart would take me
In her arms and, love me too, you
Ya couldn't really have a heart and hurt me
Like you've hurt me, and be so untrue

So what, can I do?

Yeah, ooooh, ohh, ooh yeah
Knowing I love you so hey
Anyone who had a heart would take me
In her arms and, love me too, you
You couldn't really have a heart, and hurt me
Like you've hurt me and be so untrue, yeah
Anyone who had a heart would love me too
Yeah

Anyone who had a heart would surely take me
In her arms and, always love me, and love me
And love me

Why won't you?

Anyone who had a heart would love me too, ooooh

Anyone who had a heart would surely, take me
In her arms, and always love me, love me

And why won't you?

Anyone who had a heart would love me too
Anyone who had a heart would surely
Take me, anyone would, move at me

Why?
Why won't you!
No one's gonna love you like I do
No one's gonna make you feel the way I do!
Hey yeah, no one, no one, no one
No one, no one, no one",1986,1.0,5:46
Anita Baker - No One in the World [Rapture],Z:/Old School 70s80s/Anita Baker - No One in the World [Rapture].mp3,,246936,Music,Old School 70s80s (Smooth),10000,0,20000,0,259,"I look back on all those good times we once shared
And I must have been blind
Just to think I'd find someone new
One who'd love me better than you

Well, it may come as a surprise
Loneliness has opened my eyes
I tried every love I could find
Still, I can't get you out of my mind

'Cause there's no one in the world to hold me
No one in the world's gonna move me
No one in the world can love me like you do, baby
Every time I'm with someone
I'm loving you, yes, I want to run
I wanna run back to your arms again
Ain't no one in the world (no one in the world)
Loves me like you do

Are you happy now with your life?
Well, for me, I'm breaking inside
So self-assured that I could not see
I had it all when you were with me, baby

No one in the world's gonna hold me
No one in the word can move me
No one in the world can love me like you do, baby
Every time I'm with someone
I'm loving you and I want to run
I wanna run back to your arms again
Ain't no one in the world (no one in the world)
Loves me like you do

Please take me back (please take me back)
Oh babe, I can't go on (I can't go on)
I'm not happy in my life without you
I'll do whatever it takes
I've got to get you back with me again (got to get you back with me)
I realize I need you here in my life

(No one in the world) no one, no one
(No one in the world) nobody loves me like you do
(No one in the world)
(Like you do) my, my, my, baby
(Every time) you got the love that I need
(Love I need) ain't nobody 'round here to love me

Ain't no one in the world (no one in the world)
In this world
In this world, ooh
(No one in the world)",1986,1.0,4:06
Troop - Spread My Wings [Attitude],Z:/Old School 70s80s/Troop - Spread My Wings [Attitude].mp3,,308297,Music,Old School 70s80s (Smooth),10000,0,20000,0,254,"Verse I

I've imagined faces of many lovers
To ease the pain of having no one
In My Life.
And i'm tried of being undercover...
It's time to Navigate my feelings tonight...

Hook:
The sky is calm
The stars are bright.
What's better than to be in flight.
I'll relax my mind
And be at ease...
and let this journey
Set me free
Set me free.

Chrous:

I'll Spread my wings
And fly away...(away)
To a place. that I long for.
And my heart will be... the pathway.

I'm searching for a love
That 's ever more...

verse II

I've oftened wondered how'd i managed.
Always seraching, but, not finding a true heart.
What does it take to find me a lover.
I'm hoping that I dont' have to fly.
to far...

Hook:

Cause the sky is calm
The stars are bright.
And what's better than
to be in flight.
I'll relax my mind and be at ease.
and let this journey set me free
Set me free...

(Repeat Chorus)
(ad-lib till fade)",1989,1.0,5:08
Janet Jackson - Rhythm Nation [Rhythm Nation 1814],Z:/Old School 70s80s/Janet Jackson - Rhythm Nation [Rhythm Nation 1814].mp3,,330971,Music,Old School 70s80s (Smooth),10000,0,20000,0,276,"Yeah yeah yeah yeah, yeah yeah yeah
Bass, bass, bass, bass

With music by our side
To break the color lines
Let's work together
To improve our way of life
Join voices in protest
To social injustice
A generation full of courage
Come forth with me

People of the world today
Are we looking for a better way of life
We are a part of the rhythm nation
People of the world unite
Strength in numbers we can get it right
One time
We are a part of the rhythm nation

This is the test
No struggle no progress (lend)
Lend a hand to help your brother do it's best
Things are getting worse
We have to make them better
It's time to give a damn
Let's work together come on, yeah

People of the world today
Are we looking for a better way of life (say)
We are a part of the rhythm nation (people)
People of the world unite
Strength in numbers we can get it right
One time
We are a part of the rhythm nation (everybody)

People of the world today
Are we looking for a better way of life
We are a part of the rhythm nation
People of the world unite
Strength in numbers we can get it right
One time (rhythm)
We are a part of the rhythm nation

Bass, bass, bass, bass
Bass, bass, bass, bass, bass, bass, bass
Bass, bass
Bass, bass
Bass, bass, bass
Bass, bass

Say it people
Say it children
Say it if you want a better way of life
Say it people
Say it children
Say it if you want a better way of life

Bass, bass, bass, bass, bass, bass
Bass, bass, bass, bass, bass, bass
Bass, bass, bass, bass, bass, bass
Bass, bass, bass, bass, bass, bass

Everybody say it
People of the world today
Are we looking for a better way of life
We are a part of the rhythm nation
People of the world unite
Strength in numbers we can get it right
One time
We are a part of the rhythm nation (rhythm)

People of the world today
Are we looking for a better way of life
We are a part of the rhythm nation (woah)
People of the world unite
Strength in numbers we can get it right
One time
We are a part of the rhythm nation

Rhythm nation (yeah)
Rhythm nation
Rhythm Nation
Rhythm nation
Rhythm nation
Rhythm nation
Rhythm nation",1989,1.0,5:30
Anita Baker - Angel [The Songstress],Z:/Old School 70s80s/Anita Baker - Angel [The Songstress].mp3,,300748,Music,Old School 70s80s (Smooth),10000,0,20000,0,231,"If I could I'd give you the world
Wrap it all around you
Won't be satisfied with just a piece of his heart

My angel
Oh, angel
You're my angel
Oh, angel

Dreams are dreams, some dreams come true
I found a real dream, baby, when I found you
You're so strong, but tender too

You're my angel
Oh, angel
You're my angel
Oh, angel

Love like ours is heaven sent
Each day a day to remember
Feel so safe, feel secure with you...

You... give me love, you keep right on giving
Fill me up, baby, with the joy of living
When things get tough I can always turn to you

You're my angel
Oh, angel
You're my angel

Love the way we touch, I love the way it feels
Every time you're near me my poor heart just won't keep still
No doubt about it that this love I feel is real
Ask me to go with you, you know I will

Hold me near, hold me tight
Only you can make it real, only you make it all right
Just let me know that I am special to you

My angel
Oh, angel
You're my angel
Oh, angel

You're my angel
Oh, angel
You're my angel
Oh, angel

You're my angel
Oh, angel",1983,1.0,5:00
Janet Jackson - Alright [Rhythm Nation 1814],Z:/Old School 70s80s/Janet Jackson - Alright [Rhythm Nation 1814].mp3,,386586,Music,Old School 70s80s (Smooth),10000,0,20000,0,277,"Right, right, right
Sho-be-doop-do-wah
Baby, baby
Sure 'nough, it's alright with me
Right, right
Sure 'nough, alright with me
Seeing that your love's true
Never I'll doubt you
My heart belongs to you, that's
Alright with me
World could end around me
So in love that I can't see
You and me were meant to be, that's
Alright with me
Friends come and friends may go
My friend, you're real I know
True self you have shown
You're alright with me
Through thick and thick to thin
I'll love you till the end
You know it's true my friend
You're alright with me
Friends come and friends may go
My friend, you're real I know
True self you have shown
You're alright with me
Through thick, thick to thin
I'll love you till the end
You know it's true my friend
You're alright with me
(Alright with me) Alright with me
(Alright with me) Sho-be-doop-do-wah
(Alright with me) Alright with me
(Alright with me) Alright with me
Catch a fallin' star that shines (shines)
Make a wish clap three times
Dreams come true, it's in the mind, that's
Alright with me
Your wish is my command
Never thought I'd fall in love again (again)
Again with my best friend, that's
Friends come and friends may go (friends come)
My friend, you're real I know
True self you have shown
You're alright with me
Through thick, thick to thin (to thin)
I'll love you till the end (yeah)
You know it's true my friend
You're alright with me
Always and everlasting
This love is just not passing
We're happy as can be
Alright with me
(Alright with me) Alright with me
(Alright with me) Sho-be-doop-do-wah
(Alright with me) Alright
It's alright, baby
It's alright
I tell ya that it's alright with me
Worlds could end around me
So in love I can't see
You and me were meant to be, that's
Sure 'nough, it's alright with me
Friends come and friends may go
My friend, you're real I know (alright)
True self you have shown
You're alright with me
Through thick, thick to thin (sugar)
I'll love you till the end (baby)
You know it's true my friend (sure 'nough)
It's alright with me
(Alright with me) Alright with me
(Alright with me) Sho-be-doop-do-wah
Alright with me, alright (woo)
It's alright (it's alright, it's alright)
(It's alright) Alright with me
It's alright, it's alright
It's alright, alright with me
It's alright, alright with me
It's alright, alright with me
It's alright, alright with me
It's alright, alright with me
Baby, baby (alright with me) baby, baby
Baby, baby (alright with me) baby, baby
Baby, baby (alright with me) baby, baby
Baby, baby (alright with me) baby, baby
Sho-be-doop-do, alright...",1989,1.0,6:26
Janet Jackson - Funny How Time Flies (When You're Having Fun) [Control],Z:/Old School 70s80s/Janet Jackson - Funny How Time Flies (When You're Having Fun) [Control].mp3,,268513,Music,Old School 70s80s (Smooth),10000,0,20000,0,250,"Il me plait d'etre avec tu.
Je ne sais pas ou a ou le temps s'est enfui.
Oh je t'aime mon cherie

Funny how time flies when you're having fun
Ooh baby
Funny how time flies when you're having fun (fun)
Oh baby

I don't know where it all went
Time passed us by
Just when it seemed the fun began
Ooh

Funny how time flies when you're having fun, please stay
Funny how time flies (please stay) when you're having fun, mmm

But time never ends
Let's find the time
To get together once again, someday soon

Funny how time flies when you're having fun, mmm, yeah, hoo
Funny how time flies when you're having fun (fun)

Don't you ever leave
(Funny how time flies when you're having fun)
Don't you ever go
Say you love me so
(Funny how time flies when you're having fun)
Mmm

Funny how time flies when you're having fun
When you're having fun, yeah, hmhmm
Funny how time flies when you're having fun (fun)

Je ne sais pas ou le temps s'est enfui.
Il me plait d'etre avec tu.

I really don't know where all the time went
I really have to go
Stop, stop
Oh I really have to go
Oh, I really have to go
One more time?

Oh je t'aime mon cheri.

Oh - oh, oh",1986,1.0,4:28
Janet Jackson - The Pleasure Principle [Control],Z:/Old School 70s80s/Janet Jackson - The Pleasure Principle [Control].mp3,,298031,Music,Old School 70s80s (Smooth),10000,0,20000,0,258,"You might think I'm crazy, but I'm serious
It's better you know now
What I thought was happiness, was only part-time bliss
You can take a bow

It was all just one big night out on the town
Riding in your limousine
We turned right, then I said wrong
Which brings us to a stop
As the light is changing

Oh, my meter's running so I got to go, now
It's the pleasure principle, oh-oh oh-oh oh-oh
It's the principle of pleasure, oh-oh
It's the pleasure principle, oh-oh, oh-oh
It's true, you want to build your life on guarantees

Hey, take a ride in a big yellow taxi
I'm not here to feed your insecurities
I wanted you to love me
This has become an all too familiar scene
It's not the first time I've paid the fare
Where'd you get the idea of material possession?
Thank you for the ride nowhere

And oh my meter's running, so I really have to go
It's the pleasure principle, oh-oh oh-oh oh-oh
It's the principle of pleasure, oh-oh
It's the pleasure principle, oh-oh oh-oh oh-oh

I know what you mean to me
Baby this is nowhere
You know what became between you and me
Human differential

It's the principle of pleasure oh-oh oh oh oh
It's the pleasure principle, principle
Oh, oh whoa

You might say that I'm no good
I wouldn't trust your looks, baby, if I could
I got too many things I wanna do before I'm through

It's the pleasure principle, it's the pleasure principle
It's the pleasure principle
Baby you can hold me down, baby you can hold me down
After all the love that we've been through
After all you put me through, love me, love me
It's the pleasure principle, yeah, yeah, yeah, yeah",1986,1.0,4:58
Glenn Jones - Show Me [Everybody Loves a Winner (Expanded Edition)],Z:/Old School 70s80s/Glenn Jones - Show Me [Everybody Loves a Winner (Expanded Edition)].mp3,,238811,Music,Old School 70s80s (Smooth),10000,0,20000,0,261,"Oh
Oh Oh Oh, yeah
I've been watching you
Just to see how far you would go
You're gonna have to prove
Make a move and let it show
I know it's getting late
And you gotta go home
But before you go
Baby just
Show me
Show me what I got to do
Baby if you love me (you love me)
I'll do anything for you
Show me
It's hard for you and me to put our feelings on this play
But if you look into my eyes
You'll know why I feel this way, baby
I know it's getting late
And you gotta go home
But before you go
Baby just
Show me
Show me what I got to do (My sweet babe)
Baby if you love me (you love me)
I'll do anything for you
Show me
Show me
Show me what I got to do (Show Me)
Baby but before you go
Come on and show me (Show me)
I know it's getting late
And you gotta go home
But before you go baby
Ah...
Open up and let me in baby
Yeah...
Show me (Show me)",1983,1.0,3:58
Anita Baker - Just Because [Giving You the Best That I Got],Z:/Old School 70s80s/Anita Baker - Just Because [Giving You the Best That I Got].mp3,,311301,Music,Old School 70s80s (Smooth),10000,0,20000,0,254,"My my
When I think about how much I'm loving you
No limitations, no set of regimented rules
I'm amazed how much this love has touched my life
And the commitment that we share is a welcome sacrifice

This must be, sweet fatal attraction
My life-long date with destiny
Love this strong, it just brings out the passion
I never knew was here in me

I love you just because
I love you just because
Just because I do, my darlin'

Emotions more than words can help me say
I love you, and I love you, and I love you
Just because you're you
Just because you're you
Just because you're you

You're a diamond in my mind, a treasure found
A precious gem to me, you're so nice to have around
I'm so glad I took the path that led to this
And it's amazin' loving you, I'm doin' things
I never thought I'd do

I don't know, there ain't no explanation
Of why I'm sharin' love at last this way
I won't try to work out all my reasons
I'II use these words to simply say

I love you just because
I love you just because
Just because I do, my darlin'
Emotions more than words can help me say
I love you, and I love you, and I love you

I love you just because
I love you just because
Just because I do, my darlin'
Emotions more than words can help me say
I love you, and I love you, and I love you, I love you, baby

Could it be that there's more to this than meets the eye
Maybe that's the reason why
All I know is when I'm in your arms it feels all right
I'II hold you tight and I come alive

I love you just because
I love you just because
Just because I do, my darlin'
Emotions more than words can help me say
I love you (And I love you, and I love you)
Hey, a-hey-hey, a-hey, hey...

(I love you) Just because, (I love you)
Just because I do - oh, yeah (Darlin'...)
I, I couldn't take it back if I wanted to
I just love you... (And I love you, and I love you)
Hey, hey, I just love you, baby

(I love you) just because, (I love you)
Ain't nothin' I can do... (Darlin')
Nothin' I can do about it, nothin' I can do about it
I just love you... (And I love you, and I love you)
I just love you, I just love you

(I love you) just because, (I love you)
Couldn't take it back if I wanted to (Darlin'...)
That's just the way it is, baby
That's just the way it is, baby
(And I love you, and I love you)
Oh, hey, don't I love you

(I love you) just because, (I love you...)",1988,1.0,5:11
Janet Jackson - Miss You Much [Rhythm Nation 1814],Z:/Old School 70s80s/Janet Jackson - Miss You Much [Rhythm Nation 1814].mp3,,252369,Music,Old School 70s80s (Smooth),10000,0,20000,0,261,"Shot like an arrow through my heart
That's the pain I feel, I feel whenever we're apart
Not to say that I'm in love with you
But who's to say that I'm not
I just know that it feels wrong when I'm away too long
And it makes my body hot
So let me tell ya baby

I'll tell your mama, I'll tell your friends
I'll tell anyone whose heart can comprehend
Send it in a letter, baby tell you on the phone
I'm not the kinda girl who likes to be alone

I miss ya much (boy, oh, I, miss you much)
I really miss you much (M-I-S-S you much)
I miss ya much (boy, oh, I, miss you much)
I really miss you much (M-I-S-S you much)

I'm rushing home, just as soon as I can
I'm rushing home to see your smiling face
And feel your warm embrace
It makes me feel so g-g-good
So I'll tell you baby

I'll tell your mama, I'll tell your friends
I'll tell anyone whose heart can comprehend (baby)
Send it in a letter baby, tell you on the phone
I'm not the kinda girl who likes to be alone

I miss ya much (boy, oh, I, miss you much)
I really miss you much (M-I-S-S you much)
I miss ya much (boy, oh, I, miss you much)
I really miss you much (M-I-S-S you much)

I miss ya much (boy, oh, I, miss you much)
I really miss you much (M-I-S-S you much)
I miss ya much (boy, oh, I, miss you much)
I really miss you much (M-I-S-S you much)

Miss you much, I miss you much
I really, really miss you
Miss you much, I miss you much
I brought you here to tell the world I miss you

I'll tell your mama, I'll tell your friends
I'll tell anyone whose heart can comprehend, baby
Send it in a letter baby, tell you on the phone
I'm not the kinda girl who likes to be alone

I miss ya much (boy, oh, I, miss you much)
I really miss you much (M-I-S-S you much)
I miss ya much (boy, oh, I, miss you much)
I really miss you much (M-I-S-S you much)
I miss ya much (boy, oh, I, miss you much)
I really miss you much (M-I-S-S you much)
I miss ya much (boy, oh, I, miss you much)
I really miss you much (M-I-S-S you much)

That's the end?",1989,1.0,4:12
Whitney Houston - I Wanna Dance with Somebody (Who Loves Me) [Whitney],Z:/Old School 70s80s/Whitney Houston - I Wanna Dance with Somebody (Who Loves Me) [Whitney].mp3,,291344,Music,Old School 70s80s (Smooth),10000,0,20000,0,272,"Huh, yeah, woo!
Hey yeah, huh
Ooh yeah, uh-huh, yeah
I wanna dance

Clock strikes upon the hour
And the sun begins to fade
Still enough time to figure out
How to chase my blues away
I've done alright up 'til now
It's the light of day that shows me how
And when the night falls
The loneliness calls

Oh, I wanna dance with somebody
I wanna feel the heat with somebody
Yeah, I wanna dance with somebody
With somebody who loves me

Oh, I wanna dance with somebody
I wanna feel the heat with somebody
Yeah, I wanna dance with somebody
With somebody who loves me

I've been in love and lost to my senses
Spinning through the town
Sooner or later, the fever ends
And I wind up feeling down
I need a man who'll take a chance
On a love that burns hot enough to last
So when the night falls
My lonely heart calls

Oh, I wanna dance with somebody
I wanna feel the heat with somebody
Yeah, I wanna dance with somebody
With somebody who loves me

Oh, I wanna dance with somebody
I wanna feel the heat
Yeah, I wanna dance with somebody
With somebody who loves me

Somebody who, somebody who
Somebody who loves me
Somebody who, somebody who
To hold me in his arms, oh

I need a man who'll take a chance
On a love that burns hot enough to last
So when the night falls
My lonely heart calls

Oh, I wanna dance with somebody
I wanna feel the heat with somebody
Yeah, I wanna dance with somebody
With somebody who loves me

Oh, I wanna dance with somebody
I wanna feel the heat with somebody
Yeah, I wanna dance with somebody
With somebody who loves me

Ooh, ooh (dance)
You know, baby (dance)
Woo! Yeah (dance)
Now get with this
Whoa

Don't you wanna dance (dance) with me, baby?
Don't you wanna dance (dance) with me, boy?
Hey, don't you wanna dance (dance) with me, baby?
With somebody who loves me

Don't you wanna dance? Say you wanna dance
Don't you wanna dance? (Dance)
Don't you wanna dance? Say you wanna dance
Don't you wanna dance? (Dance)
Don't you wanna dance? Say you wanna dance, uh-huh (dance)
With somebody who loves me

Ooh, ooh (dance)
Ooh, ooh (dance)
Ooh, ooh (dance)
Hey baby",1987,1.0,4:51
Luther Vandross - Don't You Know That_ [Never Too Much],Z:/Old School 70s80s/Luther Vandross - Don't You Know That_ [Never Too Much].mp3,,242730,Music,Old School 70s80s (Smooth),10000,0,20000,0,260,"I got your love
You need to look no further
Don't you know that?
Don't you know that?

After my love
You'll never need another
Don't you know that?
Don't you know that?

I don't make no promises I can't keep
And I promised myself that I'd love you forever
How many times must I say that
For you to understand

Don't you know that I love you so
Baby, don't you know? (Don't you know that?)
I love you so, ooh, don't you know (don't you know that?)
Oh

Without a doubt
You are my sweetest inspiration
Don't you know that?
Don't you know that?

I'm always down
For anything that you say
Don't you know that?
Don't you know that?

I love you so, yeah
I really love you, don't you know, yeah
Don't you know that?
Alright, don't you know that?

I really, really do, yeah
I'm really so in love with you, yeah
Don't you know that?
Alright, ooh, yeah

I used to doubt every girl that I'd meet
I thought that nobody could knock me off my feet
But you are the one who made my heart's bell ring
And that's why I'm sure that this is the real thing, yeah

Don't you know that I love you?
Don't you know, ooh, ooh
Oh, don't you know that I love
Don't you know, oh, yeah
Don't you know that I love you so
Don't you know that?
I bet a million dollars that you know

Don't you know that?
Hey, baby, really don't you know that
Ooh, don't you know that?
Don't you know I, don't you know I love you?

Don't you know that?
Hey, baby, really, don't you know that?
Don't you know that? Don't you know?
Ooh, ooh, I love

Don't you know that?
Hey, baby, really, don't you know that?
Don't you know that?
Don't you know that?

Don't you know that?
Hey, baby, really, don't you know that?
Don't you know, don't you know?
That I love (don't you know that?)

Don't you know that?
Hey, baby, really, don't you know that?
Don't you know that?
Don't you know that?
Don't you know that?
Hey, baby, really, don't you know that?",1981,1.0,4:02
Mtume - Juicy Fruit (Vocal Remix) [Juicy Fruit (Expanded)],Z:/Old School 70s80s/Mtume - Juicy Fruit (Vocal Remix) [Juicy Fruit (Expanded)].mp3,,355788,Music,Old School 70s80s (Smooth),10000,0,20000,0,266,"You know very well
What you are
You're my sugar thing
My chocolate star
I've had a few
But not that many
But you're the only love
That gives me good and plenty

Juicy fruit (juicy)
Juicy (yeah)
Juicy fruit
Juicy

Candy rain
Comin' down
Taste you in my mind
And spread you all around
Here I am
oh, this love's for you
Hey, baby
Sweet as honey dew

Close my eyes
oh, what fantasy
And you're right here with me
Juicy
Cherry blossom kiss
What you're givin'
Makes my body rock
Keeps me sizzlin'
Do what you want
I don't care
I'll be your lollipop
You can lick me everywhere

Juicy fruit (you're so)
Juicy (juicy)
Juicy fruit (yeah)
Juicy

Here I am
This love's for you
Hey, baby
You're sweet as honey dew
Close my eyes
oh, what fantasy
And you're here, you're right here with me
Yeah, yeah, yeah, yeah
Juicy (Yes you are, baby)
Juicy fruit
Juicy
Woohooo
(In the morning)

Juicy fruit (oh baby)
Juicy (I like it, I like it)
Juicy fruit (in the morning, oh, babe)
Juicy (oh)
Juicy fruit (candy rain comin' down)
Juicy (turns me all around)
Juicy fruit (I like it, I like it)
Juicy
Juicy fruit
Juicy
Juicy fruit",1983,1.0,5:55
The Pointer Sisters - Slow Hand [Black & White (Expanded Edition)],Z:/Old School 70s80s/The Pointer Sisters - Slow Hand [Black & White (Expanded Edition)].mp3,,232020,Music,Old School 70s80s (Smooth),10000,0,20000,0,264,"As the midnight moon, was drifting through
The lazy sway of the trees
I saw the look in your eyes, lookin' into mine
Seeing what you wanted to see
Darlin' don't say a word, cause I already heard
What your body's sayin' to mine
I'm tired of fast moves
I've got a slow groove
On my mind
I want a man with a slow hand
I want a lover with an easy touch
I want somebody who will spend some time
Not come and go in a heated rush
I want somebody who will understand
When it comes to love, I want a slow hand
On shadowed ground, with no one around
And a blanket of stars in our eyes
We are drifting free, like two lost leaves
On the crazy wind of the night
Darlin', don't say a word, 'cause I already heard
What your body's sayin' to mine
If I want it all night
You say it's alright
We got the time
'Cause I got a man with a slow hand
I got a lover with an easy touch
I got somebody who will spend some time
Not come and go in a heated rush
I found somebody who will understand
When it comes to love, I want a slow hand
If I want it all night
Please say it's alright
It's not a fast move
But a slow groove
On my mind
'Cause I got a man with a slow hand
I got a lover with an easy touch
I found somebody who will spend some time
Not come and go in a heated rush
I found somebody who will understand
I found a lover with a slow hand
Oh, lover with the slow hand
And I get all excited with his easy touch
I found somebody who will spend the night
Not come and go in a heated rush",1981,1.0,3:52
Whitney Houston - Saving All My Love for You [Whitney Houston (The Deluxe Anniversary Edition)],Z:/Old School 70s80s/Whitney Houston - Saving All My Love for You [Whitney Houston (The Deluxe Anniversary Edition)].mp3,,237322,Music,Old School 70s80s (Smooth),10000,0,20000,0,266,"A few stolen moments, is all that we shared
You've got your family, and they need you there
Though I try to resist, being last on your list
But no other man's gonna do
So I'm saving all my love for you

It's not very easy, living all alone
My friends try and tell me, find a man of my own
But each time I try, I just break down and cry
'Cause I'd rather be home feeling blue
So I'm saving all my love for you

You used to tell me, we'd run away together
Love gives you the right to be free
You said be patient, just wait a little longer
But that's just an old fantasy

I've got to get ready, just a few minutes more
Gonna get an old feeling, when you walk through that door
'Cause tonight, is the night for feeling alright
We'll be making love the whole night through
So I'm saving all my love
Yes, I'm saving all my love
Yes, I'm saving all my love for you

No other woman is gonna love you more
'Cause tonight is the night
That I'm feeling all right
We'll be making love the whole night through

So I'm saving all my love
Yeah, I'm saving all my lovin'
Yes, I'm saving all my love for you
For you
For you",1985,1.0,3:57
Bobby Brown - My Prerogative [Don't Be Cruel],Z:/Old School 70s80s/Bobby Brown - My Prerogative [Don't Be Cruel].mp3,,291631,Music,Old School 70s80s (Smooth),10000,0,20000,0,261,"Get Busy!
Everybody's talking all this stuff about me
Why don't they just let me live?
I don't need commission, make my own decisions
That's my prerogative

They say I'm crazy
I really don't care
That's my prerogative
They say I'm nasty
But I don't give a damn
Getting girls is how I live
Some messy questions
Why am I so real?
But they don't undersand me
I really don't know the deal about her brother
Trying hard to make it right
Not long ago
Before I win this fight, sing

Everybody's talking all this stuff about me
Why don't they just let me live?
Tell me why I don't need commission
Make my own decisions
That's my prerogative
It's my prerogative (it's my prerogative)

It's the way that I wanna live (it's my prerogative)
I can do just what I feel (it's my prerogative)
No one can tell me what to do (it's my prerogative)
'Cause what I'm doing I'm doing for you

Don't get me wrong
I'm really not souped
Ego trips is not my thing
All these strange relationships really gets me down
I see nothing wrong in spreading myself around

Everybody's talking all this stuff about me
Why don't they just let me live?
Tell me why I don't need commission
Make my own decisions
That's my prerogative
It's my prerogative (it's my prerogative)

I can do what I wanna do (it's my prerogative)
I can live my life (it's my prerogative)
And I'm doing it just for you (it's my prerogative)

Tell me, tell me why can't I live my life
Live my life without all of the things
That people say oh

Yo, teddy kick it like this
Oh no no I can do what I wanna do
Me and you together together together together together

Everybody's talking all this stuff about me
Why don't they just let me live?
Tell me why I don't need commission
Make my own decisions
That's my prerogative
It's my prerogative (it's my prerogative)",1988,1.0,4:51
The Pointer Sisters - Jump [Break Out (1983 Version - Expanded Edition)],Z:/Old School 70s80s/The Pointer Sisters - Jump [Break Out (1983 Version - Expanded Edition)].mp3,,262609,Music,Old School 70s80s (Smooth),10000,0,20000,0,252,"Your eyes tell me how you love me
Can feel it in your heart beat
I know you like what you see
Hold me, I'll give that you need
Wrap your love around me
You're so excited, I can feel you
Getting hotter, oh baby
I'll take you down, I'll take you down
Where no one's ever gone before
And if you want more, if you want more
More, more, more

Jump for my love
Jump in and feel my touch
Jump you want to taste my kisses
In the night then

Jump, jump for my love
Jump, I know my heart can make you happy
Jump in, you know these arms
Can feel you up
Jump, you want to taste my kisses
In the night then
Jump, jump for my love

You told me, I'm the only woman for you
Nobody does you like I do
Then make a move before you try and
Go much farther, oh baby
You're the one, you, you are the one
And heaven waits here at my door
And if you want more,
If you want more, more, more then
When you are next to me, oh I come alive

Your love burns inside
Feels so right
Come to me if you want me tonight jump
Jump if you want to taste my kisses
In the night then
Jump, jump, jump
Jump, you know my heart can
Make you happy
Jump, you know theese arms can feel you up
Jump in, you want to taste my kisses
In the night then
Jump, jump for my love",1983,1.0,4:22
Keith Sweat - Right and a Wrong Way [Make It Last Forever],Z:/Old School 70s80s/Keith Sweat - Right and a Wrong Way [Make It Last Forever].mp3,,317179,Music,Old School 70s80s (Smooth),10000,0,20000,0,252,"You' re mine, mine, mine, mine
I' m gonna love you right, girl
You may be young but you' re ready
(Ready to learn)

You're not a little girl, you' re a woman
(Take my hand)
Let me tell you, baby
I' m yours for the taking, so you can

(Do what you please)
Don' t take my love for granted
You' re all I
(I' ll ever need)

Hold me, hold me in your arms
(Oh baby)

Never let me go
(There's a right and a wrong way to love somebody)
A right way to love somebody, to love me right
(There' s a good and a bad way to love somebody)
There' s a good, oh whoa oh whoa oh

You do me good, ooh
So don't play no silly games with me, baby
(No, no, no, no it' s just not my thing)
No, no, no all I need is your loving here

(Hold me tight baby, with the joy you can bring)
Mmm, take me I'm yours
(Take me)
I' m willing
(Ooh, baby)
Hold me, hold me in your arms, hey baby
(I don't want to let you go)

Never let go
You, you' re all I need in this world
(Oh baby)
Ooh, you got to know, you better know
You better know my, my, my baby
(There's a right and a wrong way to love somebody)

You know, you know mean the world to me, girl
(There' s a good and a bad way to love somebody)
I? m gonna treat you good
Yeah, yeah, yeah, yeah, yeah, yeah, yeah, yeah, yeah
Yeah, yeah, yeah, yeah baby, ooh, yeah
I want your loving, girl
All night long, all night long, all night long, girl
We' ll be like two lovers in a tree
(There' s a right and a wrong way to love somebody)
Me and you, girl
(Whoa, whoa, whoa)
Ooh, you know my love is right, why can' t you see
(There's a good and a bad way to love somebody)
We' ll love each other eternally
Just you and me, baby
(Whoa, whoa, whoa)
Ooh, you' re a big girl now
(There's a right and a wrong way to love somebody)
No more daddy's little girl",1987,1.0,5:17
Janet Jackson - What Have You Done For Me Lately [Control],Z:/Old School 70s80s/Janet Jackson - What Have You Done For Me Lately [Control].mp3,,299546,Music,Old School 70s80s (Smooth),10000,0,20000,0,249,"What's up girl?
He stood me up again
Again?
Mmhmm
Well what's up with this guy?
Do you really like him that much?
Yes honey, I love him, he is fine
He does a lot of nice things for me
I know he used to do nice stuff for you
But what has he done for you lately?

Used to be a time when you would pamper me
Used to brag about it all the time
Your friends seem to think that you're so peachy keen
But my friends say neglect is on your mind
Who's right?

What have you done for me lately?
Ooh ooh ooh yeah
What have you done for me lately?
Ooh ooh ooh yeah

Used to go to dinner almost every night
Dancin' 'til I thought I'd lose my breath
Ahh
Now it seems your dancing feet are always on my couch
Good thing I cook or else we'd starve to death
Ain't that a shame?

What have you done for me lately?
Ooh ooh ooh yeah
What have you done for me lately?
Ooh ooh ooh yeah

I never ask for more than I deserve
You know it's the truth
You seem to think you're God's gift to this earth
I'm tellin' you, no way

You ought to be thankful for the little things,
But little things are all you seem to give
You're always putting off what we coul do today
Soap opera says, you've got one life to live
Who's right, who's wrong?

What have you done for me lately?
Ooh ooh ooh yeah
What have you done for me lately?
Ooh ooh ooh yeah
What have you done for me lately?
Ooh ooh ooh yeah
What have you done for me lately?
Ooh ooh ooh yeah

Get with it

What have you done for me lately?
Ooh ooh ooh yeah (yeah ha)
What have you done for me lately?
Ooh ooh ooh yeah (yeah)
What have you done for me lately?
Ooh ooh ooh yeah (yeah)

What have you done for me lately? (lately)
Ooh ooh ooh yeah
What have you done for me lately?
Ooh ooh ooh yeah
What have you done for me lately? (This is wild, I swear)",1986,1.0,4:59
Anita Baker - Caught Up in the Rapture [Rapture],Z:/Old School 70s80s/Anita Baker - Caught Up in the Rapture [Rapture].mp3,,250305,Music,Old School 70s80s (Smooth),10000,0,20000,0,256,"Pa, pa, pa, pa
Pa, pa, pa, pa
Pa, pa, pa, pa

When we met, I always knew
I would feel the magic for you
On my mind constantly
In my arms is where you should be

I love you here by me, baby
You let my love fly free
I want you in my life for all time

(La,la, la) I'm caught up in the rapture of love
Nothing else can compare
When I feel the magic of you
Aaahhhhhhh (Pa, pa, pa, pa)

We stand side by side
Till the storms of life pass us by
Light my life, warm my heart
Say tonight will be just the start

I love you here by me, baby
You let my love fly free
I want you im my life for all time

I'm caught up in the rapture of love
Nothing else can compare
When I feel the magic of you
The feeling's always new
Caught up in the rapture of you
Aaahhhhhhh

I love you here by me, baby
You let my love fly free
I want you in my life for all time

I'm caught up in the rapture of love

Nothing else can compare
When I feel the magic of you
The feeling's always new
Caught up in the rapture of you
Aaahhhhhhh

Caught up in the rapture of love
Aaahhhhhhh.
Caught up in the rapture of love
Aaahhhhhhh.",1986,1.0,4:10
Rockwell - Topic - Somebody's Watching Me,Z:/Old School 70s80s/Rockwell - Topic - Somebody's Watching Me.mp3,,298919,Music,Old School 70s80s (Smooth),10000,0,20000,0,241,"Who's watching?
Tell me who's watching?
Who's watching me?

I'm just an average man with an average life
I work from 9 to 5, hey hell, I pay the price
All I want is to be left alone, in my average home
But why do I always feel
Like I'm in the Twilight Zone?

I always feel like somebody's watchin' me
And I have no privacy (oh oh oh)
I always feel like somebody's watchin' me
Tell me is it just a dream?

When I come home at night
I bang the door real tight
People call me on the phone I'm trying to avoid
Or can the people on TV see me or am I just paranoid?

When I'm in the shower, I'm afraid to wash my hair
'Cause I might open my eyes and find someone standing there!
People say I'm crazy, just a little touched
But maybe showers remind me of Psycho too much
That's why

I always feel like somebody's watchin' me
And I have no privacy (oh oh oh)
I always feel like somebody's watchin' me
Who's playing tricks on me?

(Who's watching me?)
I don't know anymore!
Are the neighbours watching me? (Who's watching?)
Well is the mailman watching me? (Tell me who's watching?)
And I don't feel safe anymore, oh what a mess
I wonder who's watching me now! (Who?)
The IRS?!

I always feel like somebody's watchin' me
And I have no privacy (oh oh oh)
I always feel like somebody's watchin' me
Tell me is it just a dream

I always feel like somebody's watchin' me
And I have no privacy (oh oh oh oh)
I always feel like somebody's watchin' me
Who's playing tricks on me?

(Oh oh oh)

(Who's watching me?)
I always feel like somebody's watchin' me
Ooh, num, ah, ooh
I always feel like somebody's watchin' me
(Who's watching me?)
I always feel like somebody's watching me
Ooh, num, ah, ooh
I always feel like somebody's watching me
(Who's watching me?)

I always feel like somebody's watching me
And I have no privacy (oh oh oh oh)
I always feel like somebody's watching me
I can't enjoy my tea! (Who's watching me?)
I always feel like somebody's watching me
Can I have my privacy? (Oh oh oh)
I always feel like somebody's watching me
Who's watching me? (Who's watching me?)
I always feel like somebody's watching me
Hee hee (oh oh oh oh)
I always feel like somebody's watching me
Stop playing tricks on me! (Who's watching me?)
I always feel like somebody's watching me
Why don't they leave me be? (Oh oh oh)
I always feel like somebody's watching me",1984,1.0,4:58
Sade - The Sweetest Taboo [Promise],Z:/Old School 70s80s/Sade - The Sweetest Taboo [Promise].mp3,,277447,Music,Old School 70s80s (Smooth),10000,0,20000,0,264,"If I tell you
If I tell you now
Will you keep on
Will you keep on loving me?
If I tell you
If I tell you how I feel
Will you keep bringing out the best in me?

You give me, you give me the sweetest taboo

You give me, you give me the sweetest taboo
Too good for me

There's a quiet storm and it never felt like this before
There's a quiet storm that is you
There's a quiet storm and it never felt this hot before
Giving me something that's taboo
(Sometimes I think you're just too good for me)

You give me the sweetest taboo
That's why I'm in love with you (With you)
You give me you give me the sweetest taboo
Too good for me (Sometimes I think you're just too good for me)

I'd do anything for you
I'd stand out in the rain
Anything you want me to do
Don't let it slip away

There's a quiet storm and it never felt like this before
There's a quiet storm I think it's you
There's a quiet storm and I never felt this hot before
Giving me something that's taboo

You give me the you give me the sweetest taboo
That's why I'm in love with you (With you)
You give me, keep giving me the sweetest taboo
Too good for me

You got the biggest heart
Sometimes I think you're just too good for me
Every day is Christmas and every night is New Year's Eve

Will you keep on loving me? Ha-ha
Will you keep on, will you keep on
Bringing out the best in me?",1985,1.0,4:37
Lionel Richie - You Are [Lionel Richie],Z:/Old School 70s80s/Lionel Richie - You Are [Lionel Richie].mp3,,305711,Music,Old School 70s80s (Smooth),10000,0,20000,0,249,"Baby, you'll find
There's only one love
Yours and mine
I've got so much love

And needing you so
My love for you
I'll never let go
I've got so much love for ya

All I want is to hold you
Let me show how much I love you baby (show you)
I don't mind it and I don't mind (loving you)
Girl, I love you
There's no one above you

You are the sun
You are the rain
That makes my life this foolish game
You need to know
I love you so
And I'd do it all again and again
(Oh-oh, oh-oh, oh-oh, yeah-yeah-yeah)

Tell me it's true
I can't believe you do what you do
I've got so much love
And my love you'll see
We'll stay together, just you and me
I've got so much love (so much love)

Only you, oh, yeah (know me)
Tell me how to love you baby (show me)
I don't mind and I don't mind (tell me)
Girl, I love you
Always thinking of you

You are the sun
You are the rain
That makes my life this foolish game
You need to know
I love you so
And I'd do it all again and again
(Oh-oh, oh-oh, oh-oh, yeah-yeah-yeah)

I know you know, the way I'm feeling
I need your love, for always
'Cause when I'm with you
I fall in love
Again and again and again, baby

You are the sun
You are the rain
That makes my life this foolish game
You need to know
I love you so
And I'd do it all again and again
(Oh-oh, oh-oh, oh-ohh...)

You are the sun
You are the rain, baby
That makes my life this foolish game
You need to know
I love you so
And I'd do it all again and again
(Oh-oh, oh-oh, oh-ohh...)

You are the sun
You are the rain
That makes my life this foolish game
You need to know
I love you so
And I'd do it all again and again
(Oh-oh, oh-oh, oh-ohh...)

You are the sun
You are the rain
That makes my life this foolish game
You need to know
I love you so
And I'd do it all again and again
(Oh-oh...)",1982,1.0,5:05
Luther Vandross - So Amazing [Give Me The Reason],Z:/Old School 70s80s/Luther Vandross - So Amazing [Give Me The Reason].mp3,,222589,Music,Old School 70s80s (Smooth),10000,0,20000,0,241,"Love has truly been good to me
Not even one sad day
Or minute have I had
Since you've come my way
I hope you know, I'd gladly go
Anywhere you'd take me

It's so amazing to be loved
I'd follow you to the moon in the sky above

I'd go

Got to tell you how you thrill me
I'm happy as I can be
You have come
And it's changed my whole world
Bye-bye sadness, hello mellow
What a wonderful day

It's so amazing to be loved
I'd follow you to the moon in the sky above

I'd go

And it's so amazing, amazing (so amazing)
I could stay forever, forever (stay for ever)
Here in love and no, leave you never (no, leave you never)
'Cause we've got amazing love (amazing love)
Truly it's amazing, amazing (so amazing)
Love brought us together, together (we're together)
I will leave you never and never (leave you never)
I guess, we've got amazing love (amazing love)

Ooh, so amazing and I've been waiting
For a love like you

It's so amazing to be loved
I'd follow you to the moon in the sky above
Oh, and it's so, it's so
It's so amazing to be loved
I'd follow you to the moon in the sky above
And you know, it's so

It's so amazing to be loved
I'd follow you to the moon in the sky above
Hey, hey, hey, yeah, it's so

It's so amazing to be loved
I'd follow you to the moon in the sky above
Hey, hey, yeah, hey, yeah, yeah, hey, it's so
It's so amazing...",1986,1.0,3:42
Janet Jackson - Escapade [Rhythm Nation 1814],Z:/Old School 70s80s/Janet Jackson - Escapade [Rhythm Nation 1814].mp3,,283977,Music,Old School 70s80s (Smooth),10000,0,20000,0,264,"As I was walkin' by
Saw you standin' there with a smile
Lookin' shy, you caught my eye
Thought you'd want to hang for a while
Well I'd like to be with you
And you know it's Friday too
I hope you can find the time
This weekend to relax and unwind

My mind's tired
I've worked so hard all week
Cashed my check
I'm ready to go
I promise you
I'll show you such a good time

Come on baby, let's get away
Let's save our troubles for another day
Come go with me, we've got it made
Let me take you on an escapade (let's go)

Escapade
We'll have a good time
Escapade
Leave your worries behind
Escapade
Well you could be mine
Escapade
An escapade

So don't hold back
Just have a good time, yeah yeah
We'll make the rules up as we go along
And break them all if we're not havin' fun

Come on baby let's get away
Let's save our troubles for another day
Come go with me we've got it made
Let me take you on an escapade

Come on baby let's get away
Let's save our troubles for another day
Come go with me we've got it made
Let me take you on an escapade (let's go)

Escapade
We'll have a good time
Escapade
Leave your worries behind
Escapade
Well you could be mine
Escapade
An escapade

(My mind's tired I've worked
Worked so hard all week
I just got paid, we've got it made
Ready to go
I promise you I'll show you
Such a good time)

Come on baby let's get away
Let's save our troubles for another day
Come go with me we've got it made
Let me take you on an escapade

Come on baby let's get away
Let's save our troubles for another day
Come go with me we've got it made
Let me take you on an escapade (let's go)

Come on baby let's get away
Let's save our troubles for another day
Come go with me we've got it made
Let me take you on an escapade",1989,1.0,4:43
Luther Vandross - A House Is Not a Home [Never Too Much],Z:/Old School 70s80s/Luther Vandross - A House Is Not a Home [Never Too Much].mp3,,427729,Music,Old School 70s80s (Smooth),10000,0,20000,0,245,"Doo doo doo doo doo
Doo doo doo doo doo doo doo doo doo
Doo doo doo doo doo doo doo doo doo doo doo
Oh... oh... oh... oh... oh...

A chair is still a chair
Even when there's no one sitting there
But a chair is not a house and a house is not a home
When there's no one there to hold you tight
And no one there you can kiss goodnight

Whoa... oh... oh... oh... oh... oh... oh...
Girl

A room is a still a room
Even when there's nothin' there but gloom
But a room is not a house and a house is not a home
When the two of us are far apart
And one of us has a broken heart...

Now and then I call your name
And suddenly your face appears
But it's just a crazy game
When it ends
It ends in tears...

Pretend it's all darling have a heart...
Don't let one mistake keep us apart...
I'm not meant to live alone
Turn this house into a home
When I climb the stairs and turn the key
Oh, please be there, sayin' that you're still in love with me... yeah...

I'm not meant to live alone
Turn this house into a home
When I climb the stairs and turn the key
Oh, please be there still in love...
I said still in love...
Still in love... with me... yeah...
Are you gonna be in love with me?
I want you and need to be, yeah
Still in love with me...
Say you're gonna be in love with me
It's drivin' me crazy to think that my baby
Couldn't be still in love with me
Are you gonna be say you're gonna be
Are you gonna be say you're gonna be
Are you gonna be say you're gonna be
Well, well, well, well
Still in love so in love still in love with me
Are you gonna be?
Say that you're gonna be...
Still in love with me... yeah...
With me... oh... oh... oh... oh... oh...
Still in love with me, yeah... yeah...",1981,1.0,7:07
Mary J. Blige - My Life [My Life],Z:/Throwbacks 90s2000s/Mary J. Blige - My Life [My Life].mp3,,257463,Music,Throwbacks 90s2000s (Smooth),10000,0,20000,0,257,"If you looked in my life
And see what I've seen...
If you looked in my life
And see what I've seen...
If you looked in my life
And see what I've seen...
If you looked in my life
And see what I've seen...
Life can be only what you make it
When you're feelin down
You should never fake it
Say what's on your mind
And you'll find in time
That all the negative energy
It would all cease
And you'll be at peace with yourself
You won't really need no one else
Except for the man up above
Because He'll give you love
If you looked in my life
And see what I've seen...
If you looked in my life
And see what I've seen...
If you looked in my life
And see what I've seen...
If you looked in my life
And see what I've seen...
Take your time
Baby don't you rush a thing
Don't you know, I know
We all are struggling
I know it is hard
But we will get by
And if you don't believe in me
Just believe in ""He""
Cause He'll give you peace of mind
Yes He will
And you'll see the sunshine
For real, yes you would
And you'll get to free your mind
And things will turn out fine
Oh, I know that things will turn out fine
Yes they would, yes they would
If you looked in my life
And see what I've seen...
If you looked in my life
And see what I've seen...
If you looked in my life
And see what I've seen...
If you looked in my life
And see what I've seen...
All you gotta do is take your time,
One day at a time
It's all on you
what you gonna do?
Oh you will see I'm so down and out
Cryin' every day
Don't know what to do or to say",1994,1.0,4:17
Mary J. Blige - I'm Goin' Down [My Life],Z:/Throwbacks 90s2000s/Mary J. Blige - I'm Goin' Down [My Life].mp3,,222380,Music,Throwbacks 90s2000s (Smooth),10000,0,20000,0,240,"Time on my hands
Since you been away boy
I ain't got no plans
No no no no
And the sound of the rain
Against my windowpane
Is slowly, is slowly drivin' me insane, boy

I'm goin' down
I'm goin' down
'Cause you ain't around baby
My whole world's upside down

Sleep don't come easy
Boy please believe me
Since you been gone
Everything's goin' wrong
Why'd you have to say goodbye
Look what you've done to me
I can't stop these tears from fallin' from my eyes
Ooh baby

I'm goin' down
I'm goin' down
'Cause you ain't around baby
My whole world's upside down

Oooh baby love
Goin' down, goin' down
Mmm ooh I'm goin' down
Ooh I, I...

I'm goin' down
I'm goin' down
'Cause you ain't around baby
My whole world's upside down

Ooh, goin' down
Goin' down
Oh, I don't know what to do
If I ever lose you
I'll be goin' down
I said I'll be goin' down

Oh, please forgive me baby
I'm so sorry, sorry, sorry, sorry
What did I do wrong?
I said, what did I do wrong?
Please forgive me baby
And come on home
Goin' down, goin' down, goin' down",1994,1.0,3:42
Erykah Badu - Window Seat [New Amerykah Part Two_ Return Of The Ankh],Z:/Throwbacks 90s2000s/Erykah Badu - Window Seat [New Amerykah Part Two_ Return Of The Ankh].mp3,,289776,Music,Throwbacks 90s2000s (Smooth),10000,0,20000,0,254,"Hey
Hey
Ohh, ohh, ohhh
Fell in love

So, presently I'm standing
Here right now, you're so demanding
Tell me what you want from me
Concluding, concentrating on my music, lover and my babies
Make me wanna ask the lady for a ticket outta town

So can I get a window seat?
Don't want nobody next to me
I just want a ticket outta town
A look around and a safe touch down
Can I get a window seat?
Don't want nobody next to me
I just want a chance to fly
A chance to cry
And a long bye bye

But I need you to want me
I need you to miss me
I, I need your attention, yes
I need you next to me
Oh, I, I need someone to clap for me
I need your direction

Somebody say come back
Come back baby come back
I want you to need me
Come back come back baby come back
Come back come back baby come back
Come back come back baby come back

So, out my mind I'm tusslin'
Back and forth 'tween here and hustlin'
I don't wanna time travel no mo'
I wanna be here, my thinking
Say, on this porch I'm rockin'
Back and forth light Lightnin' Hopkins
So if anybody speak to scotty
Tell him ""beam me up!""

So can I get a window seat?
Don't want nobody next to me
I just want a ticket outta town
A look around
And a safe touch down
Can I get a window seat?
Don't want nobody next to me
I just want a chance to fly
A chance to cry
And a long bye bye

But I need you to miss me
I need somebody come get me, ooh
I need your attention
I need your energy and I do, oh, oh
I need someone to clap for me
I need your direction

Somebody say come back
Come back baby come back
Come back come back baby come back
Come back come back baby come back
Come back come back baby come back

So can I get a window seat?
Don't want nobody next to me
I just want a ticket outta town
A look around
And a safe touch down, oh, oh
I just wanna chance to fly
A chance to cry
And a long bye bye",2009,1.0,4:49
Jamie Foxx - DJ Play a Love Song (feat. Twista) [Unpredictable],Z:/Throwbacks 90s2000s/Jamie Foxx - DJ Play a Love Song (feat. Twista) [Unpredictable].mp3,,260571,Music,Throwbacks 90s2000s (Smooth),10000,0,20000,0,264,"I know you see me lookin' at you
And I know he know you lookin' at me
Well... damn

DJ won't you play this girl a love song
She really needs to hear this freakin' love song
She's lookin' at me kinda hard,
I can tell that things ain't right on the home front
What she really needs is a G like me to Beat a beat,
Beat it, beat it

I can see how you want it baby
Wish ya man wasn't here with ya baby
I can see (ha) curiosity (ha ha)
Gotcha wanna try me (ha ha)
Homeboy can't please ya (ha ha)
On this wall in the open baby
You wouldn't care if the crowd was watchin' baby
(Ha Ha) you want it
(Ha ha) I know it
(Ha ha) Gotta notion to pull yo ass up outta here

DJ won't you play this girl a love song
She really needs to hear this freakin' love song
She's lookin' at me kinda hard,
I can tell that things ain't right on the home front
What she really needs is a G like me to Beat a beat,
Beat it, beat it

DJ won't you play this girl a love song
She really needs to hear this freakin' love song
She's lookin' at me kinda hard,
I can tell that things ain't right on the home front
What she really needs is a G like me to Beat a beat,
Beat it, beat it

Baby, I got things that I wanna say
Won't you meet me in the bathroom
We can pull a freaky episode,
I got my beretta if the nigga come through
Baby, I know he ain't treatin' you right Lady,
Look at yo bad ass
(Turn around) ooh (turn around)
Ooh (damn you fine) ooh ooh ooh ooh

DJ won't you play this girl a love song
She really needs to hear this freakin' love song
She's lookin' at me kinda hard,
I can tell that things ain't right on the home front
What she really needs is a G like me to Beat a beat,
Beat it, beat it

DJ won't you play this girl a love song
She really needs to hear this freakin' love song
She's lookin' at me kinda hard,
I can tell that things ain't right on the home front
What she really needs is a G like me to Beat a beat,
Beat it, beat it

Tell me why he did you wrong
Need to get up with the Twista I been sippin' on Patron
Stroke it when I hold them legs up
He can take you out to dinner and look like a playa
I'm a give it to you good up in the elevator
He be actin' all soft when he get in them draws
I'm a break you off and f**k you up against the wall
Finna move up in that slot 'cause I'm somethin' he not
And he don't know what he got, I'm in the drop top
To get the twat I got a knot, no more runnin' from the cops
Now I'm rollin' with Foxx because the block's hot
But I'm always a G, 'cause I come from the streets
And I got heat for whoever thinkin' they want some
No more f**kin' with them lames, now you rollin' with a thug,
So tell that nigga to beat it, beat it

DJ won't you play this girl a love song
She really needs to hear this freakin' love song
She's lookin' at me kinda hard,
I can tell that things ain't right on the home front
What she really needs is a G like me to Beat a beat,
Beat it, beat it

DJ won't you play this girl a love song
She really needs to hear this freakin' love song
She's lookin' at me kinda hard,
I can tell that things ain't right on the home front
What she really needs is a G like me to Beat a beat,
Beat it, beat it

DJ play this girl a song
Turned her out, damn that clown, ain't been down

DJ play this girl a song",2005,1.0,4:20
Silk - If You [Tonight],Z:/Throwbacks 90s2000s/Silk - If You [Tonight].mp3,,337528,Music,Throwbacks 90s2000s (Smooth),10000,0,20000,0,255,"Been checkin you for so long
And i feel (feel)
Girl you should let me know what the deal (what the deal)
Been peepin out yo vibe(vibe)
Think you wanna let me slide(slide)
So what you need to do right now
Is keep it real
I know you want me girl
Just like
I want you(i want you)
So stop frontin like you dont
When you do(do)
So if you feel naughty(naughty)
If you really bout it (bout it)
And if you get me rowdy (rowdy)
My love will make you shout it shout it

IF you (feelin like lovin me)
IF you(feelin like kissin me)
If you (feelin like lovin me, holdin me)
If you (feelin like lovin me)
Repeat

So on them lonley nights girl there for U
Let me come satisfy you for an hour or two(two)
Baby dont be shy
Cuz im not judgin you
I hungry for your love so let me through
Girl lets stop talkin bout them thangs we can do(do)
And lets just be about them thangs we can do(do)
So if you feelin naughty
And if you really bout it bout it
And if you get me rowdy get rowdy rowdy
My love will make you shout it shout it

Chorus

Its a silky silky silky thang
Silky silky silky silky thang nah nah nah nah

See I got something for you
Meet me in my bedroom
So we can laugh the night away
Im tryin to be forreal
Wanna show you how i feel
Inside
Cuz i know that you feelin like.lovin me!

Chorus 3x

The lovers have returned to make me wanna make love to you
So bring yo sexallent body ova here and let me do the things i do
In my bedroom im gone love you down just like a playa would
And turn you out my superstar make you feel real good
I find out if you feelin like lovin me, sexin me, holdin me, kissin me squezzin me
Say yeaaa yeaa
Say yeeaaa yeaaa yeaa yeaa
Oh yeaaaaaaa
Fade til end",1999,1.0,5:37
Erykah Badu - Other Side Of The Game [Baduizm],Z:/Throwbacks 90s2000s/Erykah Badu - Other Side Of The Game [Baduizm].mp3,,393796,Music,Throwbacks 90s2000s (Smooth),10000,0,20000,0,251,"Whatcha you gonna do when they come for you
Work ain't honest but it pays the bills
What we gonna do when they come for you
Gave me the life that I came to live

Do I really want my baby?
Brother tell me what to do
I know you got to get your hustle on, so I pray
I understand the game sometimes
And I love him strong but

Whatcha you gonna do when they come for you
Work ain't honest but it pays the bills (yes, it does)
What we gonna do when they come for you
God I can't stand life withoutcha

Now, me and baby got this situation
See, brother got this complex occupation
And it ain't that he don't have education
'Cause I was right there at his graduation
Now, I ain't sayin' that this life don't work
But it's me and baby that he hurts
Because I tell him right, he thinks I'm wrong
But I love him strong

He gave me the life that I came to live
Gave me the song that I came to give
Pressure on me but the seed is grown
I can't make it on my own
Summer came around and the flowers bloomed
He became the sun, I became the moon
Precious gifts that we both received
Or could this be make believe

Whatcha you gonna do when they come for you
Work ain't honest but it pays the bills
(Work ain't honest but it pays the bills)
What we gonna do when they come for you
Gave me the life that I came to live (yes, you did)

Don't worry, baby
I know there's confusion
God's gonna see us through, yeah
Peace out to revolution
But we paid though

Don't you worry, keep your balance (what you gonna do, what you gonna do)
The work ain't honest but it pays the bills (yes, it does)
Don't you worry, keep your balance (don't have to worry, baby)
Gave me the life that I came to live (yes, you did)
Don't you worry, keep your balance
The work ain't honest but it pays the bills
(The work ain't honest but it pays the bills)
Don't you worry, keep your balance
You gave me the life that I came to live

Gave me the song that I came to give
Pressure on me, but the seed had grown
I can't make it on my own
Summer came around and the flowers bloomed
He became the sun, I became the moon
Precious gifts that we both received
Or could this be make believe

Oh, yeah
Badu is with you, baby
We gon' make it, yeah
Me, you and the baby
You gonna do whatcha you gonna do
Go, oh-oh, yeah, baby, baby
Oh, go on, go on, go on, yeah

See I ain't tryin' to bind your life
But I want you to do what's right, and yeah
I'm your wife

Peace out to revolution
I know there's confusion
You gonna do what you gotta do now",1997,1.0,6:33
Jodeci - Come & Talk To Me [Forever My Lady],Z:/Throwbacks 90s2000s/Jodeci - Come & Talk To Me [Forever My Lady].mp3,,276323,Music,Throwbacks 90s2000s (Smooth),10000,0,20000,0,264,"Been watching you baby
For a long time
You look so good
Got my eyes on you

I've been watching you
For so very long
Trying to get my nerve built up to be so strong
I really want to meet you
But I'm kind of scared
'Cause you're the kind of lady
With so much class
Get my thoughts together
For the very next day
But when I see you lady
I forget what to say
Your eyes and hair
Such a beautiful tone
The way you dress and walk
It really turns me on
Ooh, you really turn me on
Come on, come on, come on

Come and talk to me
I really wanna meet you
Can I talk to you?
I really wanna know you
Come and talk to me
I really wanna meet you
Can I talk to you?
I really wanna know you
Oh, oh, oh, oh, oh

There you are again
With the same smile each day
I wanna know what it is that makes me feel this way
I wish I could grab you
Tell you what it means to me
To see you walking by my way
It really makes my day
Before I go to sleep and dream about you
I'm a single man
I hope that you are single too
Why do I seek
Something to set my mind free
'Cause curiousity is buggin' the hell outta me, baby
Talk to me, talk to me, talk to me, baby

Come and talk to me
I really wanna meet you
Can I talk to you?
I really wanna know you
Come and talk to me
I really wanna meet you
Can I talk to you?
I really wanna know you, baby

(You wanna tell me your name) wanna tell me your name
Let me play your game, ooh
You wanna tell me your name, ooh
(Let me play your game)

(I wanna) come and talk to me (come on, come on)
I really want, I really want, I really want, I really want to know you
Can I talk to you?
I really want, I really want, I really want, I really want to know you
Come and talk to me
I really want, I really want, I really want, I really want to know you
Come and talk to me
I really want, I really want, I really want, I really want to know you
I want you know you
I wanna know
You wanna tell me your name (tell me your name)
I wanna know
I wanna know
You wanna tell me your name (I wanna know ya)
Let me play your game (let me in your game, ooh)
I wanna know
Let me play your game",1991,1.0,4:36
Chris Brown - Say Goodbye [Chris Brown (Expanded Edition)],Z:/Throwbacks 90s2000s/Chris Brown - Say Goodbye [Chris Brown (Expanded Edition)].mp3,,289802,Music,Throwbacks 90s2000s (Smooth),10000,0,20000,0,264,"Look
We gotta talk
Dang, I know, I know
But it's, it's just
Some things I gotta get off chest, aight?

Yeah, woah, woah-woah-woah, woah
Listen

Baby, come here and sit down
Let's talk, I got alot to say
So I guess I'll start by sayin' that I love you
But you know this thing ain't been a walk in the park (for us)
I swear it'll only take a minute
You'll understand when I finish, yeah
And I don't want to see you cry
But I don't want to be the one to tell you a lie, so

How do you let it go, when you
You just don't know what's on
The other side of the door
When you're walking out? Talk about it
And everything I tried to remember to say

Just went out my head
So I'm a do the best I can to get you to understand
'Cause I know

There's never a right time to say goodbye (Yeah)
But I gotta make the first move
'Cause if I don't, you gonna start hating me
'Cause I really don't feel the way I once felt about you
Girl, it's not you, it's me
I, kinda, gotta figure out what I need, oh

There's never a right time to say goodbye
But we know that we gotta go
Our separate ways
And I know it's hard, but I gotta do it
And it's killing me
'Cause there's never a right time
Right time to say goodbye

Girl, I know your heart is breaking
And a thousand times I
Found myself asking, why? Why?

Why am I taking so long to say this?
But trust me, girl, I never
Meant to crush your world, and I never
Thought I would see the day we'd grow apart
And I wanna know

How do you let it go, when you
You just don't know what's on
The other side of the door

When you're walking out? Talk about
Girl, I hope you understand
What I'm tryna say
We just can't go on
Pretending that we get along
Girl, how you not gonna see it? (Oh, oh, yeah)

There's never a right time to say goodbye
But I gotta make the first move
'Cause if I don't, you gonna start hating me
'Cause I really don't feel the way I once felt about you
Girl, it's not you, it's me
I, kinda, gotta figure out what I need, oh

There's never a right time to say goodbye
But we know that we gotta go
Our separate ways
And I know it's hard, but I gotta do it
And it's killing me
'Cause there's never a right time
Right time to say goodbye

Listen to your heart
Girl, you know
We should be apart, baby
I, I just can't do it
I, I just can't do it

Listen to your heart
Girl, you know
We should be apart, baby
I, I just can't do it
And sometimes it makes me wanna cry

Ooh, ooh, ooh, ooh, ooh, ooh, ooh
Ooh, ooh, ooh, ooh, ooh, ooh, ooh
Do you hear me crying?
Ooh, ooh, ooh, ooh, ooh, ooh, ooh
Ooh, ooh, ooh, ooh
There's never a right

There's never a right time to say goodbye (Oh yeah)
But I gotta make the first move
'Cause if I don't, you gonna start hating me (You gonna start hating me, baby)
'Cause I really don't feel the way I once felt about you (No more)
Girl, it's not you, it's me (It's me, yeah)
I, kinda gotta figure out what I need, oh (About you and me)

There's never a right time to say goodbye (Oh, no it ain't)
But we know that we gotta go
Our separate ways (Yeah, yeah, yeah)
And I know it's hard, but we gotta do it
And it's killing me
'Cause there's never a right time
Right time to say goodbye (Right time)

There's never a right time to say goodbye
But I gotta make the first move
'Cause if I don't, you gonna start hating me
'Cause I really don't feel the way I once felt about you
Girl, it's not you, it's me
I, kinda, gotta figure out what I need, oh

There's never a right time to say goodbye
But we know that we gotta go
Our separate ways
And I know it's hard, but we gotta do it
And it's killing me
'Cause there's never a right time
Right time to say",2005,1.0,4:49
Luther Vandross - Take You Out [Luther Vandross],Z:/Throwbacks 90s2000s/Luther Vandross - Take You Out [Luther Vandross].mp3,,206132,Music,Throwbacks 90s2000s (Smooth),10000,0,20000,0,270,"Yeah yeah
Here it is

She caught me by suprised I must say
Cause I never had seen such a pretty face
With such a warm and beatiful smile
It wasn't hard for me to notice her style
I was fasinated surly
She took my heart and held it for me
I wouldn't let her get away
Not until she heard me say

Excuse me miss (YEHHH)
But whats your name?
Where are you from and can I come?
And possibly can i take you out tonight?
To a movie, to the park (YEHHH)
I'll have you home before it's dark (WHOOOO)
So let me know, can I take you out tonight?

Don't care if i get rejected
At least then I won't regret it
Regret the fact i missed the chance for romance
At least I'll walk away knowing
I tried my best and i'm going
I'm going on with my day
Cause at least she heard me say

Excuse me miss
But whats your name?
Where are you from and can I come? (CAN YOU!)
And possibly can I take you out tonight?
To a movie, to the park (YEHHHH)
I'll have you home before it's dark (WHOOOO)
So let me know, can i take you out tonight?

Excuse me miss
But whats your name?
(I want to know you, I think I can show you good love)
Where are you from and can I come? (CAN YOU!)
And possibly can I take you out tonight?
To a movie, to the park (YEHHHH)
I'll have you home before it's dark (WHOOOO)
So let me know, can i take you out tonight?

Huh, that's why i had to come over
And introduce myself to you
Cause you never going to know where you're gonna find love
And hopefully I found it in you, yeah

Excuse me miss
But what's your name?
Where are you from and can I come?
And possibliy can I take you out tonight?
To a movie, to the park
I'll have you home before it' dark

Excuse me miss
But whats your name?
Where are you from and can I come?
And possibly can I take you out tonight?
To a movie, to the park
I'll have you home before it's dark
So let me know, can i take you out tonight?

Let me make your house a home baby

Excuse me miss
But whats your name?
Where are you from and can I come? (CAN YOU)
And possibly can I take you out tonight?
To a movie, to the park (YEHHHH)
I'll have you home before it's dark (WOOOO)
So let me know, can i take you out tonight?",2001,1.0,3:26
J. Cozier - Topic - She's All I Got (Remix (feat. Fabolous)),Z:/Throwbacks 90s2000s/J. Cozier - Topic - She's All I Got (Remix (feat. Fabolous)).mp3,,174315,Music,New School 2010+ (Smooth),10000,0,20000,0,241,"Yes lord, yeah

Tried to tell niggas, in 2012, nigga
Working hand to hand and no avail
Volume one was too heavy for you frail niggas
So I got leaned like codeine and pills
It's the visionary, in the vintage Chevy
It's been a while but wow you still care
Free Nash 'til they pass out obituaries
In bold caps, ""your bitch-ass was not there""
And I can do anything but move backwards
The hardest thing is to keep from being distracted
My big sister still claiming me on them taxes
Tell Uncle Sam I just need a second to add this
Gave my momma ten racks
And she packed and went to Chumash with it
Quadruple the worth and give me half of it
Half of it I took in the back of the air mattress
A quarter stash was stashed in a box with the Air Maxes
The rest got lost in Saks with my wifey, no BM
Whack niggas dropping links in my DM
Bad bitches up and down a nigga TL
I'm glad that you finally made it to the future but you're late
And the price is through the muthafuckin' roof
If you want you could wait outside the building
I ain't takin' no more meetings

Stepped in the waters
The water was cold
Chilled my body
But not in my soul

I bring you greetings from the first church of Boom Baptists
United Fellowship of Free Nationals
Residing pastor is thy .Paak
And the first lady is a bad bitch
With slanted eyelids and thick ass
Sunglasses, Martin Luther King fan for you bitch niggas
Sweating on my Patent Leathers
Pressure turned their feather weight into a Cinderella
I ain't seen the ground in days since I grew propellers
We'll do one better
Word to the liquor that killed my grandpa liver
I know you finally look proud, a nigga smiling
To every hundred niggas that came and gone missing
Only a handful will go the distance
I swear I seen this shit coming as if I was living up under the plumbing
While niggas was riffing and mumbling 'bout, what they could do
I was cooking gumbo whipping the voodoo
I was in the jungle running with Zulu's
We was looking past the struggle while life was moving so fast
You had to be sharp as a Ginsu
To the top of the food group
Doing what I want and how I should too

Stepped in the waters
The water was cold
Chilled my body
But it didn't touch my soul
Stepped in the waters
The water was cold
Chilled my body
But it didn't touch my soul

Ladies in gentlemen, the most fantastic day in history
Would you boys mind explaining the cause
Of what made this great park go underneath this hood
Take a look at this",2016,1.0,2:54
Dwele - Spiritual [Sketches Of A Man],Z:/Throwbacks 90s2000s/Dwele - Spiritual [Sketches Of A Man].mp3,,120633,Music,Throwbacks 90s2000s (Smooth),10000,0,20000,0,268,"There ohhhh yea yea ohhhh
Sometimes we must go
We must look at our situations lady
And how could u make me chose
Between you and my first life
Theres so many others
Wishing that they can raise their families
All first at the same
And playing and traveling
But you keep me within chain
Holding, keeping me from leaving
I hope for the day
When you and I can agree
And we can live like we ardor be
Girl its all for u
And you call me
Fame x7
Ohh x 4",2008,1.0,2:00
LSG - My Body [Levert.Sweat.Gill],Z:/Throwbacks 90s2000s/LSG - My Body [Levert.Sweat.Gill].mp3,,247171,Music,Throwbacks 90s2000s (Smooth),10000,0,20000,0,250,"Body
My body, your body
(All over your body, baby)
My body, your body
My body, your body
(All over my body, girl)
My body, your body
All over my body girl
My body, your body
(All over your body, baby)
My body, your body
My body, your body
(All over my body)
My body, your body
My body, your body
All over my body, girl

In the middle of the night
When my body's feelin' for you, baby
Gotta call you up and let you know
It's what I'm feelin', baby
Nine one one zero zero twenty-four
Baby, it's an emergency
I'm callin' 'cause gotta have some more
How would you like if I lay you down
(If I lay you down)
Would you like it if I was to sex you down
I can't think about nothing else
You sentulate me with your love
It ain't no secret, girl
Your body fits me like a glove

My body all over your body, babe
(Baby, it's your body, babe)
Your body all over my body, babe
(Yours over mine)
My body all over your body
It's your body, baby
(It's yours all over, over your body, babe)
My body all over your body, babe
(It's your body, yeah)
Your body all over my body, babe
(I cling to your body, baby)
My body all over your body
(Baby, it's your body, babe)
Oh, it's your body baby
All over my body, girl

Wanna fill you up 'til your river flows all over me
Wanna feel your precious treasure
Wrapped around me, oh, so tightly
In, out, I wanna hear you shout
Won't you come on, baby, let me break you off
I guarantee I'll turn you out
How would you like if I lay you down
Would you like it if I was to sex you down
Baby, girl stop fighting you know
You want me just like I want you
Never had a lover that would do
The things that Johnny can do
My body all over your body, babe
(It's your, yeah)
Your body all over my body, babe
(Said, it's your body)
My body all over your body
It's your body, babe
(It's yours body, babe)
All over my body, babe
(My body)
My body all over your body, babe
(Said, it feels so good)
Your body all over my body, babe
(Said, it feels so nice, so nice)
My body all over your body
(It's your body, babe)
Oh, it's your body, baby
If I beg, please, play on
My, my, my body, yeah
Keep on playin' on
It's your body, body, body, body, body
Your sexy body, all over my body, babe
It's your body, body, body, body, body
Your fine body, all over my body
(Baby, it's your body)
My body all over your body, babe
(My body all over your body)
Your body all over my body, baby
(Could you feel me, baby)
My body all over your body
(Oh)
It's your body, babe
(Yeah)
All over your body
(Give me your body, baby)
My body all over your body
(All over your body)
Your body all over my body)
(It's all I need, all I want)
(Can't you feel me)
My body all over your body
(Oh, baby, it's your body, baby)
Oh, it's your body, babe
Feel me, your body
It's your body, baby",1997,1.0,4:07
Mary J. Blige - Enough Cryin (feat. Brook Lynn) [The Breakthrough],Z:/Throwbacks 90s2000s/Mary J. Blige - Enough Cryin (feat. Brook Lynn) [The Breakthrough].mp3,,260937,Music,Throwbacks 90s2000s (Smooth),10000,0,20000,0,264,"Dark child Mary

'Cause that sex was good, you had my mind
And I let you come back every time
You were violating, crossed the line
And you knew that I would be the type to
Always wait so patiently
Thinking you was coming home to me
Well, damn, I never heard the keys
Felt your taps and all your sleeves (rewind that)

'Cause our sex was good, you had my mind
And I let you come back every time
You would violate and cross the line
And you knew that I would be the type
To always wait so patiently
Thinking you was coming home to me
Well, damn, I never heard the keys
Or felt your taps and all your sleeves

Don't leave the house no more
You're so dumb to think you gon' marry me
I got to be out my mind
I think I need someone to carry me (oh)
I'm done enough cryin, cryin', cryin' (cryin', cryin', cryin')
It's time to say bye, bye, bye
It's time I do something for me

Time to choose my clothes, choose my friends, be with my family
Baby needs some girlfriend, where you been, we ain't seen you in weeks
Been chasing this fool around
Thinking he gon' hold me down
I would follow his lead, thinking I would be the one he keep around

What I needed (not wanted)
And all that I needed (real commitment)
I really couldn't see it (you're not the real man)
You said you would here (this relationship)
So many men think that all a girl needs
Is to be sold a dream but I won't fall

Don't leave the house no more
You're so dumb to think you gon' marry me
I got to be out my mind
I think I need someone to carry me (oh)
I'm done enough cryin, cryin', cryin' (cryin', cryin', cryin')
It's time to say bye, bye, bye
It's time I do something for me

Don't wanna play house no more
You treat me poor, you tie, you play me
Got me looking at the front door
This ain't cool, you so like me, play me
Don't wanna play house no more
No more, you tie, you play me
I've done enough cryin', cryin', cryin'
It's time I do something for me

You turned your back and back, and I came running
But the simple fact is that you ain't want me
Done enough lying and crying to myself
Nothing left to do but move
What else can I do but leave?
I believed that you would marry me
But now I got a breeze, our bees were LT
When you come to your senses, but then it's too late

That's always how I be catch me with the bees on the wheels
Giuseppe's on the hill should've marked Jacob, Fifi
Bag me when you had me next to the gladly
Pick up where you left off Ice me, wife me
You ain't gonna have me

Cryin', cryin', cryin' (cryin', cryin', cryin')
It's time to say bye, bye, bye
It's time I do something for me, for me, for me

Don't leave the house no more
You're so dumb to think you gon' marry me
I got to be out my mind
I think I need someone to carry me
I'm done enough cryin, cryin', cryin' (cryin', cryin', cryin')
It's time to say bye, bye, bye
It's time I do something for me

Don't leave the house no more
You're so dumb to think you gon' marry me
I got to be out my mind
I think I need someone to carry me (oh)
I'm done enough cryin, cryin', cryin' (cryin', cryin', cryin')
It's time to say bye, bye, bye
It's time I do something for me

It's time I do something for me",2005,1.0,4:20
Keyshia Cole - Trust (feat. Monica) [A Different Me],Z:/Throwbacks 90s2000s/Keyshia Cole - Trust (feat. Monica) [A Different Me].mp3,,253388,Music,Throwbacks 90s2000s (Smooth),10000,0,20000,0,257,"What up, Mo
What up?
You know it's your girl, KC
Monica: Oh hey
I been thinking about this guy I
Really feel a lot and everything that's
He's been through. I just want him to trust me
He should.
I'll never hurt him but.
But what?
You know.
Monica: Look, if he loves you, he needs to show
You that he loves you
I just feel like...

Let me be the one who can take you from all the things
You see. And if you trust in me I can be that through
Anything you need (anything you need). And give it all
To me baby, don't you run from me baby. I'll give you
Every little piece of me. No, i won't leave out a thing
Cause I know...

I know you've been a lot of things in your life
Got you feeling like this can't be right. I won't
Hurt you, I'm down for you baby. (I know you've seen
A lot of things) I know you've seen a lot of things in
Your life. Got you feeling like this can't be right
I won't hurt you, I'm down for you baby
(I'm down for you baby)

Now let me show you love can be easy, if you just let
It be. Nothing is promised but I believe if you give me
Everything. (Trust) And i'll give you everything that I
Got, and I won't stop till you get it right. All the
Trust, all the love, you know we got a lot baby

I trust you, I love you, I want you, I need you
Baby I breathe you, never leave you, life wouldn't
Be the same without you.

I trust you, I love you, I want you, I need you
Baby I breathe you, never leave you, life wouldn't
Be the same without you.

I know you've been a lot of things in your life
Got you feeling like this can't be right. I won't
Hurt you, I'm down for you baby. (I know you've seen
A lot of things) I know you've seen a lot of things in
Your life. Got you feeling like this can't be right
I won't hurt you, I'm down for you baby
(I'm down for you baby)

I know you've been a lot of things in your life
Got you feeling like this can't be right. I won't
Hurt you, I'm down for you baby. (I know you've seen
A lot of things) I know you've seen a lot of things in
Your life. Got you feeling like this can't be right
I won't hurt you, I'm down for you baby
(I'm down for you baby)

K.C. won't you tell them again for me, for me
For me
In your life
Your life
In your life
In your life
I won't hurt you baby, no. In your life
In your life, in your life
In your life.
I love you baby.
Love you baby, yeah
I don't care what they say about us, oh nooooo
Tell them, tell them
In your life, in your life i won't hurt you baby, no
In your life
Monica: in your life
Keyshia: I won't hurt you baby, no
Monica: No you won't
Keyshia: In your life
Monica: in your life
Keyshia: In your life
Monica: In your life
Keyshia: I love you baby, yeah
Monica: love you baby, yeah
Keyshia: Oh!
Monica: Oh oh, gotta let them know. Oh KC tell em",2008,1.0,4:13
Janet Jackson - Got 'Til It's Gone (feat. Joni Mitchell & Q-Tip) [The Velvet Rope],Z:/Throwbacks 90s2000s/Janet Jackson - Got 'Til It's Gone (feat. Joni Mitchell & Q-Tip) [The Velvet Rope].mp3,,241816,Music,Throwbacks 90s2000s (Smooth),10000,0,20000,0,253,"What's... what's the next song?

The one about me

Oh yeah?
I like this song
Uh-uh like Joni says...

Don't it always seem to go that you don't know what you've got 'til it's--
Don't it always seem to go that you don't know what you've got 'til it's--
Don't it always seem to go that you don't know what you've got 'til it's--
You don't know what you've got 'til it's--

Gone

Have a feeling
Now believing
That you were the one
I was meant to be with
Oh how I'm wishig
Thinking dreaming
Bout you
And the love
How'd I ever let you get away?

Got 'til it's gone

Don't- don't- don't it always
Don't- don't- don't it always

Got 'til it's gone

Don't- don't- don't it always

Yeah, yeah, yeah...

Don't it always seem to go that you don't know what you've got 'til it's
Gone
Don't it always seem to go that you don't know what you've got 'til it's
Gone
Don't it always seem to go that you don't know what you've got 'til it's
Gone
Joni Mitchell never lies
You don't know what you've got 'til it's
Gone

If I could turn back
The hands of time I'd make you
Fall in love
In love with me again

So would you give me
Another chance to love
To love you
In the right way no games

Got 'til it's gone
Don't- don't- don't it always--, Don't- don't- don't it always--
Here we go again...
Got 'til it's gone
Don't- don't- don't it always--, Don't- don't- don't it always--
Joni Mitchell never lies

Don't it always seem to go that you don't know what you've got 'til it's
Gone
Don't it always seem to go that you don't know what you've got 'til it's
Gone
Don't it always seem to go that you don't know what you've got 'til it's
Gone
Yo lemme just f*ck wit it for a minute
You don't know what you've got 'til it's
Gone

Now you're realizin when the nights go long right?
Campaign for me stay when you know that I'm gone right?
You act all wild when I tell you to settle
I was workin round the clock but your girls wanna meddle
Talkin bout, ""I heard he swims with this chick on the beach.""
That was out with the tide but my love you impeached
Now you lookin at the walls head in hand cold Jonezin
Ringin my house, hangin up, and then posin
Now why you wanna go and do that love huh?
Now why you wanna go and do that and do that, huh?
Now why you wanna go and do that love huh?
Now why you wanna go and do that and do that huh?
Now why you wanna go and do that love huh?
Now why you wanna go and do that and do that huh?
Now why you wanna go and do that love huh?
Now why you wanna go and do that and do that and do that?

Don't it always seem to go that you don't know what you've got 'til it's
Gone
Don't it always seem to go that you don't know what you've got 'til it's
Gone
Don't it always seem to go that you don't know what you've got 'til it's
Gone
Joni Mitchell never lies
You don't know what you've got 'til it's
Gone
You don't know what you've got 'til it's gone
You don't know what you've got 'til it's gone
Dust",1997,1.0,4:01
Janet Jackson - If [Janet],Z:/Throwbacks 90s2000s/Janet Jackson - If [Janet].mp3,,271700,Music,Throwbacks 90s2000s (Smooth),10000,0,20000,0,275,"Sittin' over here, starin' in your face
With lust in my eyes, sure don't give a damn
And ya don't know that I've been dreamin' of ya in my fantasy
Never once you looked at me
Don't even realize that I'm wantin' you to fulfill my needs?
Think what you want, let your mind free
Run free to a place no one dares to

How many nights I've laid in bed excited over you?
I've closed my eyes and thought of us a hundred different ways
I've gotten there so many times
I wonder how 'bout you
Day and night, night and day, all I've got to say is:

If I was your girl, oh the things I'd do to you
I'd make you call out my name, I'd ask who it belongs to
If I was your woman, the things I'd do to you
But I'm not, so I can't, then I won't, but if I was your girl

Allow me some time to play with your mind
And you'll get there again and again
Close your eyes and imagine my body undressed
Take your time 'cause we've got all night, ooh
You on the rise as you're touchin' my thighs
And let me know what you like, if you like I'll go
Down, down, down, down, da-, down, down
I'll hold you in my hand and maybe

Your smooth and shiny feels so good against my lips, sugar
I want you so bad
I can taste your love right now, baby
Day and night, night and day
All I've got to say is:

If I was your girl, oh the things I'd do to you
I'd make you call out my name, I'd ask who it belongs to
If I was your woman, the things I'd do to you
But I'm not, so I can't, then I won't, but if I was your girl

If I was your girl, oh the things I'd do to you
I'd make you call out my name, I'd ask who it belongs to
If I was your woman, the things I'd do to you
But I'm not, so I can't, then I won't, but if I was your girl

I've laid in bed excited over you
One hundred different ways
I've thought of many, many
All I want to say is:

If I was your girl, oh the things I'd do to you
I'd make you call out my name, I'd ask who it belongs to
If I was your woman, the things I'd do to you
But I'm not, so I can't, then I won't, but if I was your girl

If I was your girl, oh the things I'd do to you
I'd make you call out my name, I'd ask who it belongs to
If I was your woman, the things I'd do to you
But I'm not, so I can't, then I won't, but if I was your girl

If I was your girl, oh the things I'd do to you
I'd make you call out my name, I'd ask who it belongs to
If I was your woman, the things I'd do to you
But I'm not!",1993,1.0,4:31
Ginuwine - Topic - Differences,Z:/Throwbacks 90s2000s/Ginuwine - Topic - Differences.mp3,,263549,Music,Throwbacks 90s2000s (Smooth),10000,0,20000,0,239,"Yes, don't close the door
Listen, I've been waitin' to tell you this
You are, more than a man could ever want
Wait a minute, just let me there, listen

I stepped in a club in your hood
I slowly turned left and there you stood
You and your friends talkin'
But then our eyes connect and moved in

It was just like 2 ways on beam
I'm your king, be my queen
And what did you wanna do tonight?
My truck is parked out front, so let's ride

I can read your mind, babe
(Ohh)
I know what you're thinkin'
(I know what you're thinkin', baby)
It's alright
(With me, baby)
It's alright, yes
(Ohh yeah)
I can read your mind, babe
(I can)
I know what you're thinkin'
(I know what you're thinkin', baby)
It's alright
(With me, yeah yeah)
It's alright, yes

So baby take a ride with me
And I'll fulfill all your fantasies
And when the rain starts pourin' down
Then all the love that's lost will be found

I'll make your mind loose control
Over your body that's my goal
So baby just come down here
Just let the gravity pull you near

I can read your mind, babe
(I can)
I know what you're thinkin'
(I know what you're thinkin')
It's alright
(Can you feel me? Yeah)
It's alright, yes
(Ooh, baby)

I can read your mind, babe
(Just me and you right now)
I know what you're thinkin'
(I got an idea, babe)
It's alright
(Oh yeah)
It's alright, yes

I know you wanna rub
(Rub)
I know you wanna touch
(Touch)
I know you wanna feel
(Feel)
So, baby keep it real

I know you wanna see
(See)
I know you wanna be
(Be)
In my B E D
Grindin' slowly

I know you wanna rub
(Rub)
I know you wanna touch
(Touch)
I know you wanna feel
(Feel)
So baby keep it real

I know you wanna see
(See)
I know you wanna be
(Be)
In my B E D
Grindin' slowly

I can read your mind, babe
(I can read it)
I know what you're thinkin'
(And I know)
It's alright
(You see, I know, what you know)
It's alright, yeah
(I can feel it too, baby)

I can read your mind, babe
(Just me and you, yeah)
I know what you're thinkin'
(I know, yeah)
It's alright
(Oh, oh yeah)
It's alright, yes

I wanna love baby
(That's what I wanna do to you)
I wanna feel you
(If you come, if you come)
I wanna love baby
(Oh yeah)
I wanna feel you
(I wanna feel you, girl)

I wanna love baby
(Come on and go with me)
(I want you to stay with me)
I wanna feel you
('Cause it's alright with me)
I wanna love baby
(Listen baby, I wanna go with you)
(I want you to stay with me)",2003,1.0,4:23
Mint Condition - Whoaa [Livin' the Luxury Brown],Z:/Throwbacks 90s2000s/Mint Condition - Whoaa [Livin' the Luxury Brown].mp3,,251272,Music,Throwbacks 90s2000s (Smooth),10000,0,20000,0,257,"I woke up kinda feelin' bright
My stomach filled with butterflies
My dream was all 'bout a love affair
It was beautiful 'cause you were the one right there

I look up just to check the time
'Cause you bounce from work after 5
I know your J-O-Be hard on you
So I wanna scoop you up and tell you what I wanna do

Take you on a ride, like a rollercoaster
Make you wanna say whoaa
Have you feelin' right, gettin' kinda vocal
Make you wanna say whoaa

All day, I was fantasizing
Can't say much, 'cause some of it's classified
Till tonite, when we both will share
In the moment when you tell me just to hold it right there

When you talk, you're deeper than an ocean
A woman, with complex emotions
Just love to peel off all your layers
You got so many delicious flavors

Satisfactions, waitin' for ya'
You'll relax like, you're supposed ta'
When I finally put my hands to you
I blow your mind with some thangs you never knew

Hope you're not working real late
'Cause, all this talk got me so anxious
Can't wait to play in your amusement park
We're gonna sway and whoaa into the dark

Take you on a ride, like a rollercoaster
Make you wanna say whoaa
Have you feelin' right, gettin' kinda vocal
Make you wanna say whoaa",2005,1.0,4:11
Dru Hill - Beauty [Enter The Dru],Z:/Throwbacks 90s2000s/Dru Hill - Beauty [Enter The Dru].mp3,,272614,Music,Throwbacks 90s2000s (Smooth),10000,0,20000,0,257,"Sorry, didn't notice you there
Then again, you didn't notice me
So we'll remain passers-by
Until the next time we speak

I hope that I can make you mine
Before another man steals your heart
And once your beauty is mine
I swear we will never be apart
Walks by me every day
Her and love are the same
The woman that's stolen my heart
And beauty is her name

(And I hope) I'm hoping I can make you mine (yes I)
Before another man steals your heart
And once this beauty is mine (baby)
I swear we will never be apart

I didn't take much time to think about
But I didn't wanna move too fast
'Cause I knew that when I saw you again
That I wouldn't wanna let you pass

'Cause my eyes have seen the glory
In the coming of your smile
So I swear if you ever come 'round again
Please, stay for a while

Walks by me every day (ooh, baby, baby)
Her and love are the same (her and love are the same)
The woman that's stolen my heart
And beauty is her name

I'm hoping I can make you mine (oh baby)
Before another man steals your heart
And once this beauty is mine (yeah, in my arms)
I swear that we'll never be apart (in my arms, you are)

You are so beautiful (baby, baby)
When I'm down and out (when I'm down)
I never seem to get tired (I never seem)
Tired of your love, oh, tired of your love
'Cause you are wonderful

You're wonderful (and I'm dying)
And I'm just dying to make you see
Anything you want inside your heart
You can find right here inside of me

Walks by me every day
Her and love are the same
The woman that's stolen my heart
And beauty is her name

I'm hoping I can make you mine
Before another man steals your heart
And once this beauty is mine
I swear we will never be apart

Walks by me every day (she walks by me every day)
Her and love are the same (her and love are the same)
The woman that's stolen my heart
And beauty is her name
I'm hoping I can make you mine
Before another man steals your heart
And once this beauty is mine
I swear we will never be apart (we will never be apart, never be apart)

Walks by me every day
Her and love are the same
The woman that's stolen my heart
And beauty is her name",1998,1.0,4:32
En Vogue - My Lovin' (You're Never Gonna Get It) [Funky Divas],Z:/Throwbacks 90s2000s/En Vogue - My Lovin' (You're Never Gonna Get It) [Funky Divas].mp3,,281652,Music,Throwbacks 90s2000s (Smooth),10000,0,20000,0,285,"Ooh, bop

No, you're never gonna get it (ow)
Never ever gonna get it
No, not this time
No, you're never gonna get it
My love
Never ever gonna get it
No, you're never gonna get it (ow)
Never ever gonna get it

No, not this time
No, you're never gonna get it
My love
Never ever gonna get it

Ooh, bop
I remember how it used to be
You never was this nice, you can't fool me
Ooh, bop
Now you're talkin' like you never change
The more you talk the more things sound the same

What makes you think you can just walk back into her life
Without a good fight, oh
I just sit back and watch you make a fool of yourself
'Cause you're just wasting your time, oh

No, you're never gonna get it
Not this time
Never ever gonna get it
My lovin'
No, you're never gonna get it
Had your chance to make a change, never ever gonna get it
No, you're never gonna get it

Not this time
Never ever gonna get it
My lovin'
No, you're never gonna get it
Had your chance to make a change
Never ever gonna get it

Ooh, bop
Now you promise me the moon and stars
Save your breath, you won't get very far
Ooh, bop
Gave you many chances to make change
The only thing you changed was love to hate

It doesn't matter what you do or what you say
She doesn't love you, no way
Maybe next time you'll give your woman a little respect
So you won't be hearing her say, no way

No, you're never gonna get it
Not this time
Never ever gonna get it
My lovin'
No, you're never gonna get it
Had your chance to make a change never ever gonna get it
No, you're never gonna get it

Not this time
Never ever gonna get it
My lovin'
No, you're never gonna get it
Had your chance to make a change never ever gonna get it

No, you're never gonna get it
Not this time
Never ever gonna get it
My lovin'
No, you're never gonna get it
Had your chance to make a change never ever gonna get it

No, you're never gonna get it
Not this time (never ever gonna get it)
My lovin'
No, you're never gonna get it
Had your chance to make a change never ever gonna get it

Ooh, bop
Woo, yes sir
I give to the needy and not the greedy
Mhm, that's right, 'cause ya see, baby
Ooh, bop
When ya lackin', ya losin'
And I'm out the door

Doesn't matter what you do or what you say
She don't love you, no way
Maybe next time, you'll give your woman a little respect
So you won't be hearing her say, no way
And now it's time for a breakdown

Never gonna get it, never gonna get it
Never gonna get it, never gonna get it
Never gonna get it, never gonna get it
Never gonna get it, w-whoa, whoa-whoa

Never gonna get it, never gonna get it
Never gonna get it, never gonna get it
Never gonna get it, never gonna get it
Never gonna get it, never get it

No, you're never gonna get it
Sweet lovin'
Never ever gonna get it
Sweet lovin'
No, you're never gonna get it
My lovin'
Never ever gonna get it
My lovin'

No, you're never gonna get it
Sweet lovin'
Never ever gonna get it
My lovin'
No, you're never gonna get it
Sweet lovin'
Never ever gonna get it
My lovin'

No, you're never gonna get it
Not this time
Never ever gonna get it
Sweet lovin'
No, you're never gonna get it
My sweet lovin'
Never ever gonna get it
My sweet lovin'",1992,1.0,4:41
Boyz II Men - On Bended Knee,Z:/Throwbacks 90s2000s/Boyz II Men - On Bended Knee.mp3,,329848,Music,Throwbacks 90s2000s (Smooth),10000,0,20000,0,245,"Darlin' I, I can't explain
Where did we lose our way
Girl it's drivin' me insane
And I know, I just need one more chance

To prove my love to you
If you come back to me
I'll guarantee
That I'll never let you go

Can we go back to the days our love was strong
Can you tell me how a perfect love goes wrong
Can somebody tell me how to get things back
The way they used to be

Oh God give me a reason
I'm down on bended knee
I'll never walk again until you come back to me
I'm down on bended knee

So many nights I dreamt
Holding my pillow tight
I know that I don't need to be alone
When I open up my eyes

To face reality
Every moment without you
It seems like eternity
I'm begging you, begging you come back to me

Can we go back to the days our love was strong
Can you tell me how a perfect love goes wrong
Can somebody tell me how to get things back
The way they used to be

Oh God give me a reason
I'm down on bended knee
I'll never walk again, until you come back to me
I'm down on bended knee

Baby, I'm sorry (Oooh)
Please forgive me for all the wrong I've done (Please forgive me)
Please come back home, girl (Mmmm hmmm)
I know you put all your trust in me (Yeah)
I'm sorry I let you down
Please forgive me

I'm gonna swallow my pride
Say I'm sorry
Stop pointing fingers the blame is on me
I want a new life

And I want it with you
If you feel the same
Don't ever let it go
You gotta believe in the spirit of love

It'll heal all things
It won't hurt anymore
No I don't believe our love's terminal
I'm down on my knees begging you please
Come home

Can we go back to the days our love was strong
Can you tell me how a perfect love goes wrong
Can somebody tell me how to get things back
The way they used to be

Oh God give me a reason
I'm down on bended, down on bended knee

Can we go back to the days our love was strong
Can you tell me how a perfect love goes wrong
Wanna build a new life, just you and me
Gonna make you my wife, raise a family

Can somebody tell me how to get things back
The way they used to be
Oh God give me a reason
I'm down on bended, (Down, down, down) Ooooh

I'll never walk again,
'Til you come back to me
I'm down on bended, knee",1994,1.0,5:29
Mint Condition - You Don't Have To Hurt No More [Definition Of A Band],Z:/Throwbacks 90s2000s/Mint Condition - You Don't Have To Hurt No More [Definition Of A Band].mp3,,322090,Music,Throwbacks 90s2000s (Smooth),10000,0,20000,0,254,"I don't like the way he treats you
That's not the way that I would do you
What gives him the right to say
Its you that he owns

All those nights he left you to cry
Left you with nothing but tears in your eyes
Girl just come with me
'Cause this house is not a home

Girl he's over and gone
You don't have to hurt no more
And I'll be there for you
To give all the love you're yearning for

And you don't have to hurt no more, baby he's over
I'll be what you're looking for
Let me take over
And you don't have to hurt no more

I'll make you see
I'll be what you're looking for and more
So you don't have to hurt
You don't have to hurt

No more
How could he look into those pretty eyes
And hurt you, oh no
You don't have to hurt no more

Every day I see you with those sad eyes
You try so hard to hold back from all you cries
Just come with me
There is no reason for your broken heart to stand

Girl you're heart will heal from all the pain you feel
Just let me show you the real love you've been waiting for
Just close the door, you cannot take no more
There is no reason for

Girl he's over and gone
You don't have to hurt no more
And I'll be there for you
To give all the love you're yearning for

You don't have to hurt no more, baby he's over
I'll be what you're looking for
Let me take over
You don't have to hurt no more

I'll make you see
I'll be what you're looking for and more
So you don't have to hurt

You don't have to hurt, no more, baby he's over
I'll be what you're looking for
Let me take over
You don't have to hurt no more

I'll make you see
I'll be what you're looking for and more
So you don't have to hurt
You don't have to hurt, no more

He must be a fool to leave you alone

You don't have to hurt",1996,1.0,5:22
Whitney Houston - I Will Always Love You [The Bodyguard - Original Soundtrack Album],Z:/Throwbacks 90s2000s/Whitney Houston - I Will Always Love You [The Bodyguard - Original Soundtrack Album].mp3,,271151,Music,Throwbacks 90s2000s (Smooth),10000,0,20000,0,251,"If I should stay
I would only be in your way
So I'll go, but I know
I'll think of you every step of the way

And I will always love you
I will always love you
You
My darling, you, mm, mm

Bittersweet memories
That is all I'm taking with me
So goodbye, please don't cry
We both know I'm not what you, you need

And I will always love you
I will always love you
You

I hope life treats you kind
And I hope you have all you've dreamed of
And I wish you joy and happiness
But above all this, I wish you love

And I will always love you
I will always love you
I will always love you
I will always love you
I will always love you
I, I will always love you

You
Darling, I love you
I'll always, I'll always love you",1992,1.0,4:31
The Notorious B.I.G. - Big Poppa (2005 Remaster) [Ready to Die (The Remaster)],Z:/Throwbacks 90s2000s/The Notorious B.I.G. - Big Poppa (2005 Remaster) [Ready to Die (The Remaster)].mp3,,252787,Music,Throwbacks 90s2000s (Smooth),10000,0,20000,0,262,"Uh, uh, check it out (yeah), uh
Junior M.A.F.I.A., uh (he-he)
Uh (I like this) yeah, yeah
Nine-fo' (keep bangin')

To all the ladies in the place with style and grace
Allow me to lace these lyrical douches in your bushes (uh)
Who rock grooves and make moves with all the mamis?
The back of the club, sippin' Moët is where you'll find me (what?)
The back of the club, mackin' -, my crew's behind me (uh)
Mad question askin', - passin'
Music blastin', but I just can't quit
Because one of these honeys Biggie got to creep with (that's right)

Sleep with, keep the ep a secret, why not? (Uh)
Why blow up my spot 'cause we both got hot?
Now check it, I got more mack than Craig, and in the bed
Believe me, sweetie, I got enough to feed the needy (come on)
No need to be greedy, I got mad friends with Benzes
C-notes by the layers, true to life players (uh)
Jump in the Rover and come over, tell your friends jump in the GS3
I got the - by the tree (let's go)

I love it when you call me Big Poppa
Throw your hands in the air if you's a true player
I love it when you call me Big Poppa
To the honeys gettin' money, playin' fellas like dummies
I love it when you call me Big Poppa
You got a - up in your waist, please don't shoot up the place (why?)
'Cause I see some ladies tonight that should be havin' my baby (uh), baby (uh)

Straight up, honey, really I'm askin'
Most of these fellas think they be mackin', but they be actin'
Who they attractin' with that line (what?), ""What's your name? What's your sign?""
Soon as he buy that wine, I just creep up from behind (that's right)
And ask you what your interests are, who you be with
Things that make you smile, what numbers to dial
You gon' be here for a while? I'm gon' go call my crew, you go call your crew
We can rendezvous at the bar around two (come on)

Plans to leave, throw the keys to Little Cease (uh-huh)
Pull the truck up front, and roll up the next blunt
So we can steam on the way to the telly, go fill my belly (G)
A T-bone steak, cheese eggs and Welch's grape
Conversate for a few, 'cause in a few we gon' do
What we came to do, ain't that right, boo? (True)
Forget the telly, we just go to the crib
And watch a movie in the jacuzzi, smoke - while you do me

I love it when you call me Big Poppa
Throw your hands in the air if you's a true player
I love it when you call me Big Poppa
To the honeys gettin' money, playin' fellas like dummies
I love it when you call me Big Poppa
You got a - up in your waist, please don't shoot up the place (why?)
'Cause I see some ladies tonight that should be havin' my baby (uh), baby (uh)

(How you livin', Biggie Smalls?) In mansion and Benzes
Givin' ends to my friends, and it feels stupendous
Tremendous cream, fuck a dollar and a dream (heh)
Still tote gats, strapped with infrared beams (that's right) (what?)
Choppin' Os (uh-huh), smokin' la in Optimos
Money, - and clothes, all a nigga knows (all a nigga knows)
A foolish pleasure? Whatever
I had to find the buried treasure (for what?), So grams I had to measure
However, livin' better now, Coogi sweater now
Drop top BMs, I'm the man, girlfriend

Yeah, honey, check it
Tell your friends to get with my friends
And we can be friends
Sh-, we can do this every weekend (that's right), alright?
Is that aight wit' you?
Yeah, keep bangin'

I love it when you call me Big Poppa
Throw your hands in the air if you's a true player
I love it when you call me Big Poppa
To the honeys gettin' money, playin' fellas like dummies
I love it when you call me Big Poppa
You got a - up in your waist, please don't shoot up the place (why?)
'Cause I see some ladies tonight that should be havin' my baby (uh), baby (uh)

Check it out
Puff Daddy, Biggie Smalls, Junior M.A.F.I.A
Represent, baby, baby, uh",1994,1.0,4:12
Subway - This Lil' Game We Play (feat. 702) [Good Times],Z:/Throwbacks 90s2000s/Subway - This Lil' Game We Play (feat. 702) [Good Times].mp3,,292859,Music,Throwbacks 90s2000s (Smooth),10000,0,20000,0,261,"(Ooh) Yo, baby
You ready to let the games begin? (Huh)
(Oh baby) 'Cause I'm ready (yeah, hey yeah, yeah yeah, hmm)
On your mark, get set, here we go
Check it

Girl, I want you to stay (huh)
So we can play this little game we play
You go hide, and I will seek
Let me be the one to make you weak (yeah, baby)

Boy, I really wanna stay (yeah)
And play that little game you play (come on)
Where you go hide, and let me seek
Let me be the one to make you weak

Ah yeah, first verse

I'm thinking about ya, every day
Got me feelin' kinda freaky
Girl, why you wanna leave me that way?
Boy, I don't wanna leave you
So I'll stay for a little while
But we play by my rules
'Cause bein' loose just ain't my style
No, no, no

Girl, I want you to stay
So we can play this little game we play
You go hide, and I will seek
Let me be the one to make you weak

Boy, I really wanna stay
And play that little game you play
Where you go hide, and let me seek
Let me be the one to make you weak

Oh, so you wanna run things (mhm)
Well, that's cool with me
You better know what you're doin' (I know)
Girl, I'm a hard one to please (ooh)
Come on

Talk is cheap (yeah)
Let's get right to it (ooh, baby)
Let the fun and games begin
Boy, I'm ready to do this

Girl, I want you to stay (help me stay)
So we can play this little game we play (but we must play in my way)
You go hide, and I will seek
Let me be the one to make you weak

Boy, I really wanna stay
And play that little game you play
Where you go hide, and let me seek
Let me be the one to make you weak

It's your move, baby (it's your move, baby)
So show me what you got (show me what you got)
'Cause when it's my turn (but when its my turn)
The game is gonna get hot

I like what you're sayin'
Boy, it sounds real good, real good
But are you ready for a real woman
To test your manhood?

This little game that we play (yeah baby, it's my game)
It's just a little game that we play (but you gotta play by my rules, uh-huh)
This little game that we play (come on)
It's just a little game that we play (just one lil' game real quick, here we go)
Baby, don't start if you think you can't finish
Come prepared if you think you're gonna win this
Give it your best shot (yeah)
Give me all you got (oh)
Guaranteed to make you hot (make me hot, baby, oh)
I wanna play this game with you
I wanna play this game with you
But don't be no fool (yes, I do)
You've gotta play by my rules
Come on and play, hey

Girl, I want you to stay
So we can play this little game we play
You go hide, and I will seek
Let me be the one to make you weak
Girl, I want you to stay",1995,1.0,4:52
Jagged Edge - He Can't Love U [JE Heartbreak],Z:/Throwbacks 90s2000s/Jagged Edge - He Can't Love U [JE Heartbreak].mp3,,244114,Music,Throwbacks 90s2000s (Smooth),10000,0,20000,0,268,"I ain't no hate or nothing
But he can't love you like I can
Trust me

Ooh, ooh, ooh, ooh
Ooh, ooh, ooh, ooh
Ooh, ooh, ooh, ooh
Ooh, ooh, ooh, ooh

As the clock strikes twelve
I'm sitting here wondering how the hell
Did I let you leave
And baby I know that I did my share
Of things to deceive you
I'm just trying to get an understanding
Of what to do
'Cause I'm half way going crazy
Girl they can't fade me

He can't love you like I love you
Baby you know it too
And you should never wanna be with a man
If he can't be a man
And do the things to you like I can (like I do)

He can't love you like I love you
Baby you know it too (oh baby)
And you should never wanna be with a man
If he can't be a man
And do the things to you like I can (like I do)

I stop, and I wait, and I think
That I never met someone to make me feel
Like I'm ready to love
So I gotta do what I gotta do
Just to keep you
Keep you here with me baby
Now I feel it's time for me to say
That I need you boo
And I can't go a day without your loving
Baby I can't live without you

I know, you know
No matter if you want it baby
Ain't no if's, or buts, or maybes
And I know that one day you'll see
That he can't really love you like I love you

He can't love you like I love you
Baby you know it too
And you should never wanna be with a man (he can love you)
If he can't be a man (he can love you)
And do the things to you like I can

Telling you, he can't love you like I love you
Baby you know it too(I know he can't do that)
And you should never wanna be with a man
If he can't be a man (I'm so sorry he can't be a man)
And do the things to you like I can

He can't, he can't love you girl
He's never gonna love you girl
Like I love you girl

He can't, he can't love you girl
He's never gonna love you girl
Like I love you girl

He can't, he can't love you girl
He's never gonna love you girl
Like I love you girl

He can't, he can't love you girl
(No no no no no no, no no)

He can't love you like I love you
Baby you know it too (he can't love)
And you should never wanna be with a man
If he can't be a man
And do the things to you like I can

Telling you, he can't love you like I love you
Baby you know it too
And you should never wanna be with a man
If he can't be a man
And do the things to you like I can
He can't love you like I love you
Baby you know it too",1999,1.0,4:04
En Vogue - Don't Let Go (Love) [EV3],Z:/Throwbacks 90s2000s/En Vogue - Don't Let Go (Love) [EV3].mp3,,291918,Music,Throwbacks 90s2000s (Smooth),10000,0,20000,0,272,"Oh yeah
Ooh ooh
Oh oh hey

What's it gonna be? 'Cause I can't pretend
Don't you wanna be more than friends? (Ooh)
Hold me tight and don't let go
Don't let go
You have the right to lose control
Don't let go

I often tell myself that
We could be more than just friends
I know you think that if we move too soon
It would all end
I live in misery when you're not around
And I won't be satisfied 'til we're taking those vows

There'll be some love makin'
Heart breakin', soul shakin' love
Love makin', heart breakin', soul shakin'

What's it gonna be? 'Cause I can't pretend (I can't pretend, no)
Don't you wanna be more than friends? (Don't you wanna be?)
Hold me tight and don't let go
Don't let go
You have the right to lose control
Don't let go

I often fantasize the stars above
Are watching you
They know my heart
It speaks to yours like only lovers do
If I could wear your clothes
I'd pretend I was you and lose control

There'll be some love makin'
Heart breakin', soul shakin' love
Love makin', heart breakin', soul shakin' (Oh, yeah)

What's it gonna be? 'Cause I can't pretend (I can't pretend, no)
Don't you wanna be more than friends? (Don't you wanna be?)
Hold me tight and don't let go
Don't let go
You have the right to lose control
Don't let go

Runnin' in and out my life
Has got me so confused
You gotta make the sacrifice
Somebody's gotta choose
We can make it if we try
For the sake of you and I
Together we can make it right

What's it gonna be? 'Cause I can't pretend
Don't you wanna be more than friends? (Don't you wanna be?)
Hold me tight and don't let go
Don't let go
You have the right to lose control (You got the right)
Don't let go
I said you got the right to lose control, yeah, ooh, ooh

Don't let go, ooh ooh
Ooh ooh ooh
Ooh ooh ooh oh oh
Don't let go, 'cause I can't pretend

What's it gonna be? 'Cause I can't pretend (Don't you wanna be?)
Don't you wanna be more than friends?
Then hold me tight and don't let go
Don't let go
You have the right to lose control (Lose control)
Don't let go
(Lose control)
What's it gonna be (Don't let go)
Don't you wanna be (Don't let go)",1997,1.0,4:51
Aaliyah - Back & Forth [Age Ain't Nothing But A Number],Z:/Throwbacks 90s2000s/Aaliyah - Back & Forth [Age Ain't Nothing But A Number].mp3,,231131,Music,Throwbacks 90s2000s (Smooth),10000,0,20000,0,266,"Let me see you go back (Move, it's the L-I-Y-A-H)
Let me see you come forth
Now let me see you go back (Move, it's the L-I-Y-A-H)
Let me see you come forth
Uh, now let me see you go back (Move, it's the L-I-Y-A-H)
Let me see you come forth
Uh, let me see you go back (Move, it's the L-I-Y-A-H)
Let me see you come forth, yeah

It's Friday (Hey)
And I'm ready to swing, pick up my girls
And hit the party scene
Tonight, oh, it's alright, mhm
So get up and let this funky mellow grove get you in the mood
'Cause you know it's alright, yeah

(So Mr. DJ keep the music groovin')
Keep on groovin'
(Don't stop movin')
Don't stop movin'
Let me see you, let me see you go

Back, back, forth, and forth (Go back)
Let me see you go
Back, back, forth, and forth (Alright)
I wanna see you go
Back, back, forth, and forth (Come on)
Let me see you go
Back, back, forth, and forth (See you go back and forth)

Now's the time for you to make your move
To the dance floor
So throw your hands in the air
And wave them around like you just don't care, yeah
Ooh, it's the L-I-Y-A-H, rippin' up the stage
I got jazz personality, G mentality, beats from Soul Train

(So Mr. D.J. keep the music groovin')
Don't stop moving
Now let me see you go back and forth
Back and forth

Back, back, forth, and forth (Oh-oh)
Back, back, forth, and forth
Back, back, forth, and forth (Back, back, forth, and forth)
Back, back, forth, and forth
Come on and let me see you go

Hey here's the formality, get upon the floor, you see
Show your personally be who you wanna be now, tell me
See, can you feel the groove?
Hey, I want to get this party goin' on, all night

So Mr. DJ keep the music groovin'
Keep on groovin'
Don't stop moving (Don't stop moving)
Now let me see you go back and forth
Back and forth

Back, back, forth, and forth (Alright)
Let me see you go, oh
Back, back, forth, and forth (Go back, back, forth, and forth)
Back, back, forth, and forth (Bring it back, take it forth)
Back, back, forth, and forth (Alright)

Back, back, forth, and forth
Back, back, forth, and forth
Back, back, forth, and forth
Back, back, forth, and forth
Let me see you go

Move, it's the L-I-Y-A-H
Move, it's the L-I-Y-A-H
Move, it's the L-I-Y-A-H
Move, it's the L-I-Y-A-H
Back, back, forth, and forth (Move, it's the L-I-Y-A-H)
Back, back, forth, and forth (Move, it's the L-I-Y-A-H)",1994,1.0,3:51
Tank - Slowly [Force of Nature],Z:/Throwbacks 90s2000s/Tank - Slowly [Force of Nature].mp3,,367517,Music,Throwbacks 90s2000s (Smooth),10000,0,20000,0,259,"Come on Jay
Yea, yeah, (oh!) ooh ooh ooh
Oh this evening, this evening
Yea, yeah
I'm gonna do ya, gonna do ya right, oh yeah
If you don't mind xxxxx
Set the mood
Light the candles and bring the wine
(Baby bring the wine)
I'm wantin' you
(Been havin' this feeling) for some time now
Come on in
Take off your coat and stay awhile(stay with me)
I been waitin' for this day
Just so we can make
Oh slowly (slowly, I know)
We'll be
Makin' love
Slowly, all night
All night long
Slowly (I know)
We'll be
Makin' love
Slowly, all night
All night long
Slip it off, yeah
Show big daddy what he've been missing
Tip it off, tip it off
Want you to feel right when I'm kissin', I'm kissin'
(Really really wanna take my time)
Witcha pretty baby
Makin' you go mad
Love you (love you) all night long
Slowly (I know)
You'll be making love
Slowly (slowly babe) all night
All night long
(I just want to touch your pretty little body babe)
Slowly (I know)
We'll be
Makin' love
Slowly, all night
All night long
Oh slowly babe (slowly) (I know)
It's wine to get you in the mood
You'll be making love
Slowly (I wanna do it slowly) all night
All night long
Oh I wanna put my place in places you would never let anybody go before
Makin' love slowly, all night, all night long
Come on in
Close the door
Take off your coat
Drink some more
Holdin' you close
Holdin' you tight
Makin' love all through the night
Come on in
Close the door
Take off your coat
Drink some more
Holdin' you close
Holdin' you tight
Makin' love (makin' love) through the night
Slowly (I know)
You'll be making love
Slowly all night
All night long
(Oh I don't think you wanna see what I'm trynna do)
Slowly (I know)
You'll be making love
Slowly all night
All night long
I just wanna take it slowly
I wanna take it slowly
I wanna take it slowly, slowly babe
Oh slowly babe
Come on in
And close the door
Take off your clothes
Drink some more
Holdin' you close
Holdin' you tight
Makin' love through the night
Come on in
And close the door
Take off your clothes
Drink some more
Holdin' you close
Holdin' you tight
Makin' love through the night
Slowly, (I just wanna take slowly) you'll be
Slowly",2001,1.0,6:07
Tony! Toni! Toné! - It Never Rains (In Southern California) [The Revival],Z:/Throwbacks 90s2000s/Tony! Toni! Toné! - It Never Rains (In Southern California) [The Revival].mp3,,304300,Music,Throwbacks 90s2000s (Smooth),10000,0,20000,0,266,"I haven't seen your face in a year
I can't wait till I get there
Just to kiss and squeeze and hug
Girl you know the rest 'cause they tell me

It never rains in southern California
It never rains in southern California

Maybe I'll take the flight out tonight
And you can pick me up about 8
I don't know what airline girl
But I know it won't be late 'cause they tell me

It never rains in southern California
It never rains in southern California

Now I can't sleep at night
Without your 8 x 10 by my side
That day will come
For us to be together
I'm not worried 'bout a thing
Not even stormy weather...

Oh it may be cold on the east coast
But on the other side of town it never rains...

We have so much to talk about
A lot a catchin' up to do
I'll bring the diamond girl
Because I'm so into you
Cause they tell me...

It never rains in southern California
It never rains in southern California

Now since I'll be here at your place
Lets take a weeks trip for two
We don't have to go to far

Just as long as I'm with you
'Cause they tell me...

It never rains in southern California
It never rains in southern California

Can we just be alone
Without those other strangers
Calling your phone
Now I don't want to be
That selfish kind of guy
But tonight let me take you
On a natural high

Just me and you alone

Now it may be cold on the east coast
But on the other side of town it never rains...

Now it may be cold on the east coast
But on the other side of town it never rains...

It never rains in southern California
It never rains in southern California
It never rains in southern California
It never rains in southern California

Now it may be cold on the east coast
But on the other side of town it never rains...

Now it may be cold on the east coast
But on the other side of town it never rains...

It never rains in southern California
It never rains in southern California
It never rains in southern California

(Fade out)",1990,1.0,5:04
Jodeci - Stay [Forever My Lady],Z:/Throwbacks 90s2000s/Jodeci - Stay [Forever My Lady].mp3,,312111,Music,Throwbacks 90s2000s (Smooth),10000,0,20000,0,259,"Don't talk
Just listen
First of all
I have to be honest with you baby
I lied
When I told you I never wanted to see you again
Can you please stay
Just for tonight
And maybe we can do something
Like make love
Watch the sunrise
Or listen to jojo, k-ci, sing us a verse
Slide closer baby
Ha, that devante baby
Oh you feel so sexy, so good
Sorry I left you
Left you cryin
But since you've been gone
I've been all alone
'Cause all of my tears
You know they left me drownin
Please baby I'm beggin
For you to stay at home
Tonight
Let's start our love again
Tonight
We can be more than just friends
Don't you know
The sun
Is going down
So baby won't you just stay
Baby won't you just stay
For a little while
Baby won't you just stay
For a little while
Baby won't you just stay
For a little while
Baby won't you just stay
For a little while
Baby won't you just stay

So here we are
Just me and you
We're thinkin of the things
That we used to do babe
Tonight is yours, lady
Yours and mine
Let's try again to put our trust on the line, yeah
Tonight
Let's start our love again
Tonight
We can more than just friends
Don't you know
The sun
Is going down
So baby won't you just stay
For a little while
Baby won't you just stay

Baby won't you just stay
For a little while
Baby won't you just stay
For a little while
Baby won't you just stay
Forget about yesterday
'Cause I want you so bad
Make love to me like you never had
My love
Is coming down
So baby won't you just stay
For a little while
Baby won't you just stay
For a little while",1991,1.0,5:12
Brownstone - If You Love Me [From The Bottom Up],Z:/Throwbacks 90s2000s/Brownstone - If You Love Me [From The Bottom Up].mp3,,304196,Music,Throwbacks 90s2000s (Smooth),10000,0,20000,0,260,"Ooh-yeah

I don't wanna rain on this parade
But I'm starting to question the love that was made
I'm not looking for just an affair
Wanna love that is based on truth not just dare

You'll not hurt my pride if right now you decide
That you are not ready to settle down
But if you want my heart, then it's time that you start
To act like you're mine in the light and the dark

If you love me say it, if you trust me do it
If you want me show it, if you need me prove it
If you love me say it, if you trust me do it
If you want me show it, if you need me prove it

You see now, actions speak louder than words
So don't just say things that I've already heard
Don't want your body without your soul
I don't want a love who will come here and go

You will not hurt my pride if right now you decide
That you are not ready to settle down
But if you want my heart, then it's time that you start
To act like you're mine in the light and the dark

If you love me say it, if you trust me do it
If you want me show it, if you need me prove it
If you love me say it, if you trust me do it
If you want me show it, prove it

If you love me say it
If you want me do it
Show it
Prove it

Say it
Do it
Show it
Prove it

Oh I, oh I, I wanna touch you, baby
And spread my love all around you, honey
And if you come, you gotta show, baby
True love to share

Show it
Prove it
Say it
Do it
Show it
Prove it

(Oh, baby) say it
(Oh, baby) do it
Show it, (trust me, baby)
Prove it

(My sweet baby) say it
Do it
(My sweet baby) show it
Prove it

Say it (say it, say it)
Do it, do it
Show it (show it)
Prove it (prove it)

Say it (say it)
Do it (do it)
Show it (do it)
Prove it (prove it)

Oh, baby, say it, baby
Oh, baby, oh, baby
If I get, if I get that lose
If I get, if I get that lose
Gimme a two flavor for the fever
Strong like stone, I can't stop
Strong like stone, epic color brown
Strong like stone, epic color brown
Strong like stone, epic color brown

Say it (yes, tell me now)
Do it
Show it (show it)
Prove it (prove it)

Say it
Do it",1993,1.0,5:04
Rude Boys with Gerald Levert - Written All over Your Face [Voices],Z:/Throwbacks 90s2000s/Rude Boys with Gerald Levert - Written All over Your Face [Voices].mp3,,383634,Music,Throwbacks 90s2000s (Smooth),10000,0,20000,0,265,"It's written all over your face
You don't have to say a word
Just smile a smile a smile
A smile for me
It's better than any word I ever heard

I know that I'm a very lucky guy
To have someone like you
I never met a girl in my life like you before
You make all my dreams come true

I love the way you carry you
You have a lot of class and good taste
And you don't have to say how much you care for me
Because it's written all over your face

Don't you know
It's written all over your face
You don't have to say a word
Just smile a smile a smile
A smile for me
It's better than any word I ever heard

You don't have to say how much you love me, girl
Because you show me every day
You kiss me, you miss me, you hold me very tight
You love me in every way

I love the way you carry you
You gotta lotta class and good taste
And you don't have to say how much you care for me
Because it's written all over, written all over your, your, your face, baby

It's written all over your face
You don't have to say a word
Just smile a smile a smile
A smile for me
It's better than any word I ever heard

To the bridge
It's written on your face
That you really care
It's written on your face
That you really care",2005,1.0,6:23
Floetry - Topic - SupaStar,Z:/Throwbacks 90s2000s/Floetry - Topic - SupaStar.mp3,,252395,Music,Throwbacks 90s2000s (Smooth),10000,0,20000,0,248,"(Yeah)
This is a message from the mother
(Let's go girl)
She told me to tell my brother
She loves you... and I do too
(Yes yes)
Cause you're my SupaStar
(You're my SupaStar)
You are
(SupaStar)
Yeah
(Come on)

It's a pretty day, let's go outside and enjoy it
If you got something else in mind, then I'm all for it
I will take the chance, I will take your hand
Then we'll go there, go there...
Love isn't something that you earn, it's deserved
Love is something I can give cause I'm worth it
You amaze me
I am taken in
You're so lovely
I can

I can see you
Tell me what you wanna do
I know who you are
You're my SupaStar

My man said Heaven is a day away
If in the present, you loving a braver way
I wear the aura of a king, and dream of a love supreme
As a child, I was told that my love is king
Seen what it could bring to the lives of those
That ain't afraid to give with they souls exposed
Golden rose, you color my reality with balladry
Allowing me to love like a child that's free
I'm proud to be your SupaStar

My love is honest & true, and I can prove it baby
My love is everything to you, if you choose it baby
You're amazing
I'm so taken in
You're so lovely
I can

You know I liked him so much
It turned into loving
Then the love back to like,
Now I feel like I'm bursting
Well nursed him and named him
So full of potential
He stands tall, our feel is eternal
Fine like the earth, and the sea, and the sky
Together we make stars, we are truly fly
I wanna paint him, take a picture of his soul
The story should be told
See he's like everything I dreamed of
But better than the preview
Now everything he working on
Has got me saying ""Me too!""
Like he food and I need, blood cause he bleed
He real 'cause I see, it's all meant to be
Remember how to make believe
Yo, these brotha's are your enemy
You're in a state of disbelief
Without your heart you'll never be
So sisters sing along with me
'Cause your love is true

You're my supastar
My love is honest & true, and I can prove it baby
Prove it baby, I can prove my love to you
My love is honest & true, and I can prove it baby
I can prove my love, Yeah Yeah",2005,1.0,4:12
Sade - No Ordinary Love [Love Deluxe],Z:/Throwbacks 90s2000s/Sade - No Ordinary Love [Love Deluxe].mp3,,440503,Music,Throwbacks 90s2000s (Smooth),10000,0,20000,0,256,"I gave you all the love I got
I gave you more than I could give
Gave you love

I gave you all that I have inside
And you took my love
You took my love

Didn't I tell you
What I believe?
Did somebody say that
A love like that won't last?

Didn't I give you
All that I've got to give, baby?

I gave you all the love I got
I gave you more than I could give
Gave you love

I gave you all that I have inside
And you took my love
You took my love

I keep crying
I keep trying for you
There's nothing like you and I, baby

This is no ordinary love
No ordinary love
This is no ordinary love
No ordinary love

When you came my way
You brightened every day
With your sweet smile

Didn't I tell you
What I believe
Did somebody say that
A love like that won't last
Didn't I give you
All that I've got to give, baby

This is no ordinary love
No ordinary love
This is no ordinary love
No ordinary love

I keep crying
I keep trying for you
There's nothing like you and I, baby

This is no ordinary love
No ordinary Love
This is no ordinary love
No ordinary Love

Keep trying for you
Keep crying for you
Keep lying for you
Keep flying and I'm falling

And I'm falling

Keep trying for you
Keep crying for you
Keep lying for you
Keep flying and I'm falling

And I'm falling",1992,1.0,7:20
Calvin Richardson - Topic - More Than A Woman,Z:/Throwbacks 90s2000s/Calvin Richardson - Topic - More Than A Woman.mp3,,263549,Music,Throwbacks 90s2000s (Smooth),10000,0,20000,0,239,"Yes, don't close the door
Listen, I've been waitin' to tell you this
You are, more than a man could ever want
Wait a minute, just let me there, listen

I stepped in a club in your hood
I slowly turned left and there you stood
You and your friends talkin'
But then our eyes connect and moved in

It was just like 2 ways on beam
I'm your king, be my queen
And what did you wanna do tonight?
My truck is parked out front, so let's ride

I can read your mind, babe
(Ohh)
I know what you're thinkin'
(I know what you're thinkin', baby)
It's alright
(With me, baby)
It's alright, yes
(Ohh yeah)
I can read your mind, babe
(I can)
I know what you're thinkin'
(I know what you're thinkin', baby)
It's alright
(With me, yeah yeah)
It's alright, yes

So baby take a ride with me
And I'll fulfill all your fantasies
And when the rain starts pourin' down
Then all the love that's lost will be found

I'll make your mind loose control
Over your body that's my goal
So baby just come down here
Just let the gravity pull you near

I can read your mind, babe
(I can)
I know what you're thinkin'
(I know what you're thinkin')
It's alright
(Can you feel me? Yeah)
It's alright, yes
(Ooh, baby)

I can read your mind, babe
(Just me and you right now)
I know what you're thinkin'
(I got an idea, babe)
It's alright
(Oh yeah)
It's alright, yes

I know you wanna rub
(Rub)
I know you wanna touch
(Touch)
I know you wanna feel
(Feel)
So, baby keep it real

I know you wanna see
(See)
I know you wanna be
(Be)
In my B E D
Grindin' slowly

I know you wanna rub
(Rub)
I know you wanna touch
(Touch)
I know you wanna feel
(Feel)
So baby keep it real

I know you wanna see
(See)
I know you wanna be
(Be)
In my B E D
Grindin' slowly

I can read your mind, babe
(I can read it)
I know what you're thinkin'
(And I know)
It's alright
(You see, I know, what you know)
It's alright, yeah
(I can feel it too, baby)

I can read your mind, babe
(Just me and you, yeah)
I know what you're thinkin'
(I know, yeah)
It's alright
(Oh, oh yeah)
It's alright, yes

I wanna love baby
(That's what I wanna do to you)
I wanna feel you
(If you come, if you come)
I wanna love baby
(Oh yeah)
I wanna feel you
(I wanna feel you, girl)

I wanna love baby
(Come on and go with me)
(I want you to stay with me)
I wanna feel you
('Cause it's alright with me)
I wanna love baby
(Listen baby, I wanna go with you)
(I want you to stay with me)",2003,1.0,4:23
Case - Missing You [Open Letter],Z:/Throwbacks 90s2000s/Case - Missing You [Open Letter].mp3,,284735,Music,Throwbacks 90s2000s (Smooth),10000,0,20000,0,256,"Standing here looking out my window
My nights are long and my days are cold
'Cause I don't have you
How can I be so damn demanding?
I know you said that it's over now
But I can't let go

Every day I want to pick up the phone
And tell you that
You're everything I need and more

If only I could find you

Like a cold summer afternoon
Like the snow coming down in June
Like a wedding without a groom
I'm missing you
I'm the desert without the sand
You're the woman without a man

I'm a ring without a hand
I'm missing you

Driving 'round, thought I saw you pass me
My rearview mirror's playing tricks on me
'Cause you fade away

Maybe I'm just hallucinating
'Cause my loneliness got the best of me
And my heart's so weak

Every day I want to pick up the phone

And tell you that
You're everything I need and more
If only I could find you
Like a cold summer afternoon
Like the snow coming down in June
Like a wedding without a groom
I'm missing you
I'm the desert without the sand
You're the woman without a man
I'm a ring without a hand
I'm missing you

Like a cold summer afternoon
Like the snow coming down in June
Like a wedding without a groom
I'm missing you
I'm the desert without the sand
You're the woman without a man
I'm a ring without a hand
Said baby
I'm missing you

Yeah, yeah, yeah, yeah
Yeah, yeah, yeah, yeah
Yeah, yeah, yeah, yeah
Yeah, yeah, yeah, yeah

Said I'm, I'm missing you
Like a cold summer afternoon
Like the snow coming down in June
Like a wedding without a groom
I'm missing you
I'm the desert without the sand
You're the one with out a man
I'm a ring without a hand
I'm missing you

Like a cold summer afternoon
Like the snow coming down in June
Like a wedding without a groom
I'm missing you
I'm the desert without the sand
You're the one without a man
I'm a ring without a hand
I'm missing you

Like a cold summer afternoon
Like the snow coming down in June
Like a wedding without a groom
I'm missing you
I'm the desert without the sand
You're the one without a man
I'm a ring without a hand
I'm missing you
Yeah, yeah, yeah, yeah
Yeah, yeah, yeah, yeah
Yeah, yeah, yeah, yeah
Yeah, yeah, yeah, yeah",2001,1.0,4:44
Rihanna - Umbrella (Radio Edit),Z:/Throwbacks 90s2000s/Rihanna - Umbrella (Radio Edit).mp3,,263549,Music,Throwbacks 90s2000s (Smooth),10000,0,20000,0,239,"Yes, don't close the door
Listen, I've been waitin' to tell you this
You are, more than a man could ever want
Wait a minute, just let me there, listen

I stepped in a club in your hood
I slowly turned left and there you stood
You and your friends talkin'
But then our eyes connect and moved in

It was just like 2 ways on beam
I'm your king, be my queen
And what did you wanna do tonight?
My truck is parked out front, so let's ride

I can read your mind, babe
(Ohh)
I know what you're thinkin'
(I know what you're thinkin', baby)
It's alright
(With me, baby)
It's alright, yes
(Ohh yeah)
I can read your mind, babe
(I can)
I know what you're thinkin'
(I know what you're thinkin', baby)
It's alright
(With me, yeah yeah)
It's alright, yes

So baby take a ride with me
And I'll fulfill all your fantasies
And when the rain starts pourin' down
Then all the love that's lost will be found

I'll make your mind loose control
Over your body that's my goal
So baby just come down here
Just let the gravity pull you near

I can read your mind, babe
(I can)
I know what you're thinkin'
(I know what you're thinkin')
It's alright
(Can you feel me? Yeah)
It's alright, yes
(Ooh, baby)

I can read your mind, babe
(Just me and you right now)
I know what you're thinkin'
(I got an idea, babe)
It's alright
(Oh yeah)
It's alright, yes

I know you wanna rub
(Rub)
I know you wanna touch
(Touch)
I know you wanna feel
(Feel)
So, baby keep it real

I know you wanna see
(See)
I know you wanna be
(Be)
In my B E D
Grindin' slowly

I know you wanna rub
(Rub)
I know you wanna touch
(Touch)
I know you wanna feel
(Feel)
So baby keep it real

I know you wanna see
(See)
I know you wanna be
(Be)
In my B E D
Grindin' slowly

I can read your mind, babe
(I can read it)
I know what you're thinkin'
(And I know)
It's alright
(You see, I know, what you know)
It's alright, yeah
(I can feel it too, baby)

I can read your mind, babe
(Just me and you, yeah)
I know what you're thinkin'
(I know, yeah)
It's alright
(Oh, oh yeah)
It's alright, yes

I wanna love baby
(That's what I wanna do to you)
I wanna feel you
(If you come, if you come)
I wanna love baby
(Oh yeah)
I wanna feel you
(I wanna feel you, girl)

I wanna love baby
(Come on and go with me)
(I want you to stay with me)
I wanna feel you
('Cause it's alright with me)
I wanna love baby
(Listen baby, I wanna go with you)
(I want you to stay with me)",2003,1.0,4:23
T Pain - Bartender,Z:/Throwbacks 90s2000s/T Pain - Bartender.mp3,,120633,Music,Throwbacks 90s2000s (Smooth),10000,0,20000,0,268,"There ohhhh yea yea ohhhh
Sometimes we must go
We must look at our situations lady
And how could u make me chose
Between you and my first life
Theres so many others
Wishing that they can raise their families
All first at the same
And playing and traveling
But you keep me within chain
Holding, keeping me from leaving
I hope for the day
When you and I can agree
And we can live like we ardor be
Girl its all for u
And you call me
Fame x7
Ohh x 4",2008,1.0,2:00
Jamie Foxx - Unpredictable (Main) (feat. Ludacris) [Unpredictable],Z:/Throwbacks 90s2000s/Jamie Foxx - Unpredictable (Main) (feat. Ludacris) [Unpredictable].mp3,,219925,Music,Throwbacks 90s2000s (Smooth),10000,0,20000,0,251,"Yeah, ladies I know you tired of the same old thing
Things have become so mundane
I mean, your bedroom is so cold, it's so cold, but I'm here to tell you
I got a strategy, we 'bout to heat it up (I like that), c'mon (hey!)

Girl get comfortable (hey!)
We 'bout to do something you never done before (hey!)
Baby, not the usual (hey!)
Tonight, we getting unpredictable (hey!)
So try to roll with it, baby (baby)
I'ma make you feel like you never felt (hey, oh!)
Girl, all because you let me get unpredictable (hey, oh!)

Baby, one plus one ain't two when you with me
C ain't after A and B when you with me
It don't make sense right now but it will
Later on when you see how I make you feel
Regular ain't in my vocabulary
When it comes to love makin', neither is missionary
Positions, girl pick one, better yet some
Never mind that, we tryin' all of 'em (hey!)

So girl get comfortable (hey!)
We 'bout to do something you never done before (hey!)
Baby, not the usual (hey!)
Tonight, we getting unpredictable (hey!)
So try to roll with it, baby (baby)
I'ma make you feel (I'ma make you feel, girl) like you never felt
Girl, all because you let me get unpredictable (hey, oh!) (Yeah)

I know you're used to dinner and a movie
Why not be my dinner, while makin' a movie?
Do you get it, get it?
Do you got it, got it?
Good, good, good
Girl, I knew you would
See what I got over a lot of fellas is that I'm more creative (I'm more creative)
And soon you will see what I mean (what I mean), what I mean (what I mean, so)

So girl get comfortable (hey!)
We 'bout to do something you never done before (hey!)
Baby, not the usual (hey!)
Tonight, we getting unpredictable (hey!)
So try to roll with it, baby (baby)
I'ma make you feel (I'ma make you feel, only if you let me) like you never felt (hey, oh!)
Girl, all because you let me get unpredictable (hey, oh!)

All aboard!
The Spontaneous Express
Nevertheless, always the more
From the pool table to the kitchen floor
Next stop's the G spot, Luda!
(I like that!) I like it too, baby

Let me put a little bit of excitement up in yo' lifestyle
You gotta know that time's of the essence, I'm talkin' right now
I can get, get rid of that headache, what you doin' tonight?
Some say that sex is overrated, but they just ain't doin' it right
I keeps it interesting, baby, just take them clothes off
I'll be your Tylenol, just take me 'til you doze off
Wake you up in the middle of the night and take you to another world
You'll wake up in the mornin' feeling like another girl (hey!)

Girl get comfortable (hey!)
We 'bout to do something you never done before (hey!)
Baby, not the usual (baby, not the usual) (hey!)
Tonight, we getting unpredictable (we gon' do somethin' different) (hey!)
(So try) baby, please (so try) won't you just try (so try me, baby)
I'ma make you feel like you never felt (hey, oh!)
Girl, all because you let me get unpredictable (hey, oh!)

Let's do everything in reverse
I say we smoke the cigarette now
Somethin' like that
Unpredictable",2005,1.0,3:39
Jodeci - Cry For You [Diary Of A Mad Band],Z:/Throwbacks 90s2000s/Jodeci - Cry For You [Diary Of A Mad Band].mp3,,300957,Music,Throwbacks 90s2000s (Smooth),10000,0,20000,0,257,"It's been an hour since you've been gone
And that's too long so come back home
I can't live without you
So I'll cry for you

Do anything that I can
To feel that touch from your hand
Sorry that I want you
Lady what do I do

You know you're everything I do
Ooh, yeah
Do what you want me to
I would do anything

Get on my knees for you
Ooh, baby
What else is there to do?
I don't know, I don't know, but I'll cry

Lady, I will cry for you tonight, tonight (yeah)
Lady, I will cry for you tonight, tonight
Well I, well, help me out, help me out

You spoil me, girl, like a child
When you're not here I can't even smile
I can't think without you
My mind is always with you

It's amazing what you do
To keep me falling in love with you
Girl, you all that I know
Where else can I go?

I say you're everything I do
Ooh, baby
Do what you want me to
Anything you need from me, baby

Get on my knees for you
Oh, oh, oh
What else is there to do?
I don't know, I don't know, but I'll cry

Lady, I will cry for you tonight, tonight
Lady, I will cry for you tonight, tonight
Help me out, baby, help me out, baby, yeah
I don't know what else to say
I don't know what else to say, K-Ci, help me sing it

Jojo, I'm right here, yes, I am
I will cry for you, lady
Sometimes my pillow gets so wet with tears
I don't have no one to call my own
I want you back, baby

Baby, I'm beggin', baby, I'm beggin', beggin', baby
Baby, I'm beggin', baby, I'm beggin', beggin', baby
Baby, I'm beggin', baby, I'm beggin', beggin', baby
Baby, I'm beggin', baby, I'm beggin', beggin', baby
Baby, I'm beggin', baby, I'm beggin', beggin', baby
Baby, I'm beggin', baby, I'm beggin', beggin', baby
Baby, I'm beggin', baby, I'm beggin', beggin', baby
Baby, I'm beggin', baby, I'm beggin', beggin', baby

Baby, I'm beggin', baby, I'm beggin', beggin', baby
Baby, I'm beggin', baby, I'm beggin', beggin', baby
Baby, I'm beggin', baby, I'm beggin', beggin', baby
Baby, I'm beggin', baby, I'm beggin', beggin', baby
Baby, I'm beggin', baby, I'm beggin', beggin', baby
Baby, I'm beggin', baby, I'm beggin', beggin', baby
Baby, I'm beggin', baby, I'm beggin', beggin', baby",1993,1.0,5:00
Silk - Meeting in My Bedroom [Tonight],Z:/Throwbacks 90s2000s/Silk - Meeting in My Bedroom [Tonight].mp3,,306129,Music,Throwbacks 90s2000s (Smooth),10000,0,20000,0,248,"Silk
2G 2000 watts
Yeah yeah

There's a meeting in my bedroom
So girl please don't be late
There's a meeting in my bedroom
Bedroom bed
So please don't make me wait
There's a meeting in my
There's a meeting in my bedroom

Looking at my Rollie girl I think it's almost time
(Oh yea oh yea)
I hope you're getting ready girl and don't forget the wine
(How long you be waiting)
Tonight is just for you and I
And it's gonna be so fly
(So fly so fly what what what)
I like having you around
So I gotta put you down
So be there or be square

There's a meeting in my bedroom
So girl please don't be late
There's a meeting in my bedroom
Bedroom bed
So please don't make me wait
There's a meeting in my
There's a meeting in my bedroom

Step into mi casa
Lay you down
Got a little somethin' somethin'
For my sexy mama mama
Been checkin' for you since day one
You're my moon and you're my sun
Girl you're jiggy and you know
That I'm feeling your thong
Be there or be square

There's a meeting in my bedroom
So girl please don't be late
(Don't be late, don't be late, don't be late, don't be late)
There's a meeting in my bedroom
Bedroom bed
So please don't make me wait
There's a meeting in my
There's a meeting in my bedroom

You're everything that I been searchin' for
And there's no need for me to search no more
Come into my room
I really really really want to lay you down
Come into my room

There's a meeting in my bedroom
So girl please don't be late
(Don't be late no)
There's a meeting in my bedroom
Bedroom bed
So please don't make me wait
(I can't wait, I can't wait)
There's a meeting in my
There's a meeting in my bedroom

Come into my room
My my my my my my my my my my my room
There is meetings in my bedroom
2G
Silk
Lb
Don't stop what you going to do
There is meetings in my bedroom",1999,1.0,5:06
Tony! Toni! Toné! - Whatever You Want [The Revival],Z:/Throwbacks 90s2000s/Tony! Toni! Toné! - Whatever You Want [The Revival].mp3,,291004,Music,Throwbacks 90s2000s (Smooth),10000,0,20000,0,267,"I don't wish you no bad luck baby
I don't wish you no strain
I only want to expose your life to
The finer things
I offer you my company girl
You don't need no sympathy, just me
Some one who cares
Refrain
Whatever you want
Girl you know i can provide
Whatever you need (whatever you need baby)
Call six three two twenty-one three five
Now maybe i should drive right over
Show you my new ride
Or take you shopping out on the town
And then make you feel your best
I'll go out of my way to make sure you have everything
I want to be the one who will always be there
To give you
Refrain x2
Bridge:
What makes you think i would try (to run a game on you)
Just as sure as my name is d'wayne (i'll be there for you and i'll...)
Treat you just like a queen and give you fine things
And you'll never have to worry about another (in your place)
Believe me when i say
Refrain x 2
Verse 3
Now you know i've never been the type to have
A loss for words
So i tell you these feelings i have for you
They're all so true girl
I heard someone say that love can be so blind
I'll give you your space to go and you know i'll always be there for you
Bridge
Refrain x 2
Accompaniment w/ refrain
Girl, i will be right there for you
Whenever you need me just call
Whatever you want
La la la la da da da
La la la la da da da
Refrain (fade out)",1990,1.0,4:51
Anita Baker - I Apologize [Rhythm of Love],Z:/Throwbacks 90s2000s/Anita Baker - I Apologize [Rhythm of Love].mp3,,311092,Music,Throwbacks 90s2000s (Smooth),10000,0,20000,0,250,"Operator
Get my baby on the line
'Cause just the other night
We had a horrible fight
I admit that I
I was out of control
But I still love my man
With my body and soul

When the road gets rough
You say thangs you should not say
I never meant
To treat my baby that way

I'm apologize
Oh believe me I do
I apologize
Oh honest and true
Because I know I was wrong
So I'll sing you this song
And I'm gonna get through
And make it up to you yeah

Operator
It was like a bad dream
And Lord you should have heard
The way he shouted
And the way that I screamed
I regret it
'Cause I was unfair
I took it all out on him
Just because he was there

When the road gets rough
You say thangs you should not say
I never meant
To treat my daddy that way

I'm apologize
Oh believe me I do
I'm apologize
Oh honest and true
Because I knew I was wrong
So I'll sing you this song
And I'm gonna get through, yeah
And make it up to you

I apologize for I was unkind
And I wish that I
Could go back in time
Erase the good-byes
And rewrite my life
Well come rain or come shine
I'm gonna do right this time
I apologize

Oh oh
Um um yeah
Oh baby I do
Because I knew I was wrong
That's why I'm singing
My my my song
Yeah yeah yeah yeah
I apologize oh yeah
I apologize oh yeah oh yeah
Because I knew I was wrong
That's why I'm singing this song
And I wanna get, I gotta get
I need to get through to you, yeah yeah
Oh listen, oh baby
I'm talking to you right now, oh
I'm talking to you
I was wrong, baby, listen to me right now
Singing it to you right now, I was wrong",1994,1.0,5:11
Aaliyah - 4 Page Letter [One In A Million],Z:/Throwbacks 90s2000s/Aaliyah - 4 Page Letter [One In A Million].mp3,,292467,Music,Throwbacks 90s2000s (Smooth),10000,0,20000,0,264,"Yo, turn my music up
Up some more, up some more
Up a little bit more

Mama always told me to be careful who I love
And daddy always told me make sure he's right
I always had my eyes on this one particular guy
I was too shy so I decided to write

I'm sending him a four page letter
And I enclosed it with a kiss (Oh)
And when I write him he better get it on time
I'm sending him a four page letter (ooh yea)
And I enclosed it with a kiss
And when I write him he better get it on time

People always say that I've played myself for you
They say that you don't even notice me (Me, me, me)
Baby, when I get the nerve to come to you
Promise me that you won't diss me

I'm sending him a four page letter (Four page letter)
And I enclosed it with a kiss (A kiss)
And when I write him he better get it on time (Oh, yeah, he better)
I'm sending him a four page letter (Ooh, yes I am)
And I enclosed it with a kiss
And when I write him he better get it on time (Oh, I'm writing you)

I'm writing you a love letter tonight
You better keep watch 'cause the mailman's coming (Oh, yes he is, oh)
I'm writing you a love letter tonight (Tonight)
You better keep watch 'cause the mailman's coming (Oh, I)

I'm sending him a four page letter
And I enclosed it with a kiss
And when I write him he better get it on time
I'm sending him a four page letter
And I enclosed it with a kiss (A sweet kiss)
And when I write him
He better get it on time

I'm sending him a four page letter
And I enclosed it with a kiss (A kiss)
And when I write him he better get it on time
Get it on time",1996,1.0,4:52
Boyz II Men - I'll Make Love To You,Z:/Throwbacks 90s2000s/Boyz II Men - I'll Make Love To You.mp3,,236826,Music,Throwbacks 90s2000s (Smooth),10000,0,20000,0,260,"Close your eyes, make a wish
And blow out the candlelight
For tonight is just your night
We're gonna celebrate
All through the night

Pour the wine, light the fire
Girl your wish is my command
And I submit to your demands
I will do anything
Girl you need only ask

I'll make love to you like you want me to
And I'll hold you tight, baby all through the night
I'll make love to you, when you want me to
And I will not let go 'til you tell me to

Girl relax, let's go slow
I ain't got nowhere to go
I'm just gonna concentrate on you
Oh, girl are you ready?
It's gonna be a long night

Throw your clothes on the floor
'Cause I'm gonna take my clothes off too
And I made plans to be within you
Girl whatever you ask me, you know I will do

I'll make love to you like you want me to
And I'll hold you tight, baby all through the night
I'll make love to you, when you want me to
And I will not let go 'til you tell me to

Baby tonight is your night
And I will do you right
Just make a wish on your night
Anything that you ask
I will give you the love of your life, your life, your life
Of your life, your life, your life

I'll make love to you like you want me to
And I'll hold you tight, baby all through the night
I'll make love to you, when you want me to
And I will not let go 'til you tell me to

I'll make love to you like you want me to
And I'll hold you tight, baby all through the night
I'll make love to you, when you want me to
And I will not let go 'til you tell me to

I'll make love to you like you want me to
And I'll hold you tight, baby all through the night",1994,1.0,3:56
Timbaland - Give It To Me (feat. Justin Timberlake & Nelly Furtado) [Shock Value],Z:/Throwbacks 90s2000s/Timbaland - Give It To Me (feat. Justin Timberlake & Nelly Furtado) [Shock Value].mp3,,234083,Music,Throwbacks 90s2000s (Smooth),10000,0,20000,0,276,"Is it going, is it going, is it going, is it going?
I don't know what you're looking for

I'm the type of girl that'll look you dead in the eye, eye
I'm real as they come if you don't know why I'm fly-y-y-y-y
I seen you to try switch it up, but girl, you ain't that dope
I'm the Wonder Woman, let me go get my rope
I'm a supermodel and mommy, sí, mami
Amnesty International, got Bangkok to Montauk on lock
Love my ass and my abs in the video called ""Promiscuous""
My style is ri-dic-dic-diculous-ulous-ulous

If you see us in the club, we'll be acting real nice
If you see us on the floor, you'll be watching all night
We ain't here to hurt nobody
(So give it to me, give it to me, give it to me)
Wanna see you work your body
(So give it to me, give it to me, give it to me)

When Timbo' is in the party everybody put up their hands
I get a half a mill' for my beats, you get a couple gra-a-and
Never gon' see the day that I ain't got the upper hand
I'm respected from Californ-I-A way down to Japan
I'm a real producer, and you just a piano man
Your songs don't top the charts, I heard 'em, I'm not a fa-a-an
Niggas talkin' greasy, I'm the one that gave them they chance
Somebody need to tell 'em that they can't do it like I can

If you see us in the club, we'll be acting real nice
If you see us on the floor, you'll be watchin all night
We ain't here to hurt nobody
(So give it to me, give it to me, give it to me)
Wanna see you work your body
(So give it to me, give it to me, give it to me)

Could you speak up and stop mu-mumbling? I don't think you came in clear
When you're sittin' on the top, it's hard to hear you from way up here
Now I saw you tryna act cute on TV, ""Just let me clear the air""
We missed you on the charts last week, damn, that's right, you wasn't there
If s-sexy never left, then why is everybody on my shi-i-it?
Don't hate on me just because you didn't come up with it
So if you see us in the club, go on and walk the other way
'Cause our run will never be over, not at least until we say

If you see us in the club we'll be acting real nice
If you see us on the floor you'll be watching all night
We ain't here to hurt nobody
(So give it to me, give it to me, give it to me)
Wanna see you work your body
(So give it to me, give it to me, give it to me)

If you see us in the club we'll be acting real nice
If you see us on the floor you'll be watching all night
We ain't here to hurt nobody
(So give it to me, give it to me, give it to me)
Wanna see you work your body
(So give it to me, give it to me, give it to me)

If you see us in the club we'll be acting real nice
If you see us on the floor you'll be watching all night
We ain't here to hurt nobody
(So give it to me, give it to me, give it to me)
Wanna see you work your body
(So give it to me, give it to me, give it to me)",2007,1.0,3:54
WayneWonderMusic - No Letting Go,Z:/Throwbacks 90s2000s/WayneWonderMusic - No Letting Go.mp3,,174315,Music,New School 2010+ (Smooth),10000,0,20000,0,241,"Yes lord, yeah

Tried to tell niggas, in 2012, nigga
Working hand to hand and no avail
Volume one was too heavy for you frail niggas
So I got leaned like codeine and pills
It's the visionary, in the vintage Chevy
It's been a while but wow you still care
Free Nash 'til they pass out obituaries
In bold caps, ""your bitch-ass was not there""
And I can do anything but move backwards
The hardest thing is to keep from being distracted
My big sister still claiming me on them taxes
Tell Uncle Sam I just need a second to add this
Gave my momma ten racks
And she packed and went to Chumash with it
Quadruple the worth and give me half of it
Half of it I took in the back of the air mattress
A quarter stash was stashed in a box with the Air Maxes
The rest got lost in Saks with my wifey, no BM
Whack niggas dropping links in my DM
Bad bitches up and down a nigga TL
I'm glad that you finally made it to the future but you're late
And the price is through the muthafuckin' roof
If you want you could wait outside the building
I ain't takin' no more meetings

Stepped in the waters
The water was cold
Chilled my body
But not in my soul

I bring you greetings from the first church of Boom Baptists
United Fellowship of Free Nationals
Residing pastor is thy .Paak
And the first lady is a bad bitch
With slanted eyelids and thick ass
Sunglasses, Martin Luther King fan for you bitch niggas
Sweating on my Patent Leathers
Pressure turned their feather weight into a Cinderella
I ain't seen the ground in days since I grew propellers
We'll do one better
Word to the liquor that killed my grandpa liver
I know you finally look proud, a nigga smiling
To every hundred niggas that came and gone missing
Only a handful will go the distance
I swear I seen this shit coming as if I was living up under the plumbing
While niggas was riffing and mumbling 'bout, what they could do
I was cooking gumbo whipping the voodoo
I was in the jungle running with Zulu's
We was looking past the struggle while life was moving so fast
You had to be sharp as a Ginsu
To the top of the food group
Doing what I want and how I should too

Stepped in the waters
The water was cold
Chilled my body
But it didn't touch my soul
Stepped in the waters
The water was cold
Chilled my body
But it didn't touch my soul

Ladies in gentlemen, the most fantastic day in history
Would you boys mind explaining the cause
Of what made this great park go underneath this hood
Take a look at this",2016,1.0,2:54
Chris Brown - Poppin' (Main) [Chris Brown (Expanded Edition)],Z:/Throwbacks 90s2000s/Chris Brown - Poppin' (Main) [Chris Brown (Expanded Edition)].mp3,,265378,Music,Throwbacks 90s2000s (Smooth),10000,0,20000,0,239,"Say what your name is
Ooh yeah, that fits you girl
Tell me where you headed
Can I walk with you girl?
You got that look in your eyes
That look like you give your boy here a good ol' time
And I'm on it, girl, that's right I'm on it girl

See this is the first time I had a girl
Whose looks set me on fire
I'm really tryna get to know you better girl
You aint gotta act like you shy
'Cause we gon' do, somethin'
Somethin' is gon' get, done
And we gon' get, crunk
And have a lot of, fun
And I say

Shawty, shawty
She wearin' her hair
She workin' them jeans
She talkin' that talk just li-li-like I like it
She keep it on and, poppin'
Shawty keep it on and poppin'
Ooh-ooh-ooh, yeah

Shawty, shawty
The way you wearin' that top got your boy so hot
Ain't no mistakin', playin', or fakin'
You got me open and waitin', and poppin'
You keep me on and poppin'
Ooh-ooh

Uh, uh, let me tell you, yeah

I tryna keep my swagger, but you 'bout to have me girl
Jump through about four or five hoops of, ooh baby
Let's take it to the hood so the people can see you girl
Oh yes you mean and viscious the way you switchin'
Now I say

This is the first time I had a girl
Whose looks set me on fire
I'm really tryna get to know you better girl
You aint gotta act like you shy
'Cause we gon' do, somethin'
Somethin', is gon get done
And we gon' get, crunk
And have a lot of, fun
Ooh, ooh

Shawty, shawty
She wearin' her hair
She workin' them jeans
She talkin' that talk just li-li-like I like it
She keep it on and, poppin'
Shawty keep it on and poppin'
Ooh-ooh-ooh, yeah

Shawty, shawty
The way you wearin' that top got your boy so hot
Ain't no mistakin', playin', or fakin'
You got me open and waitin', and poppin'
You keep me on and poppin'
Ooh-ooh

Shawty, shawty
She wearin' her hair
She workin' them jeans
She talkin' that talk just li-li-like I like it
She keep it on and, poppin'
Poppin'

Shawty, shawty
The way you wearin' that top got your boy so hot
Ain't no mistakin', playin', or fakin'
You got me open and waitin', and poppin'
Shawty got me poppin'

Uh, uh
Woah-ooh-ooh

Woah-oh
Woah-oh-woah
Woah-oh-oh

You make me feel like a winner girl I wanna say
Woah-oh
Woah-oh-woah
Woah-oh-oh
Let me put my hand around your waist while the background sing
Woah-oh
Woah-oh-woah
Woah-oh-oh

'Cause we gon' do something
Something is gon' get done
Woah-oh
Woah-oh-woah
Woah-oh-oh
I'm about to have a fit
'Cause you're my number one

Shawty, shawty
She wearin' her hair
She workin' them jeans
She talkin' that talk just li-li-like I like it
She keep it on and, poppin'
Shawty keep it on and poppin'
Ooh-ooh-ooh, yeah

Shawty, shawty
The way you wearin' that top got your boy so hot
Ain't no mistakin', playin', or fakin'
You got me open and waitin', and poppin'
You keep me on and poppin'
Ooh-ooh",2005,1.0,4:25
Tony! Toni! Toné! - Let's Get Down (feat. DJ Quik) [House Of Music],Z:/Throwbacks 90s2000s/Tony! Toni! Toné! - Let's Get Down (feat. DJ Quik) [House Of Music].mp3,,299572,Music,Throwbacks 90s2000s (Smooth),10000,0,20000,0,267,"Yes
Tony! Toni! Toné!
And DJ Quik
You didn't think we could flip it on yo ass, huh?
Something for the dance floor
In a real way
It's going down like this forever
And a day

Now what you hear is not a drag
'Cause Mr. DJ Quik got a brand new bag
But first I gotta bang bang
A boogie for the boogie
To the rhythm of the ghettoey streets
Check it out now

You trying to give me some Eight Ball
But no way
I'd rather have a Mimosa
With Crystal and OJ, yeah
Just a little something bubbly and tingly
To have me walking around naked
But wait a second

The function's on
Around midnight
What time is it?
Are you inside?
Available
To come and play
Give me a clue
So I don't have to
Look for you

Come on let's get down, let's get down, let's get down
Come on let's get down
(In my black Chevrolet)
Come on let's get down, let's get down, let's get down
Come on let's get down, let's get down

Yeah, now we don't need a club
We can do it at my house
My front door's open so homey's can bust it out
And ladies if you're coming leave your children at the nursery
So you can get slow on the Anniversary
Kill me
I dip dip da
So don't be looking stupid when I unfasten your bra
You know you want to mack this
Because I come stronger than the IRS
Whenever you done got delinquent on your taxes

Now here I am
Staring at you
I need a drink
You need one too
Who is your friend
She don't look nice
But I know she will
Later on tonight
Come on let's get down

Come on let's get down, let's get down, let's get down
Come on let's get down
(In my black Chevrolet)
Come on let's get down, let's get down, let's get down
Come on let's get down, let's get down

Now I'm at the club
And I'm off that drug
The one they call alcohol got me acting y'all
I hump two first before I hump two more
And now I'm throwing up my guts out the car door
Over consumption you know how it is y'all
Got your homey beggin' for some Pepto Bismol
But when my stomach's right I'll be back tonight
To get that lady I was grinding on the wall

Now that I feel a little better than I felt a little while ago, yeah
I'm going back to the same spot
Where I met you on the floor

Now table one, that's my folks
And table two, that's my folks
And everybody knows my name (What's up?)
Now table three that's B. Grund
And table four that's G-One
You best be prepared
'Cause it's all a game you know

Come on let's get down, let's get down, let's get down
Come on let's get down, let's get down, let's get down
Come on let's get down, let's get down, let's get down
Come on let's get down, let's get down, let's get down
(In my black Chevrolet)

I gotta get my groove on (keep movin', movin' and groovin')
I gotta get my groove on (keep shakin' that ass, shakin' that ass)
I gotta get my groove on (keep movin' and groovin', movin' and groovin')
I gotta get get my groove on (keep shakin' that ass, shakin' that ass)
I'm groovin' (say what?)
Movin' (yeah)
Yeah

Come on let's get down, let's get down, let's get down
Come on let's get down
(In my black Chevrolet)
Come on let's get down, let's get down, let's get down
Come on let's get down (In my black Chevrolet) down, down, down

Come on let's get down, let's get down, let's get down
Come on let's get down
(In my black Chevrolet) down, down, down
Come on let's get down, let's get down, let's get down
Come on let's get down (In my black Chevrolet) down, down, down",1996,1.0,4:59
Boyz II Men - Motownphilly,Z:/Throwbacks 90s2000s/Boyz II Men - Motownphilly.mp3,,235259,Music,Throwbacks 90s2000s (Smooth),10000,0,20000,0,271,"Boyz II Men, Boyz II Men
Boyz II Men, Boyz II Men

Motownphilly's back again
Doin' a little East Coast swing
Boyz II Men going off
Not too hard, not too soft

It's long overdue but now
Philly is slammin'
Boyz II Men, ABC, BBD
The East Coast family
Never skipped a beat (nah)
While cooling on South street
Jet black Benz, plenty of friends
And all the Philly steaks you can eat

Back in school we used to dream about this everyday
Could it really happen?
Or do dreams just fade away?
Then we started singing them
They said it sounded smooth
Then we started a group and here we are
Kickin' it just for you

Motownphilly's back again
Doin' a little East Coast swing
Boyz II Men going off
Not too hard, not too soft

(Boyz, Boyz)

Yo, these four new jacks is real
Smooth on the harmony tip
Nate, Mike, Shawn, and Wan
You know the mentality
Keep flippin' the gift

The spotlight is on us now, watch us do this
Da da, daaa da da, da da da da da da
Live and direct from Philly town
Rap and hype and we can get down
We are ready to roll
So now the world will know that we were

Back in school we used to dream about this everyday
Could it really happen?
Or do dreams just fade away?
Then we started singing them
They said it sounded smooth
So we started a group and here we are
Kickin' it just for you

Motownphilly's back again
Doin' a little East Coast swing
Boyz II Men going off
Not too hard, not too soft

Boyz II Men, Boyz II Men, Boyz II Men
Boyz II Men, Boyz II Men, Boyz II Men
Then we started singing them
They said it sounded smooth

Now check this out, one day back in Philly
Four guys wanted to sing, they came up to me I said
""Well what's your name?"" (Boys II Men)
""Hey, ya know what I'm sayin'?""

Than I said, ""Alright fellas
Well let me see what you can do""
And then the smart one named Wan, he said
""Yo Mike, check this out, see if this one moves you""

Motownphilly's back again
Doin' a little East Coast swing
Boyz II Men going off
Not too hard, not too soft

Boyz II Men, Boyz II Men, Boyz II Men
Boyz II Men, Boyz, Boyz, Boyz, Boyz, Boyz II Men
ABC, BBD",1991,1.0,3:55
Aaliyah - Rock The Boat [Aaliyah],Z:/Throwbacks 90s2000s/Aaliyah - Rock The Boat [Aaliyah].mp3,,274782,Music,Throwbacks 90s2000s (Smooth),10000,0,20000,0,270,"Boy, you know you make me float
Boy, you really get me high
Ooh, I feel like I'm on dope
'Cause you, you serve me on a regular (you serve me on a regular)

Boy, you need to tie this rope
Oh, before we drift any deeper (before we drift any deeper)
Baby, now hold me close
Let's take this overboard now

I want you to rock the boat
Rock the boat (mmm), rock the boat, rock the boat (yeah)
Work it in the middle, work the middle
Work the middle, work the middle
Change positions on me
New position, new position
Oh, now stroke it, baby, yeah
Stroke it for me, stroke it for me

Ooh, baby, I love your stroke
'Cause you, 'cause you get me where I'm going ('cause you get me where I'm going, yeah)

And truly you'll get my vote
'Cause I believe, I believe you know just what you doing now

Baby, now we can coast (let's coast, let's coast)
Let's don't get in a hurry (no)
That's too slow (hey)
Go 'head and put that thing in overdrive

I want you to rock the boat
Rock the boat (ooh), rock the boat, rock the boat (hey)
Work it in the middle, work the middle
Work it, babe, work it, baby

Change positions on me
New position, new position (oh)
Now stroke it, baby
Stroke it for me, stroke it for me, stroke it for me

I want you to rock the boat
Rock the boat, rock the boat, rock the boat (hey)
Work it in the middle, work the middle
Work the middle (ooh), work the middle (hey)

Change positions on me
Oh, now stroke it, baby
Stroke it for me (yeah), stroke it for me, stroke it for me

Stroke it for me
Mmm, stroke it, baby, stroke it, baby
Mmm, work it, baby, work it, baby
Ooh, stroke it
There is something I want you to do for me

I want you to use yourself (hey)
Like you've never, ever used it before (never)
To explore my body (explore it, baby)
Until you reach the shore
I'll be calling, calling for more (calling)

Rock the boat, rock the boat (oh)
Rock the boat, rock the boat
Work it in the middle
Ooh, work it, baby, work it, baby

Change positions, on me (mmm, change)
New position, new position (yeah)
Now stroke it for me (baby)
Stroke it for me, stroke it for me

I want you to rock the, boat
Rock the boat, rock the boat, rock the boat (ooh)
Work it in the middle, work the middle
Ooh, work it, yeah

Change positions, on me
New position, new position (change)
Now stroke it for me, stroke it for me (yeah)
Stroke it for me, stroke it for me

Rock the boat, rock the boat
Rock the boat, rock the boat
Work the middle, work the middle
Work the middle, work the middle

Change positions on me
New position, new position
Stroke it for me, stroke it for me
Stroke it for me, stroke it for me

Rock the boat, rock the boat
Rock the boat, rock the boat",2001,1.0,4:34
Aaliyah - At Your Best (You Are Love) [Age Ain't Nothing But A Number],Z:/Throwbacks 90s2000s/Aaliyah - At Your Best (You Are Love) [Age Ain't Nothing But A Number].mp3,,291448,Music,Throwbacks 90s2000s (Smooth),10000,0,20000,0,257,"Let me know
Let me know
Hah-hah, let me know
Let me know
Let me know

When I feel, what I feel
Sometimes it's hard to tell you so
You may not be in the mood to learn
What you think you know

There are times, when I find
You wanna keep yourself from me
When I don't have the strength
I'm just a mirror of what I see

But at your best, you are love
You're a positive motivating force within my life
Should you ever feel the need to wonder why
Let me know
Let me know

Let me know

When you feel, what you feel
Oh, how hard for me to understand
So many things have taken place
Before this love affair began
But if you feel, oh, like I feel
Confusion can give way to doubt
For there are times when I fall short of what I say
What I say, I'm all about, all about

But at your best, you are love
You're a positive motivating force within my life
Should you ever feel the need to wonder why
Let me know
Let me know

(Listen)

Tell me what it is (tell me what it is)
There's no need to make believe
(Make believe, no need to make believe)
Look beyond your words (look beyond your words)
Try to find a place for me
(Try to find, find a place for me)

'Cause at your best, you are love
You're a positive motivating force within my life
Should you ever feel the need to wonder why
Let me know
Let me know

Let me know
Let me know
Let me know
Oh-oh-oh-oh-oh
See, stay at your best, baby",1994,1.0,4:51
Jodeci - Feenin' [Diary Of A Mad Band],Z:/Throwbacks 90s2000s/Jodeci - Feenin' [Diary Of A Mad Band].mp3,,310857,Music,Throwbacks 90s2000s (Smooth),10000,0,20000,0,265,"Secret Session

Take my money
My house and my cars
For one hit of you
You can have it all, baby

'Cause makin' love
Everytime we do
Girl, it's worse than drugs
'Cause I'm an addict of you
And you know that I

I can't leave you alone
You got me feenin'
(Got me goin' crazy)
I can't leave you alone
You got me feenin'
Girl, I'm feenin' for you

(Said, I'm feenin' for you)
I don't ever mind
It's all blown on you, baby
Girl, I'm so strung out
All I do is wish for you

So tomorrow if you're not here
Then, girl, I'm down, so I need you near
I just wanna make it through the night
So hold me tight, then girl I'm alright

I can't leave you alone
You got me feenin'
(Girl, you got everything that I need)
(Got everything that I need)
I can't leave you alone
You got me feenin'
Girl, I'm feenin' for you

Lady I'm hooked on you
(Girl, I'm hooked on you)
There's nothing else I'd rather do
(Nothing else I'd rather do)
Spend my last dime
(All of my money)
For a drop of your time
(And you know, oh)

Cause your the girl without a doubt
(Without a doubt)
You know you got me strung out
And I need you more and more
'Cause you are my joy
(My joy, joy, joy)

You got me feenin'
(You got me feenin')
(You got me feenin', yes you do)

I can't leave you alone
You got me feenin'
(You got me goin' crazy, baby)
Girl, I'm feenin' for you
(You got me goin' crazy, baby)
I can't leave you alone
You got me feenin'
(I said you got me feenin')

I can't leave you alone
You got me feenin'
(Girl, you got me goin' crazy)
Girl, I'm feenin for you
(Girl, you got me goin' crazy)
I can't leave you alone",1993,1.0,5:10
Avant - Read Your Mind [Private Room],Z:/Throwbacks 90s2000s/Avant - Read Your Mind [Private Room].mp3,,263549,Music,Throwbacks 90s2000s (Smooth),10000,0,20000,0,239,"Yes, don't close the door
Listen, I've been waitin' to tell you this
You are, more than a man could ever want
Wait a minute, just let me there, listen

I stepped in a club in your hood
I slowly turned left and there you stood
You and your friends talkin'
But then our eyes connect and moved in

It was just like 2 ways on beam
I'm your king, be my queen
And what did you wanna do tonight?
My truck is parked out front, so let's ride

I can read your mind, babe
(Ohh)
I know what you're thinkin'
(I know what you're thinkin', baby)
It's alright
(With me, baby)
It's alright, yes
(Ohh yeah)
I can read your mind, babe
(I can)
I know what you're thinkin'
(I know what you're thinkin', baby)
It's alright
(With me, yeah yeah)
It's alright, yes

So baby take a ride with me
And I'll fulfill all your fantasies
And when the rain starts pourin' down
Then all the love that's lost will be found

I'll make your mind loose control
Over your body that's my goal
So baby just come down here
Just let the gravity pull you near

I can read your mind, babe
(I can)
I know what you're thinkin'
(I know what you're thinkin')
It's alright
(Can you feel me? Yeah)
It's alright, yes
(Ooh, baby)

I can read your mind, babe
(Just me and you right now)
I know what you're thinkin'
(I got an idea, babe)
It's alright
(Oh yeah)
It's alright, yes

I know you wanna rub
(Rub)
I know you wanna touch
(Touch)
I know you wanna feel
(Feel)
So, baby keep it real

I know you wanna see
(See)
I know you wanna be
(Be)
In my B E D
Grindin' slowly

I know you wanna rub
(Rub)
I know you wanna touch
(Touch)
I know you wanna feel
(Feel)
So baby keep it real

I know you wanna see
(See)
I know you wanna be
(Be)
In my B E D
Grindin' slowly

I can read your mind, babe
(I can read it)
I know what you're thinkin'
(And I know)
It's alright
(You see, I know, what you know)
It's alright, yeah
(I can feel it too, baby)

I can read your mind, babe
(Just me and you, yeah)
I know what you're thinkin'
(I know, yeah)
It's alright
(Oh, oh yeah)
It's alright, yes

I wanna love baby
(That's what I wanna do to you)
I wanna feel you
(If you come, if you come)
I wanna love baby
(Oh yeah)
I wanna feel you
(I wanna feel you, girl)

I wanna love baby
(Come on and go with me)
(I want you to stay with me)
I wanna feel you
('Cause it's alright with me)
I wanna love baby
(Listen baby, I wanna go with you)
(I want you to stay with me)",2003,1.0,4:23
Aaliyah - I Care 4 U [Aaliyah],Z:/Throwbacks 90s2000s/Aaliyah - I Care 4 U [Aaliyah].mp3,,273894,Music,Throwbacks 90s2000s (Smooth),10000,0,20000,0,263,"Mmm yeah
Mmm yeah, oh yeah oh

Hey my baby
Why are you lookin' so down?
Seems like you need a lovin'
Baby you need
A girl like me around
Hey my baby

Tell me why you cry
Here take my hand and yeah
Wipe those tears from your eyes

Can I talk to you (can I talk to you)
Comfort you (comfort)
Let you know (just wanna let you know)
I care for you (oh yeah)

Can I talk to you (I wanna talk)
Comfort you (gotta let you know baby)
Let you know (I outta let you know)
(I care) I care for you

Hey sexy baby
Why'd your girl leave you in pain
To let a fine man like you go
She must be insane

Hey sexy baby
There's no need to worry, no
Oh boy if you call on me
I'll come, I'll come in a hurry

Can I talk to you (come on)
Comfort you (I love you)
Let you know (oh baby)
I care for you (I love you, yes I do)

Can I talk to you (I wanna talk)
Comfort you (give me the chance)
Let you know
Wanna let you know, gotta let you know that
I care for you (I love you)

Hold on (hold on)
Stay strong (stay strong)
Press on (for me baby)
I care (I care) for you (for you)

Hold on (hold on)
Stay strong (stay strong)
Press on (press on for me)
I care for you (baby)

Can I talk to you (I wanna talk)
Comfort you (I wanna hold you tight baby)
Let you know (I wanna let you know)
(That I care) I care for you (for you)
Can I talk to you (oh-oh-oh-oh)",2001,1.0,4:33
Tony! Toni! Toné! - Lovin' You [House Of Music],Z:/Throwbacks 90s2000s/Tony! Toni! Toné! - Lovin' You [House Of Music].mp3,,353567,Music,Throwbacks 90s2000s (Smooth),10000,0,20000,0,284,"Lovin' you makes my heart sing a song
Knowin' you makes all my pain go away
Lovin' you makes my heart sing a song
Knowin' you lets me know things are gone

I feel responsible when it comes to you
That means I think that I'm addicted to you
I feel like life has just begun for us, yeah
See, there's no one else in this world
That I would'nt wanna trust

When beauty touches the world
I mean each boy and girl
That means our hearts must grow
Girl, let your feelin's show

Your life will soon come to pass
Our souls will always last
I know my self esteem just tells me
Where I'm supposed to be

Lovin' you makes my heart sing a song
Knowin' you lets me know things are gone

This world is drunk and everybody's mad
We seem to forget to lend a helpin' hand
I knew this task was not gon' be easy, yeah
A lovin' heart like yours
Could bring back all the communities

If you just say the word
I'd spread my wings like a bird
And fly right in your nest
My queen, I'll try my best

To let my spirit flow
Yes, everyone will know
When we're together
Everything we do when the world must grow

Lovin' you makes my heart sing a song
Knowin' you makes all my pain go away
Lovin' you makes my heart sing a song
Knowin' you lets me know things are gone

If you know what I'm talkin' about
Clap your hands, come on
Just a little bit louder, come on
Just a little bit louder, come on
Just a little bit louder

Lovin' you makes my heart sing a song
Knowin' you makes all my pain go away
Lovin' you makes my heart sing a song
Knowin' you lets me know things are gone

Lovin' you makes my heart sing a song
Knowin' you makes all my pain go away",1996,1.0,5:53
Anthony David - Topic - Something About You,Z:/Throwbacks 90s2000s/Anthony David - Topic - Something About You.mp3,,174315,Music,New School 2010+ (Smooth),10000,0,20000,0,241,"Yes lord, yeah

Tried to tell niggas, in 2012, nigga
Working hand to hand and no avail
Volume one was too heavy for you frail niggas
So I got leaned like codeine and pills
It's the visionary, in the vintage Chevy
It's been a while but wow you still care
Free Nash 'til they pass out obituaries
In bold caps, ""your bitch-ass was not there""
And I can do anything but move backwards
The hardest thing is to keep from being distracted
My big sister still claiming me on them taxes
Tell Uncle Sam I just need a second to add this
Gave my momma ten racks
And she packed and went to Chumash with it
Quadruple the worth and give me half of it
Half of it I took in the back of the air mattress
A quarter stash was stashed in a box with the Air Maxes
The rest got lost in Saks with my wifey, no BM
Whack niggas dropping links in my DM
Bad bitches up and down a nigga TL
I'm glad that you finally made it to the future but you're late
And the price is through the muthafuckin' roof
If you want you could wait outside the building
I ain't takin' no more meetings

Stepped in the waters
The water was cold
Chilled my body
But not in my soul

I bring you greetings from the first church of Boom Baptists
United Fellowship of Free Nationals
Residing pastor is thy .Paak
And the first lady is a bad bitch
With slanted eyelids and thick ass
Sunglasses, Martin Luther King fan for you bitch niggas
Sweating on my Patent Leathers
Pressure turned their feather weight into a Cinderella
I ain't seen the ground in days since I grew propellers
We'll do one better
Word to the liquor that killed my grandpa liver
I know you finally look proud, a nigga smiling
To every hundred niggas that came and gone missing
Only a handful will go the distance
I swear I seen this shit coming as if I was living up under the plumbing
While niggas was riffing and mumbling 'bout, what they could do
I was cooking gumbo whipping the voodoo
I was in the jungle running with Zulu's
We was looking past the struggle while life was moving so fast
You had to be sharp as a Ginsu
To the top of the food group
Doing what I want and how I should too

Stepped in the waters
The water was cold
Chilled my body
But it didn't touch my soul
Stepped in the waters
The water was cold
Chilled my body
But it didn't touch my soul

Ladies in gentlemen, the most fantastic day in history
Would you boys mind explaining the cause
Of what made this great park go underneath this hood
Take a look at this",2016,1.0,2:54
Boyz II Men - A Song For Mama,Z:/Throwbacks 90s2000s/Boyz II Men - A Song For Mama.mp3,,303412,Music,Throwbacks 90s2000s (Smooth),10000,0,20000,0,249,"You taught me everything and everything you've given me
I always keep it inside
You're the driving force in my life, yeah
There isn't anything or anyone that I can be
And it just wouldn't feel right
If I didn't have you by my side
Ooh, you were there for me to love and care for me
When skies were grey
Whenever I was down, you were always there to comfort me

And no one else can be what you have been to me
You will always be
You will always be the girl in my life
For all times

Mama, mama, you know I love you
Ooh, you know I love you, mama
Mama, you're the queen of my heart
Your love is like tears from the stars (yes it is)
Mama, I just want you to know
Loving you is like food to my soul

Yes it is, yes it is
Oh, yes it is
Yes it is, yes it is, oh

You're always down for me, have always been around for me
Even when I was bad
You showed me right from my wrongs, yes, you did
And you took up for me when everyone was downing me
You always did understand
You gave me strength to go on
There were so many times, looking back, when I was so afraid
And then you come to me and say to me, I can face anything

And no one else can do what you have done for me
You'll always be
You will always be the girl in my life, ooh oh

Mama, mama, you know I love you (you know I love you)
Oh, you know I love you
Mama, mama, you're the queen of my heart (you are)
Your love is like tears from the stars (your love is like tears from the stars)
Mama, I just want you to know (mama, I just want you to know)
Loving you is like food to my soul

Never gonna go a day without you
Fills me up just thinking about you
I'll never go a day without my mama

Mama, you know, mama, I love you (oh, you know I love you)
Mama, mama, you're the queen of my heart (the queen of my heart)
Your love is like tears from the stars (say your love) (your love is like tears from the stars)
Mama, I just want you to know (mama, whoa, oh, mama, mama)
Loving you is like food to my soul

Loving you is like food to my soul
Oh, yeah
You are the food to my soul
Yes, you are",1997,1.0,5:03
Mint Condition - Someone To Love [From The Mint Factory],Z:/Throwbacks 90s2000s/Mint Condition - Someone To Love [From The Mint Factory].mp3,,320131,Music,Throwbacks 90s2000s (Smooth),10000,0,20000,0,265,"It feels so good when I'm with you
Gone ecstasy, yeah yeah
It's just the little things you do
That makes me wanna be right there
When you need
Someone to love

'Cause if it's love you seek
(I'll give you)
I'll give you all the love you need
Just take my hand
And I'll lead the way
If you need someone to love
(Yeah yeah yeah)

Your lips, your eyes they get to me, baby
And I lose control, yeah yeah yeah yeah
Such a warm personality
You make me want it more and more and more each day
I wanna be your someone to love

'Cause if it's love you seek
(I'll give you)
I'll give you all the love you need
Just take my hand
And I'll lead the way
If you need someone to love

I'll give you more
More than you've ever known
(Hey hey)
So much love
Love you can call your own

My heart and soul
I'll give to you
See I'll be dedicated
I know that we can make it baby
Oh, yeah yeah yeah yeah

'Cause if it's love you seek
('Cause if it's love)
(I'll give you all)
I'll give you all the love you need
Just take my hand
And I'll lead the way
If you need someone to love, yeah

'Cause if it's love you seek
('Cause if it's love, yeah yeah)
I'll give you all the love you need
(I'll give you all the love you need)
Oh baby baby, just take my hand
And I'll lead the way
If you need someone to love

Oh
Do you need, someone to love
(Someone to love)
I wanna show what I can give girl

Someone to love, someone to hold
(One to hold)
Someone to kiss, with you I wanna grow old
(One to kiss ya)
Someone to squeeze, someone to tease
(Wanna squeeze ya)
So just believe I'll always be faithful
(Sing it again)

Someone to love, someone to hold
(Someone to love)
Someone to kiss, with you I wanna grow old
(I wanna grow old witcha baby)
Someone to squeeze, someone to tease
(That's what you need)
(I'll always be)
So just believe I'll always be faithful
(Someone to love, yeah yeah yeah yeah yeah)

Someone to love, someone to love
(Someone to love, to love, yeah)
Please say you'll stay with me
'Cause I don't need time one, to love
Someone to love",1993,1.0,5:20
Boyz II Men - End Of The Road,Z:/Throwbacks 90s2000s/Boyz II Men - End Of The Road.mp3,,349701,Music,Throwbacks 90s2000s (Smooth),10000,0,20000,0,261,"Girl, you know we belong together
I don't have no time for you to be playing
With my heart like this
You'll be mine forever baby, you just wait

We belong together
And you know that I'm right
Why do you play with my heart?
Why do you play with my mind?

Said we'd be forever
Said it'd never die
How could you love me and leave me
And never say goodbye?

When I can't sleep at night without holding you tight
Girl, each time I try I just break down and cry
Pain in my head, oh, I'd rather be dead
Spinning around and around

Although we've come
To the end of the road
Still I can't let go
It's unnatural
You belong to me
I belong to you

Come to the end of the road
Still I can't let go
It's unnatural
You belong to me
I belong to you

Girl, I know you really love me
You just don't realize
You've never been there before
It's only your first time

Maybe I'll forgive you
Maybe you'll try
We should be happy together
Forever, you and I

Will you love me again like you loved me before?
This time I want you to love me much more
This time instead just come to my bed
And baby just don't let me go

Although we've come
To the end of the road (End of the road)
Still I can't let go
It's unnatural
You belong to me
I belong to you

Come to the end of the road
Still I can't let go
It's unnatural
You belong to me
I belong to you

Girl I'm here for you
All those times of night when you just hurt me
And just run out with that other fella
Baby I knew about it, I just didn't care
You just don't understand how much I love you do you?
I'm here for you

I'm not out to go out on cheat you (Maybe I'll forgive you)
Just like you did baby but that's alright
Hey, I love you anyway (Maybe you will try)
And I'm still gonna be here for you 'til my dying day baby
Right now, I'm just in so much pain baby (We should be happy together forever)
'Cause you just won't come back to me (You and I)
Will you? Just come back to me

(Lonely)
Yes, baby, my heart is lonely (Lonely)
My heart hurts baby (Lonely)
Yes, I feel pain too (Lonely)
Baby please

This time instead just come to my bed
And baby just don't let me go

Although we've come
To the end of the road
Still I can't let go
It's unnatural
You belong to me
I belong to you

Come to the end of the road
Still I can't let go
It's unnatural
You belong to me
I belong to you

Although we've come
To the end of the road
Still I can't let go
It's unnatural (It's unnatural)
You belong to me (You belong to me)
I belong to you

Come to the end of the road
Still I can't let you go
It's unnatural
You belong to me
I belong to you",1991,1.0,5:49
702 - Where My Girls At [702],Z:/Throwbacks 90s2000s/702 - Where My Girls At [702].mp3,,166740,Music,Throwbacks 90s2000s (Smooth),10000,0,20000,0,268,"Ooh-ooh
Ah-ah, ah-ah, whoa-oh
Ooh-ooh, ooh-ooh

See, he's my property
And any girl that touch
I might just call your bluff
'Cause I don't give a-
Who are you to call my cell?
Oh, I'ma wish you well
'Cause any girl that tried has failed, oh

Where my girls at? From the front to back (ah)
Well, is you feelin' that? (Oh, no)
Put one hand up, can you repeat that?
Tryna take my man, see, I don't need that (yeah)
So, don't play yourself (play yourself with me)
Where my girls at? From the front to back
Well, is you feelin' that?
Put one hand up (no), can you repeat that?
Tryna take my man, see, I don't need that

Hey, hey, hey, hey
Don't you violate me
'Cause I'ma make you hate me
If you decide to mess with mine
Chomp you down to size
And make you realize
You done messed up this time

Where my girls at? From the front to back (ah)
Well, is you feelin' that? (Oh)
Put one hand up, can you repeat that?
Tryna take my man, see, I don't need that
So, don't play yourself (I don't need that)
Where my girls at? (No) from the front to back
Well, is you feelin' that?
Put one hand up (oh yeah), can you repeat that?
Tryna take my man, see, I don't need that (yeah, yeah, yeah, yeah)

You must learn the rules
Don't come close to
Anything that belongs to me
He is mine, my property (so)
So, you must leave

Where my girls at? (Where my girls?) From the front to back
Well, is you feelin' that? (Feelin' that)
Put one hand up, can you repeat that?
Tryna take my man, see, I don't need that (my man)
So, don't play yourself (I don't need it)

Where my girls at? From the front to back
Well, is you feelin' that? (Gettin' that)
Put one hand up, can you repeat that?
Tryna take my man see, I don't need that (oh-oh, where, where, where, where?)
So, don't play yourself

Where my girls at? From the front to back
Well, is you feelin' that? (Is you feelin' that?)
Put one hand up, can you repeat that? (Yeah)
Tryna take my man, see, I don't need that (hey-)",1999,1.0,2:46
Tony! Toni! Toné! - (Lay Your Head On My) Pillow [Sons Of Soul],Z:/Throwbacks 90s2000s/Tony! Toni! Toné! - (Lay Your Head On My) Pillow [Sons Of Soul].mp3,,372088,Music,Throwbacks 90s2000s (Smooth),10000,0,20000,0,259,"Lay your head on my pillow
And just relax, relax, relax
('cause it was meant for you)
Lay your head on my pillow
And just relax, relax, relax
('cause it was made to groove)
Here we are in the room together

Holding hands and it's gonna get better
And I know that you're in the mood
So put your purse down and take off your jacket
Oh girl it's about to get nasty
You'll love what we gonna do

Lay your head on my pillow
And just relax, relax, relax
('cause it was meant for you)
Lay your head on my pillow
And just relax, relax, relax
('cause it was made to groove)
Won't you pull back the sheets and lay down

Put your head upon my shoulders

Let me tell you how I wanna feel
You're the girl that knows my pleasure
So let me go down and find my treasure
Let me see where my pearl is at
Lay your head on my pillow
And just relax, relax, relax

('cause it was meant for you)
Lay your head on my pillow
And just relax, relax, relax
('cause it was made to groove)
The cutie pies they all know
They can always lay on my pillow",1993,1.0,6:12
K-Ci & JoJo - You Bring Me Up [Love Always],Z:/Throwbacks 90s2000s/K-Ci & JoJo - You Bring Me Up [Love Always].mp3,,263732,Music,Throwbacks 90s2000s (Smooth),10000,0,20000,0,261,"Yeah, yeah, yeah, yeah, yeah
Oh oh oh oh oh oh oh oh (repeat)
Yo, JoJo

Isn't it funny
The things you said and done to me
You said you want me
But now lady I wanna be free
You lied to me
You said you never would play me
But I found out that you were lying
All the time

You pick me up
And you bring me down
When I thought I found in you solid ground
You turn my smile
Into a frown
Girl you promised that you'd never let me down
And now you're not around

Oh oh oh oh oh oh oh oh (repeat)
JoJo help me
Eweee, yeah yeah
Can I get a witness
I could go on and talk a little 'bout me
Listen, yeah

When I was up
Girl you brought me down
Played me like a clown
Thought I'd stay around
So you could, you could abuse me
Take my heart and use me
And you see I'm still around
For your talk and for your smile

Oh oh oh oh oh oh oh oh oh oh (repeat)
Help me say oh
Say it say it say it yeah, say oh

There is something I have to say
Something I can't delay
You hurt me so bad
And you made me feel so sad
It's a feeling I can't explain
I won't let you wreck my brain
You said you'd never hurt me
But then you go and desert me, baby

Oh oh oh oh oh oh oh oh oh oh (repeat)

Ad lib until fade",1997,1.0,4:23
Aaliyah - Try Again [Aaliyah],Z:/Throwbacks 90s2000s/Aaliyah - Try Again [Aaliyah].mp3,,284682,Music,Throwbacks 90s2000s (Smooth),10000,0,20000,0,277,"It's been a long time (long time), we shouldn't have left you (left you)
Without a dope beat to step to, step to, step to, step to
Step to, step to, freaky-freaky
It's been a long time, we shouldn't have left you (left you)
Without a dope beat to step to, step to, step to, step to
Step to, step-step to, freaky-freaky
Baby girl, oh

What would you do to get to me?
What would you say to have your way?
Would you give up or try again
If I hesitated to let you in?
Now would you be yourself or play your role?
Tell all the boys or keep it low
If I say no, would you turn away?
Or play me off, or would you stay? Oh

And if at first you don't succeed (first you don't succeed)
Then dust yourself off and try again
You can dust it off and try again, try again
'Cause if at first you don't succeed (first you don't succeed)
You can dust it off and try again
Dust yourself off and try again, try again (again, again)

I'm into you, you into me
But I can't let it go so easily
Not 'til I see, what this could be
Could be eternity, or just a week
But, yo, our chemistry is off the chain
It's perfect now, but will it change?
This ain't a yes, this ain't a no
Just do your thing, we'll see how it goes

And if at first you don't succeed (first you don't succeed) (yeah)
Then dust yourself off and try again (again)
You can dust it off and try again, try again
'Cause if at first you don't succeed (first you don't succeed) (ooh)
You can dust it off and try again (try again)
Dust yourself off and try again, try again (again, again)

So, you don't wanna throw it all away
I might be shy on the first date, what about the next date
Huh, huh, huh, huh
I said you don't wanna throw it all away
I might be bugging on the first date, what about the next date?
Huh, huh, huh, huh

And if at first you don't succeed (first you don't succeed)
Then dust yourself off and try again
You can dust it off and try again, try again
'Cause if at first you don't succeed (first you don't succeed)
You can dust it off and try again
Dust yourself off and try again, try again (again, again)

And if at first you don't succeed (first you don't succeed) (yeah)
Then dust yourself off and try again (you can)
You can dust it off and try again, try again (again)
'Cause if at first you don't succeed (first you don't succeed) (oh-ooh)
You can dust it off and try again (again)
Dust yourself off and try again, try again (again, again)

And if at first you don't succeed (first you don't succeed)
Then dust yourself off and try again
You can dust it off and try again, try again
'Cause if at first you don't succeed (first you don't succeed) (baby)
You can dust it off and try again (yeah)
Dust yourself off and try again, try again (again, again)

It's been a long time (time), we shouldn't have left you (left you)
Without a dope beat to step to
Step to, step to, step to, step to
Step to, step to, freaky-freaky
It's been a long time, we shouldn't have left you (left you)
Without a dope beat to step to
Step to, step to, step to, step to
Step to, step to, freaky-freaky

And if at first you don't succeed (first you don't succeed)
Then dust yourself off and try again
You can dust it off and try again, try again
'Cause if at first you don't succeed (first you don't succeed)
You can dust it off and try again
Dust yourself off and try again, try again (again, again)

It's been a long time (time), we shouldn't have left you (left you)
Without a dope beat to step to
Step to, step to, step to, step to (what?)
Step to, step to, freaky-freaky
It's been a long time (time), we shouldn't have left you (left you)
Without a dope beat to step to
Step to, step to, step to, step to
Step to, step to, freaky-freaky (we out)
One more again
The new millennium, baby
And we out, you guess who it is",2001,1.0,4:44
Erykah Badu - Didn't Cha Know [Mama's Gun],Z:/Throwbacks 90s2000s/Erykah Badu - Didn't Cha Know [Mama's Gun].mp3,,238785,Music,Throwbacks 90s2000s (Smooth),10000,0,20000,0,231,"Oh-oh-oh-oh hey, yeah
Ooh-oh
Ahh-ah
Uhh-uh
Ayy-ay

Ooh, hey
I'm trying to decide
Which way to go
I think I made a wrong turn back there somewhere
Ooh, hey
I'm trying to decide
Which way to go
I think I made a wrong turn back there somewhere

Didn't cha' know, didn't cha' know
Tried to move, but I lost my way
Didn't cha' know, didn't cha' know
Stopped to watch my emotions sway
Didn't cha' know, didn't cha' know
Knew the toll, but I would not pay
Didn't cha' know, didn't cha' know
That you never know where the cards may lay

Time to save the world
Where in the world is all the time?
So many things I still don't know
So many times I've changed my mind
Guess I was born to make mistakes
But I ain't scared to take the weight
So when I stumble off the path
I know my heart will guide me back

Ooh, hey
I'm trying to decide
Which way to go
I think I made a wrong turn back there somewhere
Ooh, hey, uh-ooh
I'm trying to decide
Which way to go
I think I made a wrong turn back there somewhere

Didn't cha' know, didn't cha' know
Tried to run, but I lost my way
Didn't cha' know, didn't cha' know
Stopped to watch my emotions sway
Didn't cha' know, didn't cha' know
Knew the toll, but I would not pay
Didn't cha' know, didn't cha' know
I said ya never know how the cards may lay

Love is life and life is free
Take a ride of life with me
Free your mind and find your way
There will be a brighter day
Love is life and life is free
Take a ride of life with me
Free your mind and find your way
There will be a brighter day

Love is life and life is free
Take a ride of life with me
Free your mind and find your way
There will be a brighter day",2000,1.0,3:58
The-Dream - Shawty Is Da Shit (feat. Fabolous) [Love_Hate],Z:/Throwbacks 90s2000s/The-Dream - Shawty Is Da Shit (feat. Fabolous) [Love_Hate].mp3,,262818,Music,Throwbacks 90s2000s (Smooth),10000,0,20000,0,264,"Shawty rock to the beat for ya boy
Shawty
Do it
Rock to the beat for ya boy (Hey its loso incase you aint know so ay dream)
Radio killa, killa, killa (Let me tell you about shorty)

Shorty is the shh shh shh suga honey
Ice-t prettiest one I see lil mama
Icy they say she a peice
I heard they are fisty
U know how to
Treat her she'll be sweeter den a hi-c
Clean her very nicely
Shoes are kinna pricy
Match em up percisly good jeans nice
Tee like her food spicy
And she is tha same
Hotter then a flame but I do not no her
Name is it keisha? is it tiesha?
Maybe lisa, or taurissa,
It could be tia, maybe aaliyah,
I guess I'll find out one day before that
I'ma say

Shawty fly, shawty tight
Shoulda stayed there all night
With you (you) with you
I missed ya, picked ya
Now its time I
Get back up with you (you) girl with you
Oh yeah
We used to kick up at the park
Now she's all growwn up (up)
Rockin them stilettos
Jumpin up outta that mercedes truck (truck)

It was kiesha
It was sonya
It was tonya
It was monique
It was nece
It was keke
Now I see you at 23
All I can say is

Oooooooo, ooooo
And I don't need no hook for this shit
Cuz shawty right there is da shit, the shit
Shawty is da shit
Da shit
Shawty is da shit
Da shit
Shawty you da shit
You da shit

Need your keys
So waltz on me
Burberry fragance on my shirt from when she
(Oh) me
Hard as a rock from when she touched me
Thinkin now that she would've loved me
What it is, what it ain't, tell me what to do
I know im late but destiny brought me back to you
Time went byturned you into a butterfly
So I say hello, tell yo nigga goodbye

It was kiesha
It was sonya
It was tonya
It was monique
It was nece
It was keke
Now that I see you at 23
All I can say is

Oooooooo, ooooo
And I don't need no hook for this shit
Cuz shawty right there is da shit, the shit
Shawty is da shit
Da shit
Shawty is da shit
Da shit
Shawty you da shit
You da shit

If she fine, if shawty is a dime
You should tip her, you should tip her
If she go, and you love her
You should tip her, you should tip her
If she fix you eggs and grits in the morning
Man, you should tip her, you should tip her
Pancakes with the bacon on the side
(You should tip me, you should tip me)

Shawty rock to the beat for ya boy
Yeah, yeah, yeah
Rock to the beat for ya boy
Now to see you at 23 all I can say is

Oooooooo, ooooo
And I don't need no hook for this shit
Cuz shawty right there is da shit, the shit
Shawty is da shit
Da shit
Shawty is da shit
Da shit
Shawty you da shit
You da shit. oh yeah",2007,1.0,4:22
Floetry - Topic - Getting Late,Z:/Throwbacks 90s2000s/Floetry - Topic - Getting Late.mp3,,406805,Music,Throwbacks 90s2000s (Smooth),10000,0,20000,0,255,"Baby
Ooh baby
Baby, baby
Ooh, um baby
Oh, baby
We need to, umm (baby)
Talk about where we're taking this thing
How far we're gonna let this go
We've been here before
It's getting late
It's getting late
Why you gotta be here?
Beside me
Watching, needing, wanting me
I'm afraid (don't be)
I'm afraid (don't be)
I'm so scared that you'll hurt me, twice
Baby
Listen (oh, baby)
I've already been thinking about you, on my mind (ooh, baby)
Far too often for you to be here at this time
See, one hands on nine and the other's on my thigh (ooh, baby, ooh, baby)
Look, I already played with the idea of you
Being here in the morning
The position for the crack of dawn
And the conversations before the yawning
But uh, it's getting late, it's getting late
It's getting late
Why you gotta be here?
Beside me
Watching, needing, wanting me
But I'm afraid, (you say) don't be
But I'm afraid, (you say) don't be (don't be)
I'm so scared that you'll hurt me twice
Oh baby
How's about I let you touch the space
That you left behind
The day that you stop smiling
The day that the tears started falling
But now were talking, touching (mm, babe)
Almost making sensual again
You can taste the familiar
'Cause, the family are supportive
Of this moment, but was led by the movements 'cause ah
It's getting late (baby)
It's getting late
Why you gotta be here?
Beside me
Watching, needing, wanting me
But I'm afraid (you say) don't be
But I'm afraid (you say) don't be
I'm so scared that you'll hurt me twice
Oh baby, baby, baby
Oh baby, twice, baby baby
Ooh, baby, baby, baby, baby
Baby, baby, baby, baby
Baby, baby, baby
Ooh baby, baby, baby, baby
Ooh
I see the memories we replayed
Same space, face, bodies
I know there's a method to your manliness
But ah, I'm afraid
It's getting late
Why you gotta be here, ooh?
Beside me
Watching, needing, wanting me
But I'm afraid, you say don't be
But I'm afraid, and you say don't be
I'm afraid that you're gonna hurt me baby, baby twice baby
Ooh, baby baby baby, twice, baby
Oh baby, baby
I see the memories replayed, same space, same face
Same bodies, baby, I know there's a method to your manliness
But I'm afraid, babe (I'm afraid)
I see the memories replayed (I see, yeah), same space, same face (same faces)
Same bodies, baby, I know there's a method to your manliness
(I'm afraid) but I'm afraid, baby
Yeah, yeah
I'm afraid, baby don't hurt me
I'm about to cry
I'm about to, all mine, babe
Please don't hurt me, baby
I'm afraid, baby
Please don't hurt me, baby
I'm afraid, babe
Don't hurt me, baby
Please don't hurt me
I'm afraid babe
Please don't hurt me babe
I'm afraid, now
afraid, afraid, afraid, I'm afraid",2002,1.0,6:46
Keyshia Cole - Playa Cardz Right (feat. 2Pac) [A Different Me],Z:/Throwbacks 90s2000s/Keyshia Cole - Playa Cardz Right (feat. 2Pac) [A Different Me].mp3,,291291,Music,Throwbacks 90s2000s (Smooth),10000,0,20000,0,264,"What's up boo?
Yeah, ha ha ha ha
Yeah

Another shady mission, tricks
Like watchin' pictures in hazy vision
Tonight it's love makin', take you any place you wish
Today we satisfy yesterday with stolen kisses

Blind insanity, perfect pictures of me and my family
Not understanding the death that they planned for me
If I have kids, will I live to see 'em grow?
Though I don't know, I live the life of a thug n*****
Until the day I go

No broken promises, a sacred bond broken
I know I die alone but yet and still I'm hopin'
Visions of prisons, maybe I'll be forgiven
I know it's better in heaven 'cause bein' here ain't livin'

Close my eyes and see nothin' but pain
The world's crazy, still lookin' for a queen
To plant seeds and have babies
Maybe I'll be the one or just maybe I'm lost
You'll never know being cautious
If you play your cards right

I wanna be the one who, who you can depend on
Who, who'll be the one who'll be there through the thick and thin
Go by the water, we will be there to the mornin'
We won't leave until the night and we will be forever more

No one else can do what you do for me
Take me away from the pain I feel inside
And it's gonna be alright, it'll be okay

If we try and take our time
Please baby, take your time
And we'll grow, trust I know
I wanna be the one who

I wanna be the one who, who you can depend on
Who, who'll be the one who'll be there through the thick and thin
Go by the water, we will be there to the mornin'
We won't leave until the night and we will be forever more

You gots to play your cards right on one
Can't be rushin' like it's a race, know what I'm sayin'?
If you be patient and take your time
And you finesse it

9 times out of 10 homeboy
You gon' wake up wit ya breakfast in bed
But if you rush and you just be manhandlin'
Your *** goin' home tonight, ha ha

Play your cards right n****, take your time
Be patient, go slow, it's better that way
You ain't heard? Ha ha, playa cards right

I wanna be the one who, who you can depend on
Who, who'll be the one who'll be there through the thick and thin
Go by the water, we will be there to the mornin'
We won't leave until the night and we will be forever more

Take your time, man
(Take your time)
Don't be in such a rush
(In a rush)
You got to be patient man
(Ooh, be so)
Be patient

It ain't goin' nowhere one
(Nowhere)
Get some champagne
Bring some roses or somethin', ya know?
(Be forever!)

Play some soft sh**
Light a fire
(Luther Vandross)
You gotta be cool wit it
(Teddy, Teddy)
You gotta be slow wit it
(Ooh, be so)
Got to be patient

You gotta playa cards right on one
Can't be rushin like it's a race, you know what I'm sayin'
(Nowhere)
If you be patient and take your time
(Be forever)
And you finesse it

Yeah, I tell him to take it slow
Everybody's movin' so fast these days
Shoulda listened to every word you said

Ain't gonna lie because you beautiful
But it's another reason why they wanna hurt you
But you know, rest in peace brah",2008,1.0,4:51
Boyz II Men - Doin' Just Fine (Album Version),Z:/Throwbacks 90s2000s/Boyz II Men - Doin' Just Fine (Album Version).mp3,,332251,Music,Throwbacks 90s2000s (Smooth),10000,0,20000,0,247,"There was a time when I thought life
Was over and out, when you went away from me
My dying heart made it hard to breathe

Would sit in my room because I didn't want to
Have to go out and see you walking by

One look and I'd break right down and cry
Now you say that you made a big mistake
Never meant to take your love away
But you can save your tired apologies
'Cause it may seem hard to believe, but

I'm doin' just fine, getting along very well
Without you in my life (I don't need you in my life)
I'm doin' just fine, time made me stronger (made me stronger)
You're no longer on my mind

You were my earth, my number one priority
Gave my love to only you anything you'd ask of me
I would do, but somewhere down the road
You felt a change in the weather and told me that
You had to journey on, a kiss in the wind and your
Love was gone, long gone

Now, you say you never meant to play
Your games, but, girl don't you know it's far too late
Because you let our love just fall apart
You no longer have my heart (you don't have my heart)

I'm doin' just fine, getting along very well

Without you in my life (I don't need you in my life)

I'm doin' just fine, time made me stronger (stronger)

You're no longer on my mind (I don't need you anymore)

When you said goodbye, I felt so all alone
There were times at night I couldn't sleep
My heart was much too weak to make it on my own

But, baby, after all the misery and pain you put me through

So unfair to me girl, you're no longer my world
And I ain't missin' you at all

(Fine, fine) I'm doin' just fine, baby (Getting along very well without you in my life)

I don't need you, I don't need you in my life (I don't need you in my life)
I'm doin' just fine, time made me stronger (Time made me stronger)
You're no longer on my mind

See, baby when you walked away (I'm doin' just fine)
You didn't think it would end up this way (Getting along very)
But I knew you'd be coming 'round someday (Without you in my life)
Just as sure as my name is Wanya (I don't need you in my life)

I'm doin' just fine, baby
Time made me stronger (made me stronger)
You're no longer on my mind (no longer on my mind)

I'm doin' just fine
Getting along very well without you in my life
I don't need you in my life",1997,1.0,5:32
"Jodeci - Love U 4 Life [The Show, The After Party, The Hotel]","Z:/Throwbacks 90s2000s/Jodeci - Love U 4 Life [The Show, The After Party, The Hotel].mp3",,290116,Music,Throwbacks 90s2000s (Smooth),10000,0,20000,0,259,"Promises you made me
All the things you told me (told me)
You said you'd never leave me
We'll be together for eternity
Now it's all in the past
Now I know our love will last
Lady I will do all I can (ha)
Lady I would be all I am

I'll give you all you've had before
So come on in and close the door
Let me show you what I could be
Could you just please tell me

Will you believe in love
And the promise that it gives
I wanna love you for life
'Cause your love is why I live
Will you believe in love
And the promise that it gives
I wanna love you for life
'Cause your love is why I live

I know that things were rough
But my faith wasn't strong enough
Now my heart is built to last
My heart is beating for you fast
But now I know that you understand
I wanna take you by the hand
And walk with you down that aisle
And with you I will live my life

I'll give you all you've had before
So come on in and close the door
Let me show you what I could be
If you just please tell me

I want you to know that it's for real

This feeling that I feel
I want you to know that it's so real
Tell me, real",1995,1.0,4:50
Chris Brown - Gimme That [Chris Brown (Expanded Edition)],Z:/Throwbacks 90s2000s/Chris Brown - Gimme That [Chris Brown (Expanded Edition)].mp3,,186880,Music,Throwbacks 90s2000s (Smooth),10000,0,20000,0,258,"Woo!
Storch (oh)
S. Dot (yeah)
Ooh (the dynamic duo!)
Wo-womp, womp, wo-womp, womp, wo-womp, wo-womp
It's what your body sayin'
Wo-womp, womp, wo-womp, womp, wo-womp, wo-womp
Chris Brown is in the building

The young boy just turned 16, and I got (whoo)
64's and hot bikes that I rock
Keep three or four sweeties on my clock
But all that swinging in that bikini just make 'em dizzy
Slow all the traffic down to a complete stop
'Cause you speak in that slang that I talk
That sassy tempo with that walk
Maybe the reason that all this teenies may never see me

Momma, you may be three years older, but you hot (gimme that)
You be talking like you like what I got (gimme that)
I know you like it how I lean in the 'lac
You could be in the back saying, ""Gimme, gimme, gimme""
Momma, you may be three years older, but you hot (gimme that)
You be talking like you like what I got (gimme that)
I know you like it how I lean in the 'lac
You could be in the back saying, ""Gimme, gimme, gimme""

Ma, take a break, let me explain to you
What ya body got a young boy ready to do
If you take a chance to let me put them things on you
I could show you why I make them straight A's in school
I'm a hustler
Trust my frame and age
Got you thinking that I'm just too young to turn your page
I can picture us switching lanes
In the coupe with you on the phone screaming my name (Chris!)

Momma, you may be three years older, but you hot (gimme that)
You be talking like you like what I got (gimme that)
I know you like it how I lean in the 'lac
You could be in the back saying, ""Gimme, gimme, gimme""
Momma, you may be three years older, but you hot (gimme that)
You be talking like you like what I got (gimme that)
I know you like it how I lean in the 'lac
You could be in the back saying, ""Gimme, gimme, gimme""

Wo-womp, womp, wo-womp, womp, wo-womp, wo-womp
Girl you serious and I been watching you
Wo-womp, womp, wo-womp, womp, wo-womp, wo-womp
This what your body's saying
Wo-womp, womp, wo-womp, womp, wo-womp, wo-womp
Wo-womp, womp, wo-womp, womp, wo-womp, wo-womp (hey)
This what your body's sayin (oh!)

Momma, you may be three years older, but you hot (gimme that)
You be talking like you like what I got (gimme that)
I know you like it how I lean in the 'lac
You could be in the back saying, ""Gimme, gimme, gimme""
Momma, you may be three years older, but you hot (gimme that)
You be talking like you like what I got (gimme that)
I know you like it how I lean in the 'lac
You could be in the back saying, ""Gimme, gimme, gimme""

V.A.
Yeah, ha
Yeah, ma don't be frontin' like you don't know what's goin' on
A'ight? Yeah",2005,1.0,3:06
Andwele Gardner - Spiritual,Z:/Throwbacks 90s2000s/Andwele Gardner - Spiritual.mp3,,120633,Music,Throwbacks 90s2000s (Smooth),10000,0,20000,0,268,"There ohhhh yea yea ohhhh
Sometimes we must go
We must look at our situations lady
And how could u make me chose
Between you and my first life
Theres so many others
Wishing that they can raise their families
All first at the same
And playing and traveling
But you keep me within chain
Holding, keeping me from leaving
I hope for the day
When you and I can agree
And we can live like we ardor be
Girl its all for u
And you call me
Fame x7
Ohh x 4",2008,1.0,2:00
Mary J. Blige - I Can Love You (feat. Lil' Kim) [Share My World],Z:/Throwbacks 90s2000s/Mary J. Blige - I Can Love You (feat. Lil' Kim) [Share My World].mp3,,286433,Music,Throwbacks 90s2000s (Smooth),10000,0,20000,0,261,"I can love you (I can love you)
I can love you (I can love you)
I can love you better than she can
I can love you (I can love you)
I can love you (I can love you)
I can love you better than she can

Sitting here wondering why you don't love me
The way that I love you and baby, have no fear
'Cause I would never ever hurt you
And you know my love is real, boy I can

I can love you (I can) (I can love you)
I can love you (love you) (I can love you)
I can love you better than she can
I can love you (I can love you)
I can love you (I can love you)
I can love you better than she can

I know sometimes can get rough, but we'll make it
We'll make it through the storm and I know I will try
To make sure that you can trust me
And you know the reason why that I say

I can love you (I can love you)
A little better than she can, oh
I know that you (I know that you)
Wish you could be my man (wish that you could be my man)
'Cause I can love you better than she can

I can love you (I can love you)
I can love you (I can love you)
I can love you better than she can
I can love you (I) (I can love you)
I can love you (can love you) (I can love you)
I can love you better than she can

If I told you once, I told you twice
QB, throw the booties, like a groupie for mo' ice
Armor truck heist, hit the bonus like N'Bushe
In love wit' you since the days of juicy
Now I watch you play Colombo, Picasso
Tricks inside colassals, turn you castles to brothels, uh!
Who you lovin'? Who you wanna be huggin'?
Dippin' on ya Ninja Honda with Tanisha and Rhonda, wha!

You work more body than Jane Fonda
Physical fitness, Mary Bilge be my witness
Under pressure, I lie for ya, die for ya
Cougar by the thigh for ya, right-hand high for ya
Because of you, I'm inheritin' trillions
Buryin' billions, Bentley Coupe's millions
Playin' good Samaritan, in the Sheraton
Crack the Don P's and Remy's
You better hurry in (won't you tell me who?)

Who's gonna make you feel the way I do (who gon' love you like I do? Huh? What?)
(Who gon' treat you like I do? Huh?)
Nobody (what? No one) (nobody) nobody (no-) (Mary Blige, Lil Kim, nobody)
Who's gonna make you feel the way I do? (Uh, the Queen Bees, uh, uh, that's me)
Nobody (that's right, the Mary J, Lil' K) (nobody) nobody (no-)

I can love you (I can)
I can love you (love you)
I can love you better than she can (oh, oh, oh)
I can love you (I can love you)
I can love you (yeah, I do)
I can love you better than she can (yes, I can)

I can love you (I can love you) (I could)
I can love you (I can love you) (love you)
I can love you better than she can
I can love you (I can love you)
I can love you (I can love you) (who's gonna love you)
I can love you better than she can (the way that I do)

Who's gonna make you feel the way I do?
Nobody, nobody
Who's gonna make you feel the way I do?
Nobody, nobody

I can love you
I can love, love you better than she could ever this about
I can love you
I can love you",1997,1.0,4:46
Mint Condition - So Fine [From The Mint Factory],Z:/Throwbacks 90s2000s/Mint Condition - So Fine [From The Mint Factory].mp3,,376895,Music,Throwbacks 90s2000s (Smooth),10000,0,20000,0,267,"Such a beautiful lady
The kind you find in a dream
And dreams are so real for me

With eyes so warm and soothing
They put me in a trance
And I imagine us by the warm cozy fireplace

The light shines on your face
Your smile gets me higher and higher
My heart starts to race

I gotta say what I feel
Cause girl you look so good to me

Chorus:

So fine lady
So fine you sway me
So fine lady
So fine you sway me

Verse:

Can't believe my eyes
Take me for a ride

Such a woman of quality
Your body's so supreme
When you dance you sway so elegantly

Girl you simply dazzle me
You put me in a trance
And I imagine you and me
Just kissin away

My fingers in your hair
Your embrace holds tighter and tighter
Your touch makes me say

I gotta stop to look
Cause girl you look so damn good to me

Chorus

Guitar solo

Chorus

Adlib til the end of song",1993,1.0,6:16
Jodeci - Forever My Lady [Forever My Lady],Z:/Throwbacks 90s2000s/Jodeci - Forever My Lady [Forever My Lady].mp3,,320418,Music,Throwbacks 90s2000s (Smooth),10000,0,20000,0,262,"Forever
Forever
Forever

So you're having my baby
And it means so much to me
There's nothing more precious
Then to raise a family

If there's any doubt in your mind
You can count on me
I'll never let you down
Lady, believe in me

You and I
Will never fall apart
You and I
We knew right from the start, baby, baby

The days
We fell so far in love
Now our baby is born
Healthy and strong
Now our dreams are reality

Forever my lady
It's like a dream
I'm holding you close
You're keeping me warm
If this is ecstasy

Forever my lady
(Forever my lady)
I say just what I mean
Forever and ever
I pray is what I see
Yes, my baby

Can you picture, my lady?
This empty scene
There's no me or no you
What will we do?
An awful sight to me

If I ever lose you
Tell me where would I go
Life would have no meaning
And I pray that you
Would always stay with me

You and I
Will never fall apart
You and I
We knew right from the start
Baby, baby

The days
We fell so far in love
Now our baby is born
Healthy and strong
Now our dreams are reality

Forever my lady
It's like a dream
I'm holding you close
You're keeping me warm
If this is ecstasy

Forever my lady
(Forever my lady)
I say just what I mean
Forever and ever
I pray is what I see
Yes, my baby

You and I
Will never fall apart
You and I
We knew right from the start
Baby, baby

The days
We fell so far in love
Now our baby is born
Healthy and strong
Now our dreams are reality

Forever my lady
Yeah
Forever my lady
Whoa
Said I pray every night, baby

Forever my lady
And every day of the week
It's like a dream
Yeah

I'm holding you close
You keeping me warm",1991,1.0,5:20
Justin Timberlake - What Goes Around..._...Comes Around (Interlude) [FutureSex_LoveSounds Deluxe Edition],Z:/Throwbacks 90s2000s/Justin Timberlake - What Goes Around..._...Comes Around (Interlude) [FutureSex_LoveSounds Deluxe Edition].mp3,,448601,Music,Throwbacks 90s2000s (Smooth),10000,0,20000,0,288,"Hey girl, is he everything you wanted in a man?
You know I gave you the world
You had me in the palm of your hand
So why your love went away
I just can't seem to understand
Thought it was me and you, baby
Me and you until the end
But I guess I was wrong, uh

Don't want to think about it (uh)
Don't want to talk about it (uh)
I'm just so sick about it
Can't believe it's ending this way
Just so confused about it (uh)
Feeling the blues about it (yeah)
I just can't do without ya
Tell me, is this fair?

Is this the way it's really going down?
Is this how we say goodbye?
Should've known better when you came around
That you were gonna make me cry
It's breaking my heart to watch you run around
'Cause I know that you're living a lie
But that's okay, baby, 'cause in time you will find

What goes around, goes around, goes around
Comes all the way back around
What goes around, goes around, goes around
Comes all the way back around
What goes around, goes around, goes around
Comes all the way back around
What goes around, goes around, goes around
Comes all the way back around, yeah

Now girl, I remember everything that you claimed
You said that you were moving on now (on now)
And maybe I should do the same (maybe I should do the same)
The funny thing about that is
I was ready to give you my name
Thought it was me and you, baby
And now, it's all just a shame
And I guess I was wrong, uh

Don't want to think about it (no)
Don't want to talk about it (hmm)
I'm just so sick about it
Can't believe it's ending this way
Just so confused about it (uh)
Feeling the blues about it (yeah)
I just can't do without ya
Can you tell me is this fair?

Is this the way it's really going down?
Is this how we say goodbye?
Should've known better when you came around
Should've known better that you were gonna make me cry
Now it's breaking my heart to watch you run around
'Cause I know that you're living a lie
That's okay, baby, 'cause in time you will find

What goes around, goes around, goes around
Comes all the way back around
What goes around, goes around, goes around
Comes all the way back around
What goes around, goes around, goes around
Comes all the way back around
What goes around, goes around, goes around
Comes all the way back around

What goes around comes around
Yeah
What goes around comes around
You should know that
What goes around comes around
Yeah
What goes around comes around
You should know that (yeah)

Don't want to think about it (no)
Don't want to talk about it (hmm)
I'm just so sick about it
Can't believe it's ending this way
Just so confused about it (uh)
Feeling the blues about it (yeah)
I just can't do without ya
Tell me is this fair?

Is this the way it's really going down?
Is this how we say goodbye? (Oh)
Should've known better when you came around
Should've known better that you were gonna make me cry
It's breaking my heart to watch you run around (now it's breakin' my heart)
'Cause I know that you're living a lie
But that's okay, baby, 'cause in time you will find

What goes around, goes around, goes around
Comes all the way back around
(What goes around, comes around, baby)
What goes around, goes around, goes around
Comes all the way back around
(What goes around, comes around, baby)
What goes around, goes around, goes around
Comes all the way back around
What goes around, goes around, goes around
Comes all the way back around, yeah

Yup
Yup
Let me paint this picture for you, baby
Yup

You spend your nights alone
And he never comes home
And every time you call him
All you get's a busy tone
I heard you found out
That he's doing to you
What you did to me
Ain't that the way it goes?

When you cheated, girl
My heart bleeded, girl
So it goes without saying that you left me feeling hurt
Just a classic case
A s-scenario
Tale as old as time
Girl, you got what you deserved

And now you want somebody (hey)
To cure the lonely nights (hey)
You wish you had somebody (hey)
That could come and make it right (hey)
But girl, I ain't somebody (hey)
With a lot of sympathy (hey)
You'll see, see

(What goes around comes back around)
I thought I told ya, hey
(What goes around comes back around)
I thought I told ya, hey
(What goes around comes back around)
I thought I told ya, hey
(What goes around comes back around)
I thought I told ya, hey
(Take it to 'em, hey)

(Take it to 'em, hey)
See
(Hey, hey, hey, hey)
You should have listened to me, baby
(Take it to 'em, hey)
(Hey, hey, hey, hey, hey, hey)
(Take it to 'em, hey)
(Hey, hey, hey, hey, hey)
Because
(What goes around comes back around)",2006,1.0,7:28
Aaliyah - One In A Million [One In A Million],Z:/Throwbacks 90s2000s/Aaliyah - One In A Million [One In A Million].mp3,,270811,Music,Throwbacks 90s2000s (Smooth),10000,0,20000,0,266,"Love it babe.

Baby you don't know, what you do to me.
Between me and you, I feel a chemistry.
I won't let no one come and take your place.
'Cause the love you give can't be replaced.
See no one else love me like you do.
That's why I don't mind to spend my life with you.
I wanna please you in anyway I can.
I wanna share my world don't you understand.

Your love is a one in a million
It goes on and on and on
You give me a really good feeling all day long.
Your love is a one in a million
It goes on and on and on
You give me a really good feeling all day long.

Turn me inside out make my heart speak.
Need no one else you're all I need.
Personality in everything you do
Makes me love everything 'bout you.
Your smile your style is so fly I can't deny
I got a crush on you and that's true indeed.
And I'm digging you you make me believe

That your love is a one in a million
It goes on and on and on
You give me a really good feeling all day long.
Your love is a one in a million
It goes on and on and on
You give me a really good feeling all day long.

I'll give you anything you want from me
Anything you want anything you need
Anything your soul desires
I'll give you anything you want from me
Anything you want anything you need
Anything your soul desires
Anything 'cause

Your love is a one in a million
It goes on and on and on
You give me a really good feeling all day long.
Your love is a one in a million
It goes on and on and on
You give me a really good feeling all day long.

Your love is a one in a million
It goes on and on and on
You give me a really good feeling all day long.
Your love is a one in a million
It goes on and on and on
You give me a really good feeling all day long.

Love it babe.",1996,1.0,4:30
Silk - Lose Control [Lose Control],Z:/Throwbacks 90s2000s/Silk - Lose Control [Lose Control].mp3,,314906,Music,Throwbacks 90s2000s (Smooth),10000,0,20000,0,256,"(Ooh, ooh)

I'm sorry
I never meant to hurt you baby, oh (ooh, ooh)
I really didn't
I'm so sorry
I just want you to sit down
Just a minute, let me talk to you (ooh, ooh)

Last night, we had an argument
You told me you love me
All the things that I said, I never meant, no baby
I didn't mean to make you cry
I didn't mean to make you say, ""Bye, bye, bye""

Baby, won't you let me look inside your soul?
Oh my baby, yeah
Let me make you lose control (let me make you lose control)
Let me be the one you need (I want to be the one for you, girl)
Baby, just come to me (just come on, on)

Now tell me girl, what you want from me
Whatever it is you desire
I wanna give, my baby
I wanna feel your body yearn
All your softest spots, I plan to learn

Baby, won't you let me just kiss you down? (Let me kiss you down, baby)
Make you spin around and around (make you spin around and around)
Flip you girl from left to right (if you don't mind)
If you don't mind, baby, can I just spend the night?
Won't you please let me play with you?

I know what I'm talking about, baby
I never meant to hurt you
I never wanted to see you cry
So I'm right here now, baby
I'm askin' you
I'm beggin', just give me one more chance, baby

Baby, won't you let me just kiss you down?
(Let me kiss you all over your sweet body, babe)
Make you spin around and around (I wanna make you)
(I wanna make you lose control)
Flip you girl from left to right (I'll flip you girl, if you don't mind)
If you don't mind, baby, can I just spend the night?

Baby, yeah, let me turn you on
Can I turn you on, can I turn you on? (Oh, let me turn you on)
'Til the break of dawn, baby
Ooh, let me turn you on (can I turn you on, can I turn you on?)
My, my, my, my, my, my
('Til the break of dawn, baby)
Don't you know, don't you know, sometimes all you can say is
Ooh

I love you, baby
I love you, baby, yes I do
I'll never let you go
I'll never hurt you",1992,1.0,5:14
Sade - Cherish the Day [Love Deluxe],Z:/Throwbacks 90s2000s/Sade - Cherish the Day [Love Deluxe].mp3,,332199,Music,Throwbacks 90s2000s (Smooth),10000,0,20000,0,255,"You're ruling the way that I move
And I breathe your air
You only can rescue me
This is my prayer

If you were mine
If you were mine
I wouldn't want to go to heaven

I cherish the day
I won't go astray
I won't be afraid
You won't catch me running
You're ruling the way that I move
You take my air
You show me how deep love can be

You're ruling the way that I move
And I breathe your air
You only can rescue me
This is my prayer

I cherish the day
I won't go astray
I won't be afraid
You won't catch me running
Uh

I cherish the day
I won't go astray
I won't be afraid
Won't run away

You show me how deep love can be
You show me how deep love can be
This is my prayer

I cherish the day
I won't go astray
I won't be afraid
Won't run away
Won't shy

I cherish the day
I won't go astray

I cherish the day
I cherish the day
I cherish the day
I cherish the day
I cherish the day",1992,1.0,5:32
Kelis - Bossy Featuring Too $hort (Main Version) (feat. Too $hort) [Kelis Was Here],Z:/Throwbacks 90s2000s/Kelis - Bossy Featuring Too $hort (Main Version) (feat. Too $hort) [Kelis Was Here].mp3,,274991,Music,Throwbacks 90s2000s (Smooth),10000,0,20000,0,267,"Aye Yo...
You don't have to love me...
You don't even have to like me...
But you will respect me...

You know why cause I'm a boss

You know, it's a hard pill to swallow
When they tell you you strange
You ain't hot
Then in the blink of an eye
They got on what you got
That means I'm a boss!

Uh uh... watch the beat go...
Uh uh... watch the beat go...
Uh uh... watch the beat go...
Uh uh... watch that beat go...

I'm bossy
I'm the first girl to scream on a track
I switched up the beat of the drum
That's right I brought all the boys to the yard
And that's right, I'm the one that's tattooed on his arm
I'm bossy
I'm the chick y'all love to hate
I'm the chick that's raised the stakes
I told John Sterling he should switch debate
I'm back with an 808 cause I'm bossy

Ooh lemme slow it down so ya can catch the flow
Screw it up make it go extra slow
Real girls get down on the flow
(On the flow get down, on the flow)
Ooh I gave you a taste you want some more
Touch down I got on it like a pro
I ride the beat like a bicycle, I'm icy cold
Ooh from the 6-4 hoppers up in Crenshaw
The money makin' playas up in Harlem
Don't want no problems
We gonna keep it pumpin while the 808 is jumpin'

Diamonds on my neck, diamonds on my grill
Diamonds on my neck, diamonds on my grill

I'm bossy
I'm the first girl to scream on a track
I switched up the beat of the drum
That's right I brought all the boys to the yard
And that's right, I'm the one that's tattooed on his arm
I'm bossy
I'm the chick y'all love to hate
I'm the chick that's raised the stakes
I told john sterling he should switch debate
I'm back with an 808 'cause I'm bossy

Ooh (I bet I bet I bet)
I betcha never heard it like this before
My baby be closin' them phantom doors
Got the bar poppin' this that you can't afford (can't afford)
Ooh I'm drinkin blastin the crowds it's all smokin'
All the while I'm all open
Me and my girls we stay fly and we love to stay high
Ooh from the 6-4 hoppers up in Crenshaw
To the money makin' playas up in Harlem
Don't want no problems
We gon' keep it pumpin while the 808 is jumpin'

Diamonds on my neck, diamonds on my grill
Diamonds on my neck, diamonds on my grill

I'm bossy
I'm the first girl to scream on a track
I switched up the beat of the drum
That's right I brought all the boys to the yard
And that's right I'm the one that's tattooed on his arm
I'm bossy
I'm the chick ya'll love to hate
I'm the chick that's raised the stake
I told young stunna he should switch debate
I'm back with an 808 cause I'm bossy

It's bout time that she get with me
Can't stop starin', she's fine and she's pretty
Damn girl, don't hurt em
If niggas don't back back, you gon' work em
Put your mack down, I know your background
Whatchu want girl, you gettin' mad now
That's how you do it, huh?
Well I'm the coolest one
In fact, bitches in the back bring 'em to the front, bitch!
Tell that man you's a boss bitch
Make some noise, raise your hand if you's a boss bitch
I don't think he understand you's a boss bitch
Get some help if you can cause he lost it
Ain't no refunds, she spent the cash mayne
In your Benz with her friends in the fast lane
Flossin, you say ""How much it cost me?""
About a million dollars playa, she's bossy

I'm bossy
I'm the first girl to scream on a track
I switched up the beat of the drum
That's right I brought all the boys to the yard
And that's right I'm the one that's tattooed on his arm
I'm bossy
I'm the chick y'all love to hate
I'm the chick that's raised the stake
I told John Sterling he should switch debate
I'm back with an 808 cause I'm bossy

Uh uh... watch the beat go...
Uh uh... watch the beat go...
Uh uh... watch the beat go...
Uh uh... watch the beat go...
Uh uh... watch the beat go...
Uh uh... watch the beat go...
Uh uh... watch the beat go...
Uh uh... watch the beat go...
Uh uh...",2006,1.0,4:34
Common - Come Close (feat. Mary J. Blige) [Electric Circus],Z:/Throwbacks 90s2000s/Common - Come Close (feat. Mary J. Blige) [Electric Circus].mp3,,275122,Music,Throwbacks 90s2000s (Smooth),10000,0,20000,0,270,"It's just a fly love song, what
Are we living in a dream world?
Are your eyes still green girl?
I know your sick and tired of arguing
But you can't keep it bottled in
Jealousy, we got to swallow it
Your heart and mind baby follow it
Smile, happiness you could model it
And when you feel opposite
I just want you to know
Your whole being is beautiful
I'm going to do the best I can do
Cause I'm the best when I'm with you

Come close to me baby
Let your love hold you
I know this world is crazy
What's it without you

Put down your bags love
I know in the past love
Has been sort of hard in you
But I see the God in you
I just want to nurture it
Though this love may hurt a bit
We dealing wit this water love
You even give my daughter love
I want to build a tribe wit you
Protect and provide for you
Truth is I can't hide from you
The pimp in me
May have to die with you

Come close to me baby
Let your love hold you
I know this world is crazy
What's it without you

I know what you're thinking, you're on my mind
You're right, you're right, you're right
You promise so fast you just might take flight
Hope your not tired, tonight, tonight
You help me to discovery me
I just want you to put trust in me
I kind of laugh when you cuss at me
The aftermath is you touching me
It's destiny to we connected girl
You and I we can affect the world
I'm tired of the fast lane
I want you to have my last name

Come close to me baby
Let your love hold you
I know this world is crazy
What's it without you

I know what you're thinking, you're on my mind
You're right, you're right, you're right
You promise so fast you just might take flight
Hope your not tired, tonight, tonight",2002,1.0,4:35
Nelly Furtado - Promiscuous (feat. Timbaland) [Loose],Z:/Throwbacks 90s2000s/Nelly Furtado - Promiscuous (feat. Timbaland) [Loose].mp3,,242338,Music,Throwbacks 90s2000s (Smooth),10000,0,20000,0,276,"Am I throwin' you off?
Nope
Didn't think so

How you doin', young lady?
That feeling that you giving really drives me crazy
You dope, have a player 'bout to choke
I was at a loss for words first time that we spoke
You lookin' for a girl that'll treat you right?
How you lookin' for her in the daytime with the light?
You might be the type if I play my cards right
I'll find out by the end of the night
You expect me to just let you hit it?
But will you still respect me if you get it?
All I can do is try, gimme one chance
What's the problem? I don't see no ring on your hand
I'll be the first to admit it
I'm curious about you, you seem so innocent
You wanna get in my world, get lost in it?
Boy, I'm tired of runnin', let's walk for a minute

Promiscuous girl, wherever you are
I'm all alone, and it's you that I want
Promiscuous boy, you already know
That I'm all yours, what you waiting for?
Promiscuous girl, you're teasin' me
You know what I want, and I got what you need
Promiscuous boy, let's get to the point
'Cause we're on a roll, you ready?

Roses are red, some diamonds are blue
Chivalry is dead, but you're still kinda cute
Hey, I can't keep my mind off you
Where you at? Do you mind if I come through?
I'm out of this world, come with me to my planet
Get you on my level, do you think that you can handle it?
They call me Thomas, last name Crown
Recognize game, I'ma lay mine's down
I'm a big girl, I can handle myself
But if I get lonely, I'ma need your help
Pay attention to me, I don't talk for my health
I want you on my team
So does everybody else
Shh, baby, we can keep it on the low
Let your guard down, ain't nobody gotta know
If you with it, girl, I know a place we can go
What kind of girl do you take me for?

Promiscuous girl, wherever you are
I'm all alone, and it's you that I want
Promiscuous boy, you already know
That I'm all yours, what you waiting for?
Promiscuous girl, you're teasin' me
You know what I want, and I got what you need
Promiscuous boy, let's get to the point
'Cause we're on a roll, you ready?

Don't be mad, don't get mean
Don't get mad, don't be mean
Hey, don't be mad, don't get mean
Don't get mad, don't be mean

Wait, I don't mean no harm
I can see you with my T-shirt on
I can see you with nothin' on
Feelin' on me before you bring that on
Bring that on?
You know what I mean
Girl, I'm a freak, you shouldn't say those things
I'm only trying to get inside of your brain
To see if you can work me the way you say
It's okay, it's alright
I got something that you gon' like
Hey, is that the truth or are you talking trash?
Is your game M.V.P like Steve Nash?

Promiscuous girl, wherever you are
I'm all alone, and it's you that I want
Promiscuous boy, I'm callin' ya name
But you're drivin' me crazy the way you're makin' me wait
Promiscuous girl, you're teasin' me
You know what I want, and I got what you need
Promiscuous boy, we're one in the same
So we don't gotta play games no more",2006,1.0,4:02
Luther Vandross - Here and Now [Love Songs],Z:/Throwbacks 90s2000s/Luther Vandross - Here and Now [Love Songs].mp3,,322038,Music,Throwbacks 90s2000s (Smooth),10000,0,20000,0,241,"One look in your eyes and there I see
Just what you mean to me
Here in my heart I believe
Your love is all I'll ever need
Holdin' you close through the night
I need you, yeah

I look in your eyes and there I see
What happiness really means
The love that we share makes life so sweet
Together we'll always be
This pledge of love feels so right
And, ooh, I need you

Here and now
I promise to love faithfully
(Faithfully)
You're all I need
Here and now
I vow to be one with thee
(You and me)
Your love is all (I need) I need
Say, yeah, yeah

When I look in your eyes, there I see
All that a love should really be
And I need you more and more each day
Nothin' can take your love away
More than I dare to dream, I need you

Here and now
I promise to love faithfully
(Faithfully)
You're all I need
Here and now
I vow to be one with thee
(You and me) Yeah
Your love is all I need

Starting here (oh and I'm)
Starting now (I believe)
I believe in love (I believe)
Starting here (I'm starting right here)
Starting now (right now because I believe in your love)
I am so in love (so I'm glad to take the vow, here and now)

Here and now (oh)
I promise to love faithfully
(Faithfully)
You're all I need
Here and now, yeah
I vow to be one with thee
(You and me)
Your love is all (I need) I need
I-I

Love is all I need
Love is all I need",2002,1.0,5:22
Luther Vandross - Dance With My Father [Dance With My Father],Z:/Throwbacks 90s2000s/Luther Vandross - Dance With My Father [Dance With My Father].mp3,,266057,Music,Throwbacks 90s2000s (Smooth),10000,0,20000,0,251,"Back when, I was a child
Before life removed
All the innocence
My father, would lift me up
And dance with
My mother
And me and then, uh
Spin me around
Til I fell asleep
Then up the stairs
He would carry me
And I knew for sure
I was loved

If I could get
Another chance
Another walk
Another dance with him
I'd play a song
That would never
Ever end
How I'd love, love, love
To dance with
My father again

Ooooh

When I my mother
Would disagree
To get my way
I would run
From, her to him
He'd make me laugh
Just to comfort me
Then finally
Make me do
Just what my, mama said
Later that when I was asleep
He left a dollar
Under my sheet
Never, dreamed
That he
Would be
Gone from me

If I could steal
One final glance
One final step
One final
Dance with him
I'd play a song
That would
Never, ever end
How I'd, love, love, love
To dance with
My father, again

Sometimes, I'd listen
Outside her door
And I'd here
How mama
Would cry for him
I'd pray for her
Even more than me
I'd, pray for her
Even more than me

Ooooh, ooh
Ooh, ooooh

I know
I'm praying
For much, to much
But could
You send back
The only man
She loved
I know you don't
Do it usually
But dear Lord
She's dyin
To dance
With my father
Again
Every night
I fall asleep
And this is all
I ever dream",2003,1.0,4:26
Dru Hill - Tell Me [Dru Hill],Z:/Throwbacks 90s2000s/Dru Hill - Tell Me [Dru Hill].mp3,,252578,Music,Throwbacks 90s2000s (Smooth),10000,0,20000,0,251,"Tell me what you want
Tell me what you need
Tell me if it ain't good enough for you, baby
Tell me
Tell me what you want
Tell me what you need (tell me, babe)
Tell me if it ain't good enough for you baby (listen, baby)
Tell me

Anything is possible
Anytime you want it, girl, let me know
Won't ask why, just let it flow
Do your thang, baby, take control
On my knees, just say the word
No request is gonna go unheard
I'll take my time when I'm lovin' you
Foreplay at one, won't end 'til two

Tell me what you want (tell me, baby)
Tell me what you need (tell me, baby)
Tell me if it ain't good enough for you, baby (oh, tell me, baby)
Tell me (let me know)
Tell me what you want (tell me, baby)
Tell me what you need (tell me, baby)
Tell me if it ain't good enough for you, baby (oh, tell me, baby)
Tell me (Sisqo)

Candelights, we're alone
I'm up in your mix if you put me on
Talk to me, I'll understand
Your need to feel a gentle hand
Now, girl, it's not my style, I cannot lie
You know I like to serve it on the freaky side (is that what you like?)
What you want, I can't ignore
So tell me what you're looking for, yeah

Tell me what you want
Tell me what you need
Tell me if it ain't good enough for you, baby (won't you tell me)
Tell me
Tell me what you want
Tell me what you need (maybe it's the clothes you wear, Versace, I don't know)
Tell me if it ain't good enough for you, baby (and you know, you know)
Tell me (when I lay you down)

When I lay you down I can hear your body speak
Tellin' me to kiss you 'til your knees get weak
All night (all night)
Workin' that, workin' that, workin' that body, baby (in the bedroom, baby)
In the bed or the middle of the floor, baby (the middle of the floor, baby)
My love is guaranteed to make you go crazy
Tell me gir (said I don't see nothin' wrong)
Girl, please tell me (with loving you all night long)

Tell me what you want
Tell me what you need
Tell me if it ain't good enough for you, baby
Tell me
Tell me what you want
Tell me what you need
Tell me if it ain't good enough for you, baby
Tell me

Tell me what you want (just do it, baby)
I'll do anything (tell me what you need)
Tell me what you want (tell if it ain't good enough for you, baby)
Tell me what you want (tell me what you want)
I'll do anything (tell me what you need, baby)
Tell me what you want (tell me what you want, baby, baby, baby)",1996,1.0,4:12
Mary J. Blige - Sweet Thing [What's The 411_],Z:/Throwbacks 90s2000s/Mary J. Blige - Sweet Thing [What's The 411_].mp3,,225384,Music,Throwbacks 90s2000s (Smooth),10000,0,20000,0,261,"I will love you anyway
Even if you cannot stay
I think you are the one for me
Here is where you want to be

I just want to satisfy you
'Cause you're not mine and I can't deny it
Don't you hear me talkin', baby
Love me now or I'll go crazy

Whoa, sweet thing
Don't you know you're my everything
Whoa, sweet thing
Don't you know you're my everything, yes, you are

I wish you were my lover
But you act so undercover
Love you child my whole life long
It's be right or be wrong

I'm only what you make me, baby
Don't walk away, don't be so shady
Don't want your mind, don't want your money
These words I say they may sound funny, but

Whoa, sweet thing
Don't you know you're my everything
Whoa, sweet thing
Don't you know you're my everything, yes, you are

Yes, you are, baby, hey

You are my heat, you are my fire
You make me weak with soft desire
Love you child my whole life long
It's be right or be wrong

And I just want to satisfy ya
'Cause you're not mine, I can't deny it
Don't ya hear me talking, baby
Love me now or I'll go crazy

You're my heat, you are my fire (You are my fire)
You're not mine, can't deny it (I can't deny it)
Don't you hear me talking, baby
Love me now or I'll go crazy (I'll go crazy)

You're my heat, you are my fire (You're my fire)
You're not mine, can't deny it (Can't deny)
Don't you hear me talking, baby
Love me now or I'll go crazy (Hey)

You're my heat, you are my fire (You're my fire)
You're not mine, can't deny it
('Cause you're my sweet thing)
Don't you hear me talkin' baby (Sweet thing, c'mon)
Love me now or I'll go crazy

You're my heat, you are my fire (Hey)
You're not mine, can't deny it
Don't you hear me talking, baby (Yeah, yeah, yeah)
Love me now or I'll go crazy (Talk to me, talk to me, baby)

C'mon, 'cause you're my sweet thing
I don't care what you do to me
Oh, no, no no, no, no, you're mine, oh, mine",1992,1.0,3:45
Aaliyah - More Than A Woman [Aaliyah],Z:/Throwbacks 90s2000s/Aaliyah - More Than A Woman [Aaliyah].mp3,,229930,Music,Throwbacks 90s2000s (Smooth),10000,0,20000,0,278,"Passion, instant
Sweat beads, feel me
Cupid's shot me
My heartbeat's racing
Tempt me (tempt me), drive me (drive me)
Feels so exciting
Thought of highly
It's yours entirely

I'll be, I'll be more than a lover
More than a woman, more than your other
I'll be, I'll be more than a lover
More than a woman, more than enough for you
I'll be, I-I'll be more than a lover
More than a woman, even more under covers
I'll be more, I'll be more than a lover
More than a woman, more than enough for you

Midnight grindin'
Heart rate's climbin'
You go (you go), I go
'Cause we share (we share) pillows (pillows)
Chase me, leave me
There's still no separating
Morning massages with new bones in your closet

I'll be, I'll be more than a lover
More than a woman, more than your other
I said I'll be, I'll be more than a lover
More than a woman, more than enough for you
I'll be more, I-I'll be more than a lover (more)
More than a woman, even more under covers
I'm gonna be more, I'll be more than a lover (yeah)
More than a woman, more than enough for you

I don't think you're ready
I don't think you're ready for this thing
For this thing
I don't think you're ready for this thing
You're not ready (no, no)
I don't think you're ready for this thing
This thing, this thing
I don't think you're ready for this thing

Constant pleasures
No scale can measure
Secret treasures
Keeps on getting better (yeah)
Do you wanna roll with me?
We can go to foreign lands, your hand in my hand
Do you wanna ride with me?
We can be like Bonnie & Clyde, be by your side

I'll be more than a lover
More than a woman, more than your other
I'll be more than a lover
More than a woman, more than enough for you
I-I'll be more than a lover
More than a woman, even more under covers
I'll be more than a lover
More than a woman, more than enough for you",2001,1.0,3:49
Floetry - Topic - Hey You,Z:/Throwbacks 90s2000s/Floetry - Topic - Hey You.mp3,,304039,Music,Throwbacks 90s2000s (Smooth),10000,0,20000,0,252,"Remember how you used to ummm,
You used to phone up and (oohhh)
You just say hey you.You know, I
See you on my blank sheet before I
Write or form oracle this situation yo,
My memories choke me and stain my
Pillow as my voice become hollow as
I trace tear lines around this space
That won't fill yo I feel nothing but
This way and the emptiness stays
And its cluttered witha silence that
Teases me it leads me on like it's
Gonna say, like it's gonna say...

(Chorus:)
Hey you, I'm Sorry that I have to leave
I'll try to come back oohhh.
Hey you I'm sorry that I have to leave
I'll try to come back one day.

You know yesterday I stood outside
In the rain in an attempt to dissolve
Away or just disappear or be gone be
Back or be just. I try to see the point
But I only see the pain. My dreams cry
When they're slain I regain consciousness
To blurry vision I try to listen out for whispers of...

(Chorus:)
Hey you, I'm sorry that I have to leave
I'll try to come back
Oohhh.
Hey you, I'm sorry that I have to leave
I'll try to comeback one day.

Rain drops disguise my tears have gone.
I want you to be here with me to stand by me.
See I can't help to be selfish baby
'Cause I don't want to be alone.

(Chorus:)
Hey you, I'm sorry that I have to leave.
I'll try to come back, oohhh.
Hey you, I'm sorry that I have to leave.
I'll try to come back one day.

Did I leave you behind or did you let me go?
All I know is you're not here to say to me
Those special words. (Hey You) Time was
Once on our side but now it's against us.
It parts us and we're not always (saints?)

(Chorus:)
Hey you, I'm sorry that I have ot leave.
I'll try to come back oohhh.
Hey You, I'm sorry that I have to leave.
I'll try to back one day.",2002,1.0,5:04
Lucy Pearl - Topic - Dance Tonight,Z:/Throwbacks 90s2000s/Lucy Pearl - Topic - Dance Tonight.mp3,,174315,Music,New School 2010+ (Smooth),10000,0,20000,0,241,"Yes lord, yeah

Tried to tell niggas, in 2012, nigga
Working hand to hand and no avail
Volume one was too heavy for you frail niggas
So I got leaned like codeine and pills
It's the visionary, in the vintage Chevy
It's been a while but wow you still care
Free Nash 'til they pass out obituaries
In bold caps, ""your bitch-ass was not there""
And I can do anything but move backwards
The hardest thing is to keep from being distracted
My big sister still claiming me on them taxes
Tell Uncle Sam I just need a second to add this
Gave my momma ten racks
And she packed and went to Chumash with it
Quadruple the worth and give me half of it
Half of it I took in the back of the air mattress
A quarter stash was stashed in a box with the Air Maxes
The rest got lost in Saks with my wifey, no BM
Whack niggas dropping links in my DM
Bad bitches up and down a nigga TL
I'm glad that you finally made it to the future but you're late
And the price is through the muthafuckin' roof
If you want you could wait outside the building
I ain't takin' no more meetings

Stepped in the waters
The water was cold
Chilled my body
But not in my soul

I bring you greetings from the first church of Boom Baptists
United Fellowship of Free Nationals
Residing pastor is thy .Paak
And the first lady is a bad bitch
With slanted eyelids and thick ass
Sunglasses, Martin Luther King fan for you bitch niggas
Sweating on my Patent Leathers
Pressure turned their feather weight into a Cinderella
I ain't seen the ground in days since I grew propellers
We'll do one better
Word to the liquor that killed my grandpa liver
I know you finally look proud, a nigga smiling
To every hundred niggas that came and gone missing
Only a handful will go the distance
I swear I seen this shit coming as if I was living up under the plumbing
While niggas was riffing and mumbling 'bout, what they could do
I was cooking gumbo whipping the voodoo
I was in the jungle running with Zulu's
We was looking past the struggle while life was moving so fast
You had to be sharp as a Ginsu
To the top of the food group
Doing what I want and how I should too

Stepped in the waters
The water was cold
Chilled my body
But it didn't touch my soul
Stepped in the waters
The water was cold
Chilled my body
But it didn't touch my soul

Ladies in gentlemen, the most fantastic day in history
Would you boys mind explaining the cause
Of what made this great park go underneath this hood
Take a look at this",2016,1.0,2:54
Keith Sweat - I'll Give All My Love to You [I'll Give All My Love to You],Z:/Throwbacks 90s2000s/Keith Sweat - I'll Give All My Love to You [I'll Give All My Love to You].mp3,,392255,Music,Throwbacks 90s2000s (Smooth),10000,0,20000,0,248,"Oh baby baby baby oh
My, my, my baby yeah
Oh I love ya baby
Oh yes I yes I do girl

I love you in the night
I'm gon' take it real real slow, my baby
I understand what you told me
And if I didn't know
I always wanted someone just like you
I really need to hold on, hold you
I'd give the world to you, oh my darlin'
You know I will
Yeah yeah you know I will
I surely will

I will never do anything to hurt you (wouldn't do one single thing to you babe)
I'll give all my love to you
(I'm gonna give you every bit of my love, my love)
And if you need me, baby, I'll come runnin' (yes I will)
Only to you (yes my baby yes I will)

Why don't we just lay down baby
And hold each other real real close
'Cause I, I don't wanna rush you, baby, no, no, no
If time, If time is what you need the most
I always wanted to love, love you
You give me all my dreams come true
I want to love you, love you tonight oh, my darlin'
Yes I do
Yeah, yeah, yeah

I will never do anything to hurt you
(I would never do one little thing to you baby)
I'll give all my love to you
(And I'm gonna give you every bit of my love tonight girl)
And if you need me, baby, I'll come runnin'
Only to you, only to you baby, oh, oh, oh

Girl I've been longing for you baby for a long long time
Girl, let's make love tonight
I can make it feel real good baby
I can make it feel real good baby
Sometimes, sometimes I get a little lonely, baby (I get so lonely baby)
And I need a little love that I can call all mine (I need some lovin')
So, you are the one for me, babe
I know that you are the one for me, babe
Yeah, yeah, yeah, yeah, yeah oh

I will never do anything to hurt you
(I would never, never do one little thing to hurt you)
I'll give all my love to you
(I give you every single bit of my love girl)
And if you need me, baby, I'll come runnin' only to you
All you got to do baby
When you need somebody pick up the phone
I'll be there, I'll be right there
I will never do anything to hurt you
Oh baby baby baby
I'll give all my love to you
Understand, understand what I'm saying to you baby
And if you need me, baby, I'll come runnin'
Only to you baby, only to you baby, only to you baby (I'll never hurt you)
I will never do anything to hurt you
I'll give all my love to you
And if you need me, baby, I'll come runnin' only to you

Yeah",1990,1.0,6:32
avantmusic - Read Your Mind,Z:/Throwbacks 90s2000s/avantmusic - Read Your Mind.mp3,,263549,Music,Throwbacks 90s2000s (Smooth),10000,0,20000,0,239,"Yes, don't close the door
Listen, I've been waitin' to tell you this
You are, more than a man could ever want
Wait a minute, just let me there, listen

I stepped in a club in your hood
I slowly turned left and there you stood
You and your friends talkin'
But then our eyes connect and moved in

It was just like 2 ways on beam
I'm your king, be my queen
And what did you wanna do tonight?
My truck is parked out front, so let's ride

I can read your mind, babe
(Ohh)
I know what you're thinkin'
(I know what you're thinkin', baby)
It's alright
(With me, baby)
It's alright, yes
(Ohh yeah)
I can read your mind, babe
(I can)
I know what you're thinkin'
(I know what you're thinkin', baby)
It's alright
(With me, yeah yeah)
It's alright, yes

So baby take a ride with me
And I'll fulfill all your fantasies
And when the rain starts pourin' down
Then all the love that's lost will be found

I'll make your mind loose control
Over your body that's my goal
So baby just come down here
Just let the gravity pull you near

I can read your mind, babe
(I can)
I know what you're thinkin'
(I know what you're thinkin')
It's alright
(Can you feel me? Yeah)
It's alright, yes
(Ooh, baby)

I can read your mind, babe
(Just me and you right now)
I know what you're thinkin'
(I got an idea, babe)
It's alright
(Oh yeah)
It's alright, yes

I know you wanna rub
(Rub)
I know you wanna touch
(Touch)
I know you wanna feel
(Feel)
So, baby keep it real

I know you wanna see
(See)
I know you wanna be
(Be)
In my B E D
Grindin' slowly

I know you wanna rub
(Rub)
I know you wanna touch
(Touch)
I know you wanna feel
(Feel)
So baby keep it real

I know you wanna see
(See)
I know you wanna be
(Be)
In my B E D
Grindin' slowly

I can read your mind, babe
(I can read it)
I know what you're thinkin'
(And I know)
It's alright
(You see, I know, what you know)
It's alright, yeah
(I can feel it too, baby)

I can read your mind, babe
(Just me and you, yeah)
I know what you're thinkin'
(I know, yeah)
It's alright
(Oh, oh yeah)
It's alright, yes

I wanna love baby
(That's what I wanna do to you)
I wanna feel you
(If you come, if you come)
I wanna love baby
(Oh yeah)
I wanna feel you
(I wanna feel you, girl)

I wanna love baby
(Come on and go with me)
(I want you to stay with me)
I wanna feel you
('Cause it's alright with me)
I wanna love baby
(Listen baby, I wanna go with you)
(I want you to stay with me)",2003,1.0,4:23
"Mtume - You, Me And He [You, Me And He]","Z:/Throwbacks 90s2000s/Mtume - You, Me And He [You, Me And He].mp3",,267285,Music,Throwbacks 90s2000s (Smooth),10000,0,20000,0,251,"There's something I wanna say, try and understand
There's another in my life
He's my lover, and I'm your wife

You, me and he, what we gonna do, baby?
You, me and he, what we gonna do, baby?

I was too blind, blind to see
I never thought, never thought it could happen to me
Then I knew (yeah) things had changed
'Cause when we made love, you called out his name

So much tension
'Cause we're living a lie, by and by, whoa, whoa, whoa
Not to mention
Can we give it a try?

The truths so, so very hard to say, ooh baby
This pain I feel, grows each day
Can we find a way?

So much tension
'Cause were living a lie, by and by, whoa, whoa, whoa
Not to mention
Can we give it a try?

You, me and he, what we gonna do, baby?
You, me and he, what we gonna do, baby?
I don't wanna let you go
No, no, no, no

You, me and he, what we gonna do, baby?
You, me and he, what we gonna do, baby",1995,1.0,4:27
Mint Condition - Breakin' My Heart (Pretty Brown Eyes) [Meant To Be Mint],Z:/Throwbacks 90s2000s/Mint Condition - Breakin' My Heart (Pretty Brown Eyes) [Meant To Be Mint].mp3,,357016,Music,Throwbacks 90s2000s (Smooth),10000,0,20000,0,263,"Pretty
Brown
Eyes

Pretty brown eyes, you know I see you
It's a disguise, the way you treat me
(The way you treat me, pretty brown eyes)
You keep holding on to your thoughts of rejection
If you're with me, you're secured

You keep telling me that your time is always taken
But I keep seeing you out alone
(Out alone, pretty brown eyes) yeah
Listen to love, your heart is pounding with desire
Waiting to be unleashed

Quit breakin' my heart
Breakin' my heart (pretty brown eyes)
Yeah, breakin' my heart, oh, yeah
Breakin' my heart (pretty brown eyes)
Sugar, yeah, yeah

Don't tell your friends
That I don't mean nothing to you
Please, don't deny the truth
(Pretty brown eyes)
Tell me right now, I know your heart is in the right place
You know I won't let you down, oh, yeah, yeah

You can't disguise all the pounding of your heart, yeah
(I see your eyes) I see your eyes
(Pretty brown eyes) and you can't hide
Start to make sense and quit playing
These love games (silly little games)
Tell me what you're gonna do, yeah

Quit breakin' my heart
Breakin' my heart (pretty brown eyes)
Yeah, breakin' my heart, oh
Breakin' my heart, yeah (pretty brown eyes)

(Pretty brown eyes)

(Pretty brown eyes)

I just want to know one thing
Will you be with me?
(Pretty brown eyes)
Ooh, ooh, ooh, oh, oh
Here comes my darlin' (here comes my darlin')
Here comes romance (here comes romance)
Here comes my lovin' (here comes my lovin', please, honey will you dance)

Quit breakin' my heart
Breakin' my heart (pretty brown eyes)
Breakin' my heart, yeah
Breakin' my heart, whoa

(Heart) breakin' my heart, girl (pretty brown eyes)
Got me cryin' all inside (pretty brown eyes)
Ohh, ho, ho, ooh, I'm talking 'bout
(Breakin' my heart) I'm talkin' 'bout you
I'm talkin' 'bout me, I'm talkin' 'bout me
I'm talkin' 'bout we, I'm talkin' 'bout we, we (pretty brown eyes)

Here comes my darlin' (here comes my darlin')
Here comes romance (here comes romance)
Here comes my lovin', will you dance (here comes my lovin', please, honey will you dance)
Oh yeah, sugar pie, baby
Breakin' my heart

Here comes my darlin' (here comes my darlin')
Here comes romance (here comes romance)
Will you dance (here comes my lovin', please, honey will you dance)
Oh, hoo, ohh, yeah (pretty brown eyes)
Heart, breakin' my heart (pretty brown eyes)
Breakin' my heart (pretty brown eyes)
Breakin' my heart, breakin' my heart",1991,1.0,5:57
Mary J. Blige - Love No Limit [What's The 411_],Z:/Throwbacks 90s2000s/Mary J. Blige - Love No Limit [What's The 411_].mp3,,299677,Music,Throwbacks 90s2000s (Smooth),10000,0,20000,0,260,"Baby, there's no need to tell ya
As far as I can clearly recall
My love has been here for you
So you don't have to worry at all
I'll sacrifice my time
I'll make sure you're satisfied
And it's no hard thing to the joy I bring
I wanna give you all my love
Loving you (that's all I wanna do)
Every day (and every hour, baby)
Don't you look no more
Love without a limit (my love is yours)
Loving you (that's all I wanna do)
Every day (and every hour, baby)
Don't you look no more
Love without a limit (my love is yours)
Baby, I'm in need of your love
And you got that touch
That I need so much
And I am about to explode
Freely, completely
Everything you want I'll be
Good love down to the last drop
And I'm not gonna stop
Loving you (that's all I'll do)
Every day (and every hour, baby)
Don't you look no more
Love without a limit (my love is yours)
Loving you (that's all I wanna do)
Every day (and every hour, baby)
Don't you look no more
Love without a limit
Loving you is all I wanna do
Loving you is all I wanna do
Loving you, said loving you
Is all that I, all that I wanna do
Baby, baby, baby, hey
Loving you (I'm loving you)
Every day (every day)
Don't you look no more
Love without a limit (hey, hey, hey)
Loving you (loving you)
Every day (every day, every hour, baby)
Don't you look no more
Love without a limit (don't look no more, don't look no more)
Loving you (loving you)
Every day (every day)
Don't you look no more
Love without a limit
Loving you (loving you, babe)
Every day (every day)
Don't you look no more
Love without a limit
Loving you (loving you, babe)
Every day (loving you, babe)
Don't you look no more
Love without a limit (love without a limit)
Loving you (loving you, babe)
Every day (loving you, babe)
Don't you look no more
Love without a limit (don't look no more, don't look no more)
Loving you (loving you, babe)
Loving you, babe
Loving you, babe
Love without a limit
Loving you, babe
Loving you, babe
Loving you (loving you)
Every day (every day)
Don't you look no more
Love without a limit (don't you look no more)
Loving you (loving you, babe)
Every day (loving you, babe)
Don't you look no more
Love without a limit (love)
Loving you
Every day
Don't you look no more
Love without a limit
Loving you
Every day
Don't you look no more
Love without a limit
Loving you
Every day
Don't you look no more
Love without a limit
Loving you
Every day
Don't you look no more
Love without a limit",1992,1.0,4:59
K-Ci & JoJo - Tell Me It's Real [It's Real],Z:/Throwbacks 90s2000s/K-Ci & JoJo - Tell Me It's Real [It's Real].mp3,,278648,Music,Throwbacks 90s2000s (Smooth),10000,0,20000,0,256,"Are you for real?
Like I am for real
Can we share love to last forever?
And if so, let me know

Tell me it's real
This feeling that we feel
Tell me that it's real
Don't let love come just to pass us by
Try, it's all we have to do
It's up to me and you
To make this special love last forever more

Baby, you told me that you love me and you'd never leave my side
Through the bitter end, through the thick and thin
You promised me, baby, that you wasn't going anywhere, yes, you did
Baby, keep it real, let me know just how you feel

Tell me it's real
This feeling that we feel
Tell me that it's real
Don't let love come just to pass us by
Try, it's all we have to do
It's up to me and you
To make this special love last forever more

I can't explain the way you made me feel
Every time that you told me that you loved me
And you know you did
Too many times
Just when I thought that love could never be a part of me
That's when you came along, you showed me happiness
Baby, you are the best, I think you're different from the rest
And I really love you

Tell me it's real
This feeling that we feel
Tell me that it's real
Don't let love come just to pass us by
Try, it's all we have to do
It's up to me and you
To make this special love last forever more

Tell me it's real
This feeling that I feel
Tell me it's real
For your love, I will do anything

Tell me it's real
This feeling that we feel
Tell me that it's real
Don't let love come just to pass us by
Try, it's all we have to do
It's up to me and you
To make this special love last forever more

Tell me it's real
This feeling that we feel
Tell me that it's real
Don't let love come just to pass us by
Try, it's all we have to do
It's up to me and you
To make this special love last forever more

Tell me it's real (I'll be there for you, baby)
This feeling that we feel (if you be there for me, sweetheart)
Tell me that it's real (I thought that we were meant to be)
Don't let love come just to pass us by (for eternity, I thought you loved me baby)
Try, it's all we have to do (and mama told me take it slow)
(Boy you just don't know, anything about love)
It's up to me and you (if you and I were meant to be)
To make this special love last forever more
(Then you would know, you'll be sure by the end of the song)",1999,1.0,4:38
Tony! Toni! Toné! - Slow Wine [Sons Of Soul],Z:/Throwbacks 90s2000s/Tony! Toni! Toné! - Slow Wine [Sons Of Soul].mp3,,289228,Music,Throwbacks 90s2000s (Smooth),10000,0,20000,0,263,"You know, I remember when we first started this song
All the fellas: Tim, Raphael... Who me? I'm Dwayne (slow wine)
And I'm an Aquarius (gotta keep it nice and slow)
See we were over in Trinidad & Tobago for a while (you gotta use ya body and soul)
We met a few friends, had a good time, ya know (slow wine)
But while we were there, we experienced something called Slow Wine (gotta keep it nice and slow)
No, it's not a drink, you know
Pay attention, let me explain... (you gotta use ya body and soul)

Say lady, you know the one thing that we're missin'
Please girl pay attention, you see I'd rather show than tell
Now you, you've got to lift up my emotions

But slow plus a four-letter word is the one thing on my mind (slow wine, so fine)
If I can wine you in my arms (from left to right)
Slow wine (slow wine, so fine)
Yeah, just let your body flow (from left to right)
So nice if we could (slow wine) slow

Honey, keep it nice and slow (slow wine) come on, slow wine
You gotta use your body and soul (slow wine)
Gotta keep it nice and slow (slow wine), slow wine
You gotta use your body and soul

Well I, I got the notion that you wanna
Oh, what a beautiful thought
Slow wine by candlelight (it would be nice)
Try to imagine the fun that we'd have
Girl you'd be the roller (coaster) and I'd like to take a (ride)

It would be so nice (slow wine, so fine)
If I can wine you in my arms (from left to right)
Slow wine (slow wine, so fine)
Hey girl, all my body's yours (from left to right)
Now it would be, now it could be, so nice if we could (slow wine)

Honey, keep it nice and slow (slow wine) keep it nice and slow
You gotta use your body and soul (slow wine) honey use your body and keep close to me
Gotta keep it nice and slow (slow wine), keep it nice and slow
You gotta use your body and soul

Slow and the four-letter word, is the one thing on my mind
And if all should come so natural that a child could learn to flow
No, I'm not talking sex, maybe later but for now just flex
'Cause I've finally built up the nerve to just slow wine with you would be

So right, so fine, slow wine
Honey, keep it nice and slow (slow wine) it could be so nice
You gotta use your body and soul (slow wine) if you could use your body and keep close to me
Honey keep it nice and slow (slow wine), nothing more you and I will slow, slow, slow, slow wine
You gotta use your body and soul, babe

Slow and the four-letter word, is the one thing on my mind
And if all should come so natural that a child could learn to flow
No, I'm not talking sex, maybe later but for now just flex
'Cause I've finally built up the nerve to just slow wine with you, with me",1993,1.0,4:49
Jagged Edge - I Gotta Be [A Jagged Era],Z:/Throwbacks 90s2000s/Jagged Edge - I Gotta Be [A Jagged Era].mp3,,215327,Music,Throwbacks 90s2000s (Smooth),10000,0,20000,0,261,"Don't wanna make a scene
I really don't care if people stare at us
Sometimes I think I'm dreamin'
I pinch myself
Just to see if I'm awake or not

Is it real?
What I feel
Could it be? You and me
'Til the end of time
Never part
Take my heart
Hold it tight, it's true love
You know I gotta be

I gotta be the one you touch
And baby, I gotta be the one you love (I'm telling you that)
I gotta be the one you feel
And I gotta be the one to fill your life with sunshine
I gotta be the one you know
'Cause I will always love you so (I'm loving you, girl)
I gotta be the one you need
I'm just telling you that I gotta be

I picture you and me
Starting a life together
We could be
We'll take this vow to love one another
Make this thing a reality, oh

Is it real?
What I feel
Could it be? You and me
'Til the end of time
Never part
Take my heart
Hold it tight, it's true love
I just got to be

I gotta be the one you touch
And baby, I gotta be the one you love (I'm telling you that)
I gotta be the one you feel
And I gotta be the one to fill your life with sunshine
I gotta be the one you know
'Cause I will always love you so (I'm loving you, girl)
I gotta be the one you need
I'm just telling you that I gotta be

You make me whole, you make me right
Don't ever wanna think about you leaving my life
You make me whole, you make me right
Don't ever wanna think about you leaving my life

You make me whole, you make me right
Don't ever wanna think about you leaving my life
You make me whole, you make me right
Don't ever wanna think about you leaving my life",1997,1.0,3:35
Mint Condition - If You Love Me [Life's Aquarium],Z:/Throwbacks 90s2000s/Mint Condition - If You Love Me [Life's Aquarium].mp3,,385776,Music,Throwbacks 90s2000s (Smooth),10000,0,20000,0,255,"If you love me
Like you say you do why don't you show me
Just how much you do
If you love me unconditionally
Say that you'll always
Always be with me.

In my heart
There is a love
That's yearning for you
Let me know
If you feel the same
This yearning that I do
All I know is that I need a love
To give me what I need
Don't be afraid or hesistate
I'm trying to make you see
How it's gotta be

If you love me
Like you say you do why don't you show me
Just how much you do
If you love me unconditionally
Say that you'll always
Always be with me.

All the words that you didn't say
Pushed me away from you
Words of love that I need to hear
To let me know you do
Through the night I dry my eyes
For now I have learned
Lonely tears they fall the same
For love is not returned
Love is not returned

If you love me
Like you say you do why don't you show me
Just how much you do
If you love me unconditionally
Say that you'll always
Always be with me.

If you love me
Like you say you do why don't you show me
Just how much you do
If you love me unconditionally
Say that you'll always
Always be with me.

If you love me
Like you say you do why don't you show me
Just how much you do
If you love me unconditionally
Say that you'll always
Always be with me.

If you love me
If you love me (like you said)
If you love me
If you love me
If you love me
If you love me
If you love me.",1999,1.0,6:25
Aaliyah - I Don't Wanna [Ultimate Aaliyah],Z:/Throwbacks 90s2000s/Aaliyah - I Don't Wanna [Ultimate Aaliyah].mp3,,256601,Music,Throwbacks 90s2000s (Smooth),10000,0,20000,0,254,"Woo
Yeah yeah, hey
Ohh, ooh
Ooh, yeah, yeah
I don't wanna be (be without ya, be without ya)
I don't wanna live (live without ya, live without ya)
I don't wanna go (go without ya, go without ya)
I don't wanna be alone
When we hooked up, we sat down
Made and an agreement, we vowed that
That we'd always be together, do whatever
We said that
No one ever get between us
This love would never ever leave us
That was a while ago
But now lately it feels like
I mean I feel like all we do is fight
Every single night, we can't make it tight
Can't get it right
I just wanna go back, take it way back
All the way back, can we start again? Do it over
Can we straighten it out? Can we work it out
'Cause I don't wanna be (be without ya, be without ya)
I don't wanna live (live without ya, live without ya)
I don't wanna go (go without ya, go without ya)
Said, sugar, I don't wanna be alone
I don't wanna be (be without ya, be without ya, ohh)
I don't wanna live (live without ya, live without ya)
I don't wanna go (go without ya, go without ya)
Sugar, I don't wanna be alone
Do you realize
I can't sleep without ya, think without ya
Eat without ya, speak without ya, be without ya?
I can't even breathe without ya (uh)
I can't feel with out ya, deal without ya, spend without ya
My whole world is upside down
Don't wanna go out 'cause I can't ride without ya
Feel like I'm gon' die without ya
What is a girl supposed to do?
When I spend my last time to be in your life
I don't wanna be without you (I don't wanna be)
I can't be (be without ya, be without ya)
Said, I don't wanna live (live without ya, live without ya)
I can't wanna go (go without ya, go without ya)
Said, I don't wanna be alone
Said, I can't be (be without ya, be without ya, ohh)
Said, I can't live (live without ya, live without ya)
I don't wanna go (go without ya, go without ya)
Said, I don't wanna be alone
How can this be (that it's not workin' out)
That it's not workin' out?
We vowed to be always together
It's hurting me (hurting me) that we don't talk no more
It wasn't supposed to be this way
Where did we go wrong?
We both made mistakes, we gotta carry on
I don't wanna be (be without ya, be without ya)
I don't wanna live (live without ya, live without ya)
I don't wanna go (go without ya, go without ya)
I don't wanna be alone
I don't wanna be (be without ya, be without ya)
I don't wanna live (live without ya, live without ya)
I don't wanna go (go without ya, go without ya)
I don't wanna be alone (be alone)
I don't wanna be (be without ya, be without ya)
I don't wanna live (live without ya, live without ya)
I don't wanna go (go without ya, go without ya)
I don't wanna be alone (yeah, baby)
I don't wanna be (be without ya, be without ya)
I don't wanna live (live without ya, live without ya) (do you hear me?)
I don't wanna go (go without ya, go without ya) (baby, are you listening?)
I don't wanna be alone (what you do to me, what you do to me)
Don't wanna be no, (no), no (no, yeah)
Alone, baby, come home",2005,1.0,4:16
Jamie Foxx - Infatuation [Peep This],Z:/Throwbacks 90s2000s/Jamie Foxx - Infatuation [Peep This].mp3,,314854,Music,Throwbacks 90s2000s (Smooth),10000,0,20000,0,263,"Oh oh my baby oh
(Verse1)
I have waited for so long to hear you say
I wanna spend my whole life with you (yes i do)
Well i dont mean to fuss dont mean to push
I know your all alone
But theres just one thing i have to know
(Chorus)
Is it just infatuation?
Or is it real love? (real love?)
Is it just infatuation?
Well why dont you take me girl
And drive me in your life?
(Verse2)
I cant explain it
What you do to me
I get so excited when you call my name
Im not ashamed (ah ah)
Ashamed to let the whole world see
Oh girl just what you do to me
Well im like a child thats lost his way
So wont you help me?
(Chorus x2)
Is it just infatuation?
Or is it real love?(real love?)
Is it just infatuation?
(I need to know right now my darlin please)
Why dont you take me girl
And drown me in your love?
Come on baby i need to know right now
Tell what you think of about me baby?
Tell me what you think about me girl?
Oh oh oh i need to know right now
Come on come on my baby
(Hook)
Even if im all alone
Gurl you give me strength
I can carry on (your the special kind)
Gurl im so confused i don't know what to do
Right on right on right on
(Im turnin ya love its original)
And like the rain that falls on me
Girl ya heal my soul
Girl ya set me free
(Girl this is how i feel)
Well baby ya know how
Girl ya see that ya my
My love baby my sweetness
Can i talk to you
We really need to work this out
Without a doubt
I need to know dont ya keep me hangin on
Well theres no need to do me wrong
(Chrous)
Is this just infatuation?
(Come on)i need to know right now(if it's real)
What the deal tell me now come on my sweetness",1994,1.0,5:14
Silk - Freak Me [Lose Control],Z:/Throwbacks 90s2000s/Silk - Freak Me [Lose Control].mp3,,274573,Music,Throwbacks 90s2000s (Smooth),10000,0,20000,0,246,"(Freak me baby, ahh yeah
Freak me baby
Freak me baby, ahh yeah
Freak me baby

Let me lick you up and down
'Til you say stop
Let me play with your body, baby
Make you real hot
Let me do all the things you want me to do)
'Cause tonight baby, I wanna get freaky with you

(Baby don't you understand
I wanna be your nasty man
I wanna make your body scream
And you will know just what I mean)
You'll know what I mean
(24 carat gold
To warm the nights when you get cold
I wanna lick you up and down)
Baby, yeah baby, yeah
(And then I wanna lay you down
C'mon silk, sing it

Let me lick you up and down)
Lick you up and down
('Til you say stop
Let me play with your body baby
Make you real hot)
Let me make you real hot
(Let me do all the things you want me to do)
Oh oh oh
'Cause tonight baby, I wanna get freaky with you

(I love the taste of whip cream)
Hey!
(Spread it on, don't be mean)
Baby, don't be mean
(You know I can't resist you, girl
I'll fly you all around the world)
All around the world
(I wanna see your body drip)
Oh, baby
(C'mon let me take a sip)
C'mon, c'mon, c'mon, c'mon
(Take off what you cherish most)
C'mon - c'mon
('Cause when I brag I like to brag and boast)
Come on - come on, baby!

(Let me lick you up and down)
Lick you up and down
('Til you say stop)
Oh, baby
(Let me play with your body baby)
I wanna play with your body, baby
(Make you real hot)
I wanna-play-with-your-body
(Let me do all the things you want me to do)
(Baby, oh yeah, just freak me)
'Cause tonight baby, I wanna get freaky with you

(You, you, you, you)
Oh you
(You, you, you, you)
Let me freak you
(You, you, you, you)
All of you
(Yeah, come on, come on

You, you, you, you)
Oh you
(You, you, you, you)
Let me do you
'Cause tonight baby, I wanna get freaky with you

(Let me lick you up and down
'Til you say stop
Let me play with your body baby
Make you real hot
Let me do all the things you want me to do)
'Cause tonight baby, I wanna get freaky with you

(Let me lick you up and down)
Baby, don't stop
('Til you say stop)
Baby, don't stop
(Let me play with your body baby)
Baby, don't stop
(Make you real hot)
Uh, uh, uh, uh, uh, uh, uh
(Let me do all the things you want me to do)
Baby, don't stop
Baby, don't stop
'Cause tonight baby, I wanna get freaky freaky

Let me lick you up and down
('Til you say stop)
Up and down
(Let me play with your body baby)
Up and down
(Make you real hot)
Let me make you soaking wet, baby
Let me do all the things you want me to do",1992,1.0,4:34
Lionel Richie - Penny Lover (Single Version) [Truly_ The Love Songs],Z:/Throwbacks 90s2000s/Lionel Richie - Penny Lover (Single Version) [Truly_ The Love Songs].mp3,,225933,Music,Throwbacks 90s2000s (Smooth),10000,0,20000,0,254,"Penny lover
Lionel richie
(Lionel richie, brenda harvey-richie)
Penny lover, don't walk on by

Penny lover, don't you make me cry
Can't you see girl, who my heart's beating for
You're the only girl that i adore
The first time i saw you
Oh, you looked so fine
And i had a feeling
One day you'd be mine
Honey you came along and captured my heart
Now my love is somewhere lost in your kiss

When i'm all alone it's you that i miss
Girl a love like yours is hard to resist
Oh, oh, ooh, ooh, oh
Penny lover, my love's on fire

Penny lover, you're my one desire
Tell me baby could this be true
That i could need someone, like i need you
Nights warm and tender
Lying next to you
Girl i surrender
Oh, what more can i do
I've spent all of my life in search of your love

Now there's one more thing i'd like to say

Don't you ever take your sweet love away
Girl i'll do anything, just please stay
Oh, oh
(Bridge)
I don't understand it, oh what's come over me
But i'm not gonna worry, no not anymore
'Cause when a man's in love, he's only got one story
That's why my love is somewhere lost in your kiss

When i'm lost and alone it's you that i miss
With a love like yours, it's hard to resist
Ooh, ooh, oh
(Begin fade)
Penny lover, don't you walk on by (don't you walk on by)
Penny lover, don't you make me cry (don't you make me cry baby)
Penny lover, don't you walk on by (don't you walk on by)
Penny lover, don't you make me cry (oh penny baby)
Penny lover, don't you walk on by (don't you walk on by)
I remember the first time i saw you baby
Penny lover, don't you make me cry
You had the look in your eye, you had the look in your eye, yeah, yeah
Ooh pretty baby
I just wanted to reachout and touch you baby
I just want to reach out and hold ya, i want to reach out and say ooh, ooh
Don't make me cry
I wanna talk about you everyday (penny lover)
Need you, need you baby ...",1997,1.0,3:45
Dru Hill - 5 Steps [Dru Hill],Z:/Throwbacks 90s2000s/Dru Hill - 5 Steps [Dru Hill].mp3,,342909,Music,Throwbacks 90s2000s (Smooth),10000,0,20000,0,252,"I don't know how much longer
You're going to be here
So I say my prayers
Every night
One 4 my mother
One 4 my father
And one 4 the love of my life
So if you decide to leave today
Then leave tomorrow at the door
And take only half of yesterday
Forget all hope for the present
Cause it just went away

We were 5 steps
From eternity
4 steps
4 steps past love
And 3 wishes
From touching the heavens above
repeat chrous

Another day is gone
Another night now dawn
Waiting patiently hoping you'll return
But not before long
Why'd you say goodbye
I still feel your presence
In my bed at night
And what was reality once
A love True in form
Is now adding pain
For all man's scorn
Forced to wear the memories of pain
Around an empty heart
Now I sit in silence and begin to think
As laughter echoes through the air
I can't get you off my mind
But a whole new love
I could never bare
So now I lay me
Down to sleep
And I pray my Lord my soul to keep
And if I die, before I wake
Then I promise I'll be there for you always

We were 5 steps
From eternity
4 steps
4 steps past love
And 3 wishes
From touching to heavens above",1996,1.0,5:42
Dru Hill - How Deep Is Your Love [Enter The Dru],Z:/Throwbacks 90s2000s/Dru Hill - How Deep Is Your Love [Enter The Dru].mp3,,243409,Music,Throwbacks 90s2000s (Smooth),10000,0,20000,0,260,"Yo, Yo
I'm Godzilla

Yo, yo, yo, yo, yo
Look around brotha'
C'mon, Def Jam
Def the word
Funk Doc in the house

Yo, yo, yo, yo
Look around brotha'
You keep it high
Dru Hill
Def Squad, from the top, one time

Hey mami, dju know that I like it that you call me papi
But it seems like they maybe baby
That you've been seeing another Chico
And baby, you know that he can't go down like me
And dju know that the nigga can't freak like me
So mami tell me one little thing
How deep is your love for me

How deep is your love for me
Tell me what it's gonna be
And do you see yourself with a
Like me, on the low low
So your friends won't know, see now

How deep is your love for me
Tell me what it's gonna be
And do you see yourself with a
Like me, on the low low
So your friends won't know, see now

Ven aqui' little mami, Puerto Rican
I see the way you wiggle it, the way you move your body
He can't make it get wetter than me
But I bet he keep tellin' you he better than me
You know that he can't go down like me (Cuz dju dunno?)
You know that he ain't no freak like me (And dju dunno?)
So baby tell me one little thing
How deep is your love for me

How deep is your love for me (yeah)
Tell me what it's gonna be
And do you see yourself with a
Like me, on the low low
So your friends won't know, see now

How deep is your love for me
Tell me what it's gonna be
And do you see yourself with a
Like me, on the low low
So your friends won't know, see now

How deep is your love for me (How deep is your love)
Tell me what it's gonna be (How deep is)
And do you see yourself with a
Like me, on the low low
So your friends won't know, see now

How deep is your love for me (How deep, how deep)
Tell me what it's gonna be
And do you see yourself with a
Like me, on the low low
So your friends won't know, see now

Ay, Nokio
Te extrano mucho
Ven aqui' mi papi morenito
Y damelo duro
Damelo papichulo

Yo, yo, yo, yo, buenos dias mama
Creep with Dr. Bullshit
When I talk my teeth should rot
I'm from Da Bricks, so which means I'm born to dog
Your girlfriends want a shot at it?
Warn 'em all
I hear them all from the bathroom stall
Tap and drawl
Say they get gas to pass platinum cars
Then I'm like, Yo!
I'm goin' to buy my crew bikes with double pipes
That we quick to lose on the turnpike
I'm the one that turned you out, dog it out
It was the Hennessey that made us slug it out
But you like, bitch you freaky, you down with it
Your other man's a punk
When I hand the punk the rush, he ride out
I'm tough, even Honey Comb hide out, duck the hour
Rush, better choose quick chick, I got tracks to dust
Dru Hill, Def Squad, if you askin' us

How deep is your love for me (How deep is your love)
Tell me what it's gonna be (I've got to know baby)
And do you see yourself with a
Like me, on the low low
So your friends won't know, see now

How deep is your love for me (alright)
Tell me what it's gonna be (said it alright)
And do you see yourself with a
Like me, on the low low
So your friends won't know, see now

How deep is your love for me
Tell me what it's gonna be (baby)
And do you see yourself with a
Like me, on the low low
So your friends won't know, see now

How deep is your love for me
Tell me what it's gonna be
And do you see yourself with a
Like me, on the low low
So your friends won't know, see now

How deep is your love for me (baby)
Tell me what it's gonna be (tell me)
And do you see yourself with a
Like me, on the low low
So your friends won't know, see now

How deep is your love for me
Tell me what it's gonna be
And do you see yourself with a",1998,1.0,4:03
En Vogue - Hold On [Born to Sing],Z:/Throwbacks 90s2000s/En Vogue - Hold On [Born to Sing].mp3,,304509,Music,Throwbacks 90s2000s (Smooth),10000,0,20000,0,250,"When I had you
I treated you bad
Wrong my dear
But since, since you went away
Don't you know I sit around
With my head hanging down
And I wonder who's loving you

Oh, my first mistake was
I wanted too much time
I had to have him morning, noon, and night
If I would of known then
The things that I know now
I might not have lost the time I complain about

Don't waste your time
Fightin' blind minded thoughts of despair
Hold on to your love
You gotta hold on
Hold on to your love
Ooh, ooh, baby hold on
Hold on to your love
You gotta hold on
Hold on to your love

The art of playing games now
Is not the hearts you break
It's bound to good love you make
When his heart's on fire
Give him love everyday
Remember he needs space
Be patient and he'll give his heart to you

Don't waste your time
Fighting blind minded thoughts of despair
Hold on to your love
You gotta hold on
Hold on to your love
You gotta hold on to your love
Hold on to your love
Ooh, baby hold on
Hold on to your love

Trust and honesty too
Must be the golden rule
You'll feel the strength of passion in your soul
Burn so deeply within
Ooh, the magic that you share
So sacrifice and show how much you care

Don't waste your time
Fighting blind minded thoughts of despair
Hold on to your love
You gotta hold on
Hold on to your love

Don't let go
Keep the ties
Hang on tight
And don't let go
Hold on to your love
Hold on to your love
Hold on to your love
Hold on to your love

If you love him
If you need him
Really want him
Just keep on
Just keep on hanging on
Little trust, honesty, golden rules
Feel the strength of passion in your soul
It's burning so deep
Have faith
Just keep the fire burning at home

Hey yea
He'll come home to you
He'll be there for you
He'll want to have you
Hold on (All the time)",1990,1.0,5:04
Kelis - Milkshake (Radio Mix) [Tasty],Z:/Throwbacks 90s2000s/Kelis - Milkshake (Radio Mix) [Tasty].mp3,,182674,Music,Throwbacks 90s2000s (Smooth),10000,0,20000,0,287,"My milkshake brings all the boys to the yard
And they're like, it's better than yours
Damn right, it's better than yours
I could teach you, but I have to charge

My milkshake brings all the boys to the yard
And they're like, it's better than yours
Damn right, it's better than yours
I could teach you, but I have to charge

I know you want it
The thing that makes me
What the guys go crazy for

They lose their minds
The way I rhyme
I think it's time

La-la la-la-la
Warm it up
La-la la-la-la
The boys are waiting

La-la la-la-la
Warm it up
La-la la-la-la
The boys are waiting

My milkshake brings all the boys to the yard
And they're like, it's better than yours
Damn right, it's better than yours
I could teach you, but I have to charge

My milkshake brings all the boys to the yard
And they're like, it's better than yours
Damn right, it's better than yours
I could teach you, but I have to charge

I have to see you on it
You want me to teach the
Techniques that freaks these boys

It can't be bought
Just don't please get caught
Watch if you're smart

La-la la-la-la
Warm it up
La-la la-la-la
The boys are waiting

La-la la-la-la
Warm it up
La-la la-la-la
The boys are waiting

My milkshake brings all the boys to the yard
And they're like, it's better than yours
Damn right, it's better than yours
I could teach you, but I have to charge

My milkshake brings all the boys to the yard
And they're like, it's better than yours
Damn right, it's better than yours
I could teach you, but I have to charge

Oh, once you get involved
Everyone will look this way so
You must maintain your charm
Same time maintain your halo

Just get the perfect blend
Plus what you have within
Then next his eyes are squint
Then he's picked up your scent

La-la la-la-la
Warm it up
La-la la-la-la
The boys are waiting

La-la la-la-la
Warm it up
La-la la-la-la
The boys are waiting

My milkshake brings all the boys to the yard
And they're like, it's better than yours
Damn right, it's better than yours
I could teach you, but I have to charge

My milkshake brings all the boys to the yard
And they're like, it's better than yours
Damn right, it's better than yours
I could teach you, but I have to charge",2003,1.0,3:02
Ray J - Sexy Can I (feat. Yung Berg) [All I Feel],Z:/Throwbacks 90s2000s/Ray J - Sexy Can I (feat. Yung Berg) [All I Feel].mp3,,204095,Music,Throwbacks 90s2000s (Smooth),10000,0,20000,0,258,"Sexy can I
Yeah, yeah, yeah
Yeah, yeah, yeah
All we wanna know is (sexy can I)

Sexy can I, just pardon my manners
Girl, how you shake it, got a nigga like (oh)
It's a Kodak moment, let me go and get my camera
All I wanna know is (sexy can I)

Sexy can I, hit it from the front
Then I hit it from the back
Know you like it like that
Then we take it to the bed, then we take it to the floor
Then we chill for a second, then we're back at it some more

Sexy can I, just pardon my manners
Girl how you shake it, got a nigga like (oh)
It's a Kodak moment, let me go and get my camera
All I wanna know is

Ay, ayo what up lil' mama, it's ya boy Youngin
G5 dippin', Lui Vuitton luggage (ay)
Gotta love it, ya boy so fly
All the ladies go (oh) when a nigga go by
Gucci on the feet, Marc Jacob on the thigh
She wanna ride or die with ya boy in the Chi
That's right, so I let her kiss the prince
Her boyfriend, she ain't missed him since

Sexy can I, just pardon my manners
Girl, how you shake it, got a nigga like (oh)
It's a Kodak moment, let me go and get my camera
All I wanna know is (sexy can I)

Sexy can I, keep it on the low
Got a girl at the crib, we can take it to the mo-mo
You can bring a friend, or you can ride solo
Let me get my camera, so we can take a photo
(Ooh, ooh, ooh) now go shawty, go shawty
Baby when we make love it's like (ooh, ooh, ooh)
I don't know what your man is like but shawty all I want to know is
Sexy can I

Sexy can I, visit you at work
When you sliding down the pole
No panties, no shirt
Then you climb back up the pole
Then you drop and do the splits
How you make that pussy talk
Baby damn, you is the shit
(Ooh, ooh, ooh) now go shawty, go shawty
I make it rain in the club like (ooh, ooh, ooh)
I don't know what your man is like but baby all I want to know is
Sexy can I

Sexy can I, just pardon my manners
Girl, how you shake it, got a nigga like (oh)
It's a Kodak moment, let me go and get my camera
All I wanna know is (sexy can I)

I don't care who's ya boy hittin', or who Ray's melon
When I give it to her, I know that she ain't tellin'
See I'm a go getter and she a go get it
You already know, yeah (sexy can I)
Sexy can I send for you red-eye
Fresh out the pool, no towel, let it air dry
And if you ain't fuckin' tonight
Man, you can watch that tour bus go by (sexy can I)

Sexy can I, just pardon my manners
Girl, how you shake it, got a nigga like (oh)
It's a Kodak moment, let me go and get my camera
All I wanna know is (sexy can I)

Sexy can I, hit it from the front
Then I hit it from the back
Know you like it like that
Then we take it to the bed, then we take it to the floor
Then we chill for a second, then we're back at it for more

Sexy can I, just pardon my manners
Girl, how you shake it, got a nigga like (oh)
It's a Kodak moment, let me go and get my camera
All I wanna know is (sexy can I)",2008,1.0,3:24
Lloyd - You,Z:/Throwbacks 90s2000s/Lloyd - You.mp3,,120633,Music,Throwbacks 90s2000s (Smooth),10000,0,20000,0,268,"There ohhhh yea yea ohhhh
Sometimes we must go
We must look at our situations lady
And how could u make me chose
Between you and my first life
Theres so many others
Wishing that they can raise their families
All first at the same
And playing and traveling
But you keep me within chain
Holding, keeping me from leaving
I hope for the day
When you and I can agree
And we can live like we ardor be
Girl its all for u
And you call me
Fame x7
Ohh x 4",2008,1.0,2:00
Jagged Edge - What You Tryin' To Do [JE Heartbreak],Z:/Throwbacks 90s2000s/Jagged Edge - What You Tryin' To Do [JE Heartbreak].mp3,,257306,Music,Throwbacks 90s2000s (Smooth),10000,0,20000,0,257,"What you tryin' to do for me?

Does it really matter, you to take a cab or a bus?
Trying to get to where I am 'cause you lust for me
We end up making love, tell me what'cha wanna do?
I just wanna be the one you come and give all your love
Make a nigga take all your love
I wanna show you things, give you things
It's all on you, you, you
If I could just have a minute
Baby, come and take a ride with me
Baby, won't you spend your life with me
All I want is you, you, you
I know you're right for me
Girl, you're everything I think I need

Said it's only right when you feel like
You're lonely
That you get with me
I got the kind of love you don't get tired of
And I put that there on everything

Baby, what'cha trying to do for me
Heard that you were looking for
A good lovin', not for sure
I know just what'cha came here for
Just trying to do for you
I'll spend all my loot for you
Tell me what'cha going to do
What? What'cha going to do?
What'cha trying to do for me?
Heard that you were looking for
A good lovin', not for sure
I know just what'cha came here for
Just trying to do for you
I'll spend all my loot for you
Tell me baby what'cha trying to do?
What'cha trying to do for me, baby?

I can prove it if you wanna we can really 'cause I gotta enough
You can get all my love
Baby I give up, don't ya know what really came here for
If you're thinking that you can be the woman who got love for me
Feeling like you gotta be
Let me know if you like my flow
And we can go, how you wanna go
Now that I have a minute
Let me tell you that you're beautiful
And baby that I love you so
That's how the story goes
And now I see that your love is always on time
Baby, I say to you

Said it's only right when you feel like
You're lonely
That you get with me
I got the kind of love you don't get tired of
And I put that there on everything

Baby, what'cha trying to do for me?
Heard that you were looking for
A good lovin', not for sure
I know just what'cha came here for
Just trying to do for you
I'll spend all my loot for you
Tell me what'cha going to do
What? What'cha going to do?
What'cha trying to do for me?
Heard that you were looking for
A good lovin', not for sure
I know just what'cha came here for
Just trying to do for you
I'll spend all my loot for you
Tell me baby, what'cha trying to do?
What'cha trying to do for me, baby?

Baby, what'cha trying to do for me
Heard that you were looking for
A good lovin', not for sure
I know just what'cha came here for
Just trying to do for you
I'll spend all my loot for you
Tell me what'cha trying to do
What? What'cha going do?
What'cha going to do for me?
Heard that you were looking for
A good lovin', not for sure
I know just what'cha came here for
Just trying to do for you
I'll spend all my loot for you
Tell me baby, what'cha trying to do?
What'cha trying to do for me, baby?",1999,1.0,4:17
Justin Timberlake - What Goes Around......Comes Around (Interlude),Z:/Throwbacks 90s2000s/Justin Timberlake - What Goes Around......Comes Around (Interlude).mp3,,448601,Music,Throwbacks 90s2000s (Smooth),10000,0,20000,0,288,"Hey girl, is he everything you wanted in a man?
You know I gave you the world
You had me in the palm of your hand
So why your love went away
I just can't seem to understand
Thought it was me and you, baby
Me and you until the end
But I guess I was wrong, uh

Don't want to think about it (uh)
Don't want to talk about it (uh)
I'm just so sick about it
Can't believe it's ending this way
Just so confused about it (uh)
Feeling the blues about it (yeah)
I just can't do without ya
Tell me, is this fair?

Is this the way it's really going down?
Is this how we say goodbye?
Should've known better when you came around
That you were gonna make me cry
It's breaking my heart to watch you run around
'Cause I know that you're living a lie
But that's okay, baby, 'cause in time you will find

What goes around, goes around, goes around
Comes all the way back around
What goes around, goes around, goes around
Comes all the way back around
What goes around, goes around, goes around
Comes all the way back around
What goes around, goes around, goes around
Comes all the way back around, yeah

Now girl, I remember everything that you claimed
You said that you were moving on now (on now)
And maybe I should do the same (maybe I should do the same)
The funny thing about that is
I was ready to give you my name
Thought it was me and you, baby
And now, it's all just a shame
And I guess I was wrong, uh

Don't want to think about it (no)
Don't want to talk about it (hmm)
I'm just so sick about it
Can't believe it's ending this way
Just so confused about it (uh)
Feeling the blues about it (yeah)
I just can't do without ya
Can you tell me is this fair?

Is this the way it's really going down?
Is this how we say goodbye?
Should've known better when you came around
Should've known better that you were gonna make me cry
Now it's breaking my heart to watch you run around
'Cause I know that you're living a lie
That's okay, baby, 'cause in time you will find

What goes around, goes around, goes around
Comes all the way back around
What goes around, goes around, goes around
Comes all the way back around
What goes around, goes around, goes around
Comes all the way back around
What goes around, goes around, goes around
Comes all the way back around

What goes around comes around
Yeah
What goes around comes around
You should know that
What goes around comes around
Yeah
What goes around comes around
You should know that (yeah)

Don't want to think about it (no)
Don't want to talk about it (hmm)
I'm just so sick about it
Can't believe it's ending this way
Just so confused about it (uh)
Feeling the blues about it (yeah)
I just can't do without ya
Tell me is this fair?

Is this the way it's really going down?
Is this how we say goodbye? (Oh)
Should've known better when you came around
Should've known better that you were gonna make me cry
It's breaking my heart to watch you run around (now it's breakin' my heart)
'Cause I know that you're living a lie
But that's okay, baby, 'cause in time you will find

What goes around, goes around, goes around
Comes all the way back around
(What goes around, comes around, baby)
What goes around, goes around, goes around
Comes all the way back around
(What goes around, comes around, baby)
What goes around, goes around, goes around
Comes all the way back around
What goes around, goes around, goes around
Comes all the way back around, yeah

Yup
Yup
Let me paint this picture for you, baby
Yup

You spend your nights alone
And he never comes home
And every time you call him
All you get's a busy tone
I heard you found out
That he's doing to you
What you did to me
Ain't that the way it goes?

When you cheated, girl
My heart bleeded, girl
So it goes without saying that you left me feeling hurt
Just a classic case
A s-scenario
Tale as old as time
Girl, you got what you deserved

And now you want somebody (hey)
To cure the lonely nights (hey)
You wish you had somebody (hey)
That could come and make it right (hey)
But girl, I ain't somebody (hey)
With a lot of sympathy (hey)
You'll see, see

(What goes around comes back around)
I thought I told ya, hey
(What goes around comes back around)
I thought I told ya, hey
(What goes around comes back around)
I thought I told ya, hey
(What goes around comes back around)
I thought I told ya, hey
(Take it to 'em, hey)

(Take it to 'em, hey)
See
(Hey, hey, hey, hey)
You should have listened to me, baby
(Take it to 'em, hey)
(Hey, hey, hey, hey, hey, hey)
(Take it to 'em, hey)
(Hey, hey, hey, hey, hey)
Because
(What goes around comes back around)",2006,1.0,7:28
Dru Hill - In My Bed (So So Def Mix) [Dru Hill],Z:/Throwbacks 90s2000s/Dru Hill - In My Bed (So So Def Mix) [Dru Hill].mp3,,242338,Music,Throwbacks 90s2000s (Smooth),10000,0,20000,0,252,"I got this feeling and I can't turn it loose
That somebody's been getting next to you
I don't want to walk around knowin' I was your fool
'Cause being the man that I am, I just can't lose my cool

My friends keep telling me
About the things that's going on
But deep in my heart, baby
I hope that I'm wrong, yes I hope that I'm wrong
But I know it babe

Somebody's sleeping in my bed
Somebody's takin' my place
Somebody's sleepin' in my bed
And you know just what I mean

I come home early expecting your warm embrace
But somethin' is wrong 'cause it's written all over your face
It hurts so bad when I walk through the door
But you know one damn thing baby, I ain't comin' back no more
No, no, no

No, don't try to tell me
Things are still the same
'Cause when we made love
I heard you call out his name, call out his name

Somebody's sleeping in my bed
Somebody's takin' my place
Somebody's sleepin' in my bed
Somebody's takin' my place

Girl, I want you to know
I gave you money and every little thing that you need
I gave you the world 'cause you were my girl
But you still ran out on me

Somebody's sleeping in my bed
Somebody's takin' my place
Somebody's sleepin' in my bed
Somebody's takin' my place

Now if you truly love me
Then this would not be happening
Sleeping in my bed, messin' with my head
Oh, no, no, no

Somebody's sleeping in my bed
Somebody's takin' my place
Somebody's sleepin' in my bed
Somebody's takin' my place",1996,1.0,4:02
Mint Condition - U Send Me Swingin' [From The Mint Factory],Z:/Throwbacks 90s2000s/Mint Condition - U Send Me Swingin' [From The Mint Factory].mp3,,314593,Music,Throwbacks 90s2000s (Smooth),10000,0,20000,0,267,"U send me swingin'
Oh, u send me swingin'

I wait for the day
A sweet gentle sway
Brought your love right my way
Oh, u send me swingin'
U send me swingin'
Oh, u send me swingin'

I never thought I'd really find
Someone so beautiful and kind
Oh, what you've done to me
With just the little things you do
You've got me crazy over you
And it's getting stronger
When I'm with you
I fall deeper in love, swingin'
This feeling is the one thing
My heart is sure of, so I

I wait for the day
(A sweet gentle sway)
A sweet gentle sway
Brought your love right my way
Oh, u send me swingin'
U send me swingin'
Oh, u send me swingin'

Just thinking 'bout you
And all those things that we could do, girl
Together as one, yeah
If only you could see
How sweet your love is to me
So heavenly

Knowing the way to say
Just how I feel for you
Swingin'
I said every day that passes
My heart swings closer to you

I wait for the day
(A sweet gentle sway)
A sweet gentle sway
Brought your love right my way
Oh, u send me swingin'
U send me swingin'
Oh, u send me swingin'

Bum-bum
Chica-bum-bum
Swingin' on you
Swingin' on you, babe

Chica-bum-bum
Chica-bum-bum
Swingin' on you
Swingin' on you

When I'm with you
I fall deeper in love
This feeling is the one thing
My heart is sure of, so I

I wait for the day
Asweet gentle sway
Brought your love right my way
Oh, u send me swingin'

I wait for the day
A sweet gentle sway
Brought your love right my way
Oh, u send me swingin'
U send me swingin'
Oh, u send me swingin'

Oh, u send me swingin'
U send me swingin'
Oh, u send me swingin'",1993,1.0,5:14
"Jodeci - Get On Up [The Show, The After Party, The Hotel]","Z:/Throwbacks 90s2000s/Jodeci - Get On Up [The Show, The After Party, The Hotel].mp3",,225985,Music,Throwbacks 90s2000s (Smooth),10000,0,20000,0,249,"Yeah, said it sounds so good to me
You gotta get on up
Gotta get on up, yeah, yeah, yeah, yeah
You gotta get on up, now
Say it again, Jodeci

Get on up
Gotta get on up
You gotta get on up, now
Wait a minute, let me tell you

Everybody grab somebody
Turn this mutha into a party
Fellas take your lady's hand
Ladies go and choose your man

There's no need to be afraid
Friday night, let's all get paid
Positive is the attitude
Negative is not the mood

Get on up, no, no
You gotta get on up
You gotta get on up, now
Let's say it again

Get on up
And you can't sit down
You gotta get on up, now
And you can't sit down

Now that everybody's movin'
Everybody in here is groovin'
Everything is alright
This atmosphere is so nice

The D.J. is doin' his duty
All the ladies shakin' their booty
And the night is still young
And the party's just begun, yeah

Get on up
And you can't sit down
You gotta get on up, now
And you can't sit down

Get on up
Get on up
And you can't sit down
You gotta get on up, now

Get on up
And you can't sit down
You gotta get on up, now
And you can't sit down

Get on up
And you can't sit down
You gotta get on up, now

Party, party, party all day, baby
All day, don't you never, never
Never, never, never stop
Never stop, never stop
And you can't sit down

Get on up
And you can't sit down
You gotta get on up, now
And you can't sit down

Get on up
Everybody just get on up
You gotta get on up, now
Get on up, ooh yeah

It feels so good
Said it feels so good
Said it feels so good
I just wanna get on up

And you can't sit down
And you can't sit down
You gotta get on up, now",1995,1.0,3:45
Janet Jackson - Someone To Call My Lover [All For You],Z:/Throwbacks 90s2000s/Janet Jackson - Someone To Call My Lover [All For You].mp3,,272431,Music,Throwbacks 90s2000s (Smooth),10000,0,20000,0,269,"Back on the road again
Feeling kinda lonely
And looking for the right guy
To be mine
Friends say I'm crazy cause
Easily I fall in love
You gotta do it different J
This time
Maybe we'll meet at a bar
He'll drive a funky car
Maybe we'll meet at a club
And fall so deeply in love
He'll tell me I'm the one
And we'll have so much fun
I'll be the girl of his dreams (maybe)
Alright baby come on
Dance my way i gotta
Get some one
To call my lover
Yeah baby come on
Alright baby come in
Pass my way
I gotta get someone to call my lover
Yeah baby come on
I-YI-I-YI-I-YI-I-YI-I-YI-I-YI-I-YI
I-I-I-I
I-YI-I-YI-I-YI-I-YI-I-YI-I-YI-I-YI
I-I-I-I
I spoil them when I'm in love
Given them what they dream of
Sometimes it's not a good thing
But I'm blind
I love hard with everything
Giving my all
More than they
I'll take my friends' advice this time
I'll do it differently
Maybe we'll meet at a bar
He'll drive a funky car
Maybe we'll meet at a club
And fall so deeply in love
He'll tell me I'm the one
And we'll have so much fun
I'll be the girl of his dreams maybe
Alright maybe gonna find him today
I gotta get someone to call my lover
Yeah baby come on
Alright baby come in
Pass my way
I gotta get someone to call my lover
Yeah baby come on
I-YI-I-YI-I-YI-I-YI-I-YI-I-YI-I-YI
I-I-I-I
I-YI-I-YI-I-YI-I-YI-I-YI-I-YI-I-YI
I-I-I-I
My my
Looking for a guy guy
I don't want him too shy
But he's gotta have the qualities
That I like in a man
Strong, smart, affectionate
He's gotta be all for me
And I'll be too
You see happily
Maybe we'll meet at a bar
He'll drive a funky car
Maybe we'll meet at a club
And fall so deeply in love
He'll tell me I'm the one
And we'll have so much fun
I'll be the girl of his dreams maybe
Alright maybe gonna find him today
I gotta get someone to call my lover
Yeah baby come on
Alright baby come in
Pass my way
I gotta get someone to call my lover
Yeah baby come on
Alright maybe gonna find him today
I gotta get someone to call my lover
Yeah baby come on
Alright baby come in
Pass my way
I gotta get someone to call my lover
Yeah baby come on
I-YI-I-YI-I-YI-I-YI-I-YI-I-YI-I-YI
I-I-I-I
I-YI-I-YI-I-YI-I-YI-I-YI-I-YI-I-YI
I-I-I-I
Maybe we'll meet at a bar

He'll drive a funky car
Maybe we'll meet at a club
And fall so deeply in love
He'll tell me I'm the one
And we'll have so much fun
I'll be the girl of his dreams maybe
Alright maybe gonna find him today

I gotta get someone to call my lover

Yeah baby come on
Alright baby come in
Pass my way
I gotta get someone to call my lover
Yeah baby come on",2001,1.0,4:32
Boyz II Men - Water Runs Dry,Z:/Throwbacks 90s2000s/Boyz II Men - Water Runs Dry.mp3,,201456,Music,Throwbacks 90s2000s (Smooth),10000,0,20000,0,252,"We don't even talk anymore
And we don't even know what we argue about
Don't even say I love you no more
Saying how we feel is no longer allowed
Some people will work things out
And some just don't know how to change

Let's don't wait 'til the water runs dry
We might watch our whole life pass us by
Let's don't wait 'til the water runs dry
We'll make the biggest mistake of our lives
Don't do it, baby

Ooh, ooh, ooh, ooh
Now, now they can see the tears in our eyes, yeah
But we deny the pain that lies deep in our hearts
Well, maybe that's a pain we can't hide
'Cause everybody knows and we're both torn apart
Why do we hurt each other?
Why do we push love away?

Let's don't wait 'til the water runs dry (no, no baby)
We might watch our whole life pass us by (we may watch our whole life)
Let's don't wait 'til the water runs dry
We'll make the biggest mistake of our lives
Don't do it, baby
Ooh, ooh, ooh, ooh

Some people will work things out
And some just don't know how to change

Let's don't wait 'til the water runs dry (no, no)
We might watch our whole life pass us by (pass us by)
Let's don't wait 'til the water runs dry (dry)
We'll make the biggest mistake of our lives
Don't do it, baby

Ooh, ooh, ooh, ooh
Don't do it, baby
Ooh, ooh, ooh, ooh
Don't do it, baby",1994,1.0,3:21
Mary J. Blige - Everything [Share My World],Z:/Throwbacks 90s2000s/Mary J. Blige - Everything [Share My World].mp3,,299076,Music,Throwbacks 90s2000s (Smooth),10000,0,20000,0,261,"My everything, everything, everything
You are my everything, you are my everything
You, my everything

It's all because of you
I'm never sad and blue
You brighten up my day
In your own special way
Whenever you're around
I'm never feeling down
You are my trusted friend
On you I can depend

You take me away from the pain and you bring me paradise
And when on a cloudy days, you brought sunshine in my life
It never occurred to me, the first time I saw your face
I would fall so deep in love that your love can't be replaced
You are my (you are) everything (you are my everything)
Love so good (love so good, so good, so good, so good) only you can bring
You are my (you are my) everything
You are everything, and everything is you

My darling, only you can make my dreams come true
And every night I pray you'll never go away
I promise I will try until the day I die
To treat you like a king cause you are my everything

You take me away from the pain and you bring me paradise
And when on a cloudy days, you brought sunshine in my life
It never occurred to me, the first time I saw your face
I would fall so deep in love that your love can't be replaced
You are my (you are) everything (you are my everything)
Love so good (love so good, so good, so good, so good) only you can bring
You are my (you are my) everything
You are everything, and everything is you

(When your loving me)
With your loving arms around me
(When your loving me)
Said i feel so safe about security
(When your loving me)
Forever oooo i want you to hold me
My every every every everything everything

You are my (you are) everything (you are my everything)
Love so good (love so good, so good, so good, so good) only you can bring
You are my (you are my) everything
You are everything, and everything is you

Take me away
You are everything, and everything is you

You are my (you are) everything (you are my everything)
Love so good (love so good, so good, so good, so good) only you can bring
You are my (you are my) everything
You are everything, and everything is you",1997,1.0,4:59
Case - Happily Ever After [Personal Conversation],Z:/Throwbacks 90s2000s/Case - Happily Ever After [Personal Conversation].mp3,,276036,Music,Throwbacks 90s2000s (Smooth),10000,0,20000,0,258,"Guess what I did today
Those were the words I said to you
It was last May, don't know the exact day
In my hand, there was a ring
Then you told me that you loved me
More than anything in your life
So I asked you would you do me
The honor of being my wife

(Yes I will)
I will be your man
Your protector, your best friend
'Til my humble life has ended
And time begins again, couldn't we be

Couldn't we be happily ever after?
We could be strong together for so long (our love will grow so strong)
Couldn't we be happily ever after? (Couldn't we be, baby?)
Leaving you never 'til forever's gone

When I was away, mm-mm
Some friends became just faces
Some people grew apart
But you stayed right in my heart
And so many times, I pictured this day inside my mind
And for so many years, ooh
I knew it would be you here with me, ooh

(Yes, I will)
Take you for my wife
The center of my life
And I will never ever fade
From this choice I've made, ooh, oh-yeah, yeah-yeah

Couldn't we be happily ever after? (Come on)
We could be strong together for so long (said my love is strong)
Couldn't we be happily ever after? (Couldn't we please, babe?)
Leaving you never 'til forever's gone (no, no, said, hey-yeah)

You don't have to look no further than me
Don't look no more, baby, yeah
You don't need much more than my loving to make you happy
I'm so happy, I'm so happy, babe
Beneath the sight of God
I would make this vow to you, so come on, baby
I'll be right here, stay with me
Said I'll be here, baby, hey

Couldn't we be happily ever after? (I said I wanna be, I said I wanna be)
We could be strong together for so long (oh, oh, I love you so much, my babe)
Couldn't we be happily ever after? (Couldn't we please, baby?)
Leaving you never 'til forever's gone (said no, no, said no, no)
(I will never leave you)

Couldn't we be happily ever after? (See today, I wanna make you my wife)
We could be strong together for so long (I wanna spend all of my life)
(Yeah, yeah, yeah, yeah) couldn't we be happily ever after?
(I won't ever leave) leaving you never 'til forever's gone (I'll never go nowhere)
(Oh no, never hurt you)",1999,1.0,4:36
Case - Faded Pictures [Personal Conversation],Z:/Throwbacks 90s2000s/Case - Faded Pictures [Personal Conversation].mp3,,229825,Music,Throwbacks 90s2000s (Smooth),10000,0,20000,0,262,"That's right (yo)
Life is funny, ain't it? (Yeah)
Sometimes you can end up with
Somebody you really don't wanna be with
And others left to figure it out (oh, sing it for me, Joe)
Check it

She was more than a woman, a goddess for all it seems
And all I ever needed was her right here loving me
For a while we were cool and the grooving of love was on
But I still remember how it felt when our love was gone

In a tattered picture book (yeah)
Was a photograph she took years ago
Secret memories in her mind (secret memories in her mind)
How could love be so unkind?
Heartbreak time
My heart is breaking, oh

Just in a broken glass
Like a mirror revealing
I see (what the woman is feeling)
Was it someone from a distant past?
Way back time ago
'Cause it's breaking my heart (my heart)
So won't you stare into the glass? (So, help me now)

As she turned through the pages, the tears roll down her face
I can see her reminiscing why her life had to be this way
Then she stopped as she came to a page where her diary ends
To smell the scent of an old rose from her lover, I suppose

In a tattered picture book (tattered picture book)
Was a photograph she took years ago
Secret memories in her mind (secret memories in her mind)
How could love be so unkind?
Heartbreak time

Faded pictures in a broken glass
Like a mirror revealing (like a mirror revealing)
What the woman is feeling
Was it someone from a distant past? (Was it someone from a distant past?)
'Cause it's breaking my heart (it's breaking my heart)
So won't you stare into the glass? (Stare into the glass)

The pictures keep spinning
As she stares into the glass, I'll be waiting
'Cause she's lost inside the past
The pictures keep spinning (spinning, spinning, spinning)
As she stares into the glass, I'll be waiting
'Cause she's lost inside the past (lost inside the past)

Faded pictures in a broken glass (in a broken glass)
Like a mirror revealing
What the woman is feeling
Was it someone from a distant past? (From a distant past)
Way back, long ago ('cause it's breaking my heart)
You're breaking my heart (so won't you stare into the glass?)
You're breaking my heart, girl

Faded pictures in a broken glass (in a broken glass)
Oh, mhm",1999,1.0,3:49
Silk - Girl U for Me [Lose Control],Z:/Throwbacks 90s2000s/Silk - Girl U for Me [Lose Control].mp3,,271491,Music,Throwbacks 90s2000s (Smooth),10000,0,20000,0,250,"Just ask me to do (ask and I'll do)
I'll do it for you (I will do it just for you)
There'll be no more games that we'll play

Tonight is the night (the night) and the mood is right (so right)
Baby, let me tell you, I'm in love with you tonight
The more love we make (we make) and the more love we take (we take)
Baby, let me tell you (oh, my baby), I won't let you get away

And girl you for me (oh, yeah) and girl me for you (I love you, baby)
I don't care what people might say (you know, no, no, no, no)
Just ask, and I'll do (do), I'll do it for you (you know I want you, girl)
There'll be no more games that we play

The night that we met (girl, I love you, girl) is the night I won't forget
How you touched my heart, and you made me realize (made me realize)
I knew you were the one, now after all was said and done
Baby, can I tell you (yeah-yeah-yeah-yeah), that I want you by my side (ooh)

Girl you for me (yeah-yeah-yeah-yeah) and girl me for you (I love you, baby)
I don't care what people might say (I don't care what they say)
Just ask, and I'll do (ask, and I will do), I'll do it for you (I'll do it just for you)
There'll be no more games that we play

Girl, I'm real, I'm freaking in love with you (I wanna freak you, come on)
I wanna see who can make who scream first
Girl, you make me scream
Girl, you make me scream
Girl, why don't we just make love (under the moon)
Under the moonlight
My man Gary will tell you what I'm talking about baby
(Girl, you in my heart, you're for me)

Girl you for me and girl me for you (me for you)
I don't care what people might say
I don't give a damn, I don't give a damn what they say
Just ask, and I'll do (I'll do it, baby), I'll do it for you (I'll do it for you, girl)
There'll be no more games that we play (I don't wanna play, I don't wanna play, I don't wanna play)
Girl you for me (oh, my sweeties, baby) and girl me for you (you got me crying, girl)
I don't care what people might say (I'm begging, I'm down on my knees begging you please)

Just ask, and I'll do, I'll do it for you (baby, baby)
There'll be no more games that we play
Girl, I want all, I want it, yeah, yeah, yeah, yeah, baby (baby)
My baby (baby)
Baby",1992,1.0,4:31
Keyshia Cole - I Should Have Cheated [The Way It Is],Z:/Throwbacks 90s2000s/Keyshia Cole - I Should Have Cheated [The Way It Is].mp3,,327758,Music,Throwbacks 90s2000s (Smooth),10000,0,20000,0,266,"Baby
First of all let me say
You can't accuse me of all the things
You know that you are guilty of
And I see
That it is easy for you to blame everything on me
If that's the case I should go have my fun
And do all the things you say I do
Boy, I can't
Continue to take this from you

I might as well have cheated on you (You)
As much as you accused me of cheatin'
I might as well have lied to you
As much as you accused me of lyin'
I might as well have gone to the club
As much as you accused me of clubbin'
I might as well have given away my love
As much as you accused me, I should have cheated

When you say I was out
With somebody else when my girl
Told me she saw you with some girl
But I didn't, accuse you of something that I didn't see myself
Realize, that I would never do anything to disrespect you
Trust me, you gotta stop accusing me

I might as well have cheated on you
As much as you accused me of cheatin'
I might as well have lied to you
As much as you accused me of lyin'
I might as well have gone to the club
As much as you accused me of clubbin'
I might as well have given away my love
As much as you accused me

Don't you know I wish I knew
That you would treat me this way
If you don't promise me
That you changed your ways I'm leaving today
And I ain't coming back and you made it like that
Was unfair to me, all this jealousy
I'm your everything, what will you do without me?
Why you trippin'?

I might as well have cheated on you
As much as you accused me of cheatin'
I might as well have lied to you (Oh)
As much as you accused me of lyin'
I might as well have gone to the club
As much as you accused me of clubbin'
I might as well have given away my love
(I should have gave it all away)
As much as you accused me, I should have cheated

I should have lied, I should have cheated
Maybe I should have went out to the club
Or maybe I, I should have done it
Should have given away all my love
Or maybe I, I should have played you
'Cause you don't appreciate me, no
And I tried to stay down with you
But you're making it hard for me

I might as well have cheated on you
As much as you accused me of cheatin'
I might as well have lied to you
As much as you accused me of lyin'
I might as well have gone to the club
As much as you accused me of clubbin'
I might as well have given away my love
As much as you accused me, I should have cheated

As much as you accused me of cheatin', I should have cheated
As much as you accused me of lyin'
As much as you accused me of clubbin'
As much as you accused me of cheatin', I should have cheated

I should have cheated
I should have cheated
I should have cheated
I should have cheated
I should have cheated",2005,1.0,5:27
Mary J. Blige - Real Love [What's The 411_],Z:/Throwbacks 90s2000s/Mary J. Blige - Real Love [What's The 411_].mp3,,270028,Music,Throwbacks 90s2000s (Smooth),10000,0,20000,0,268,"We are lovers, through and through
And though we made it through the storm
I really want you to realize
I really want to put you on

I've been searchin' for someone
To satisfy my every need
Won't you be my inspiration
Be the real love that I need?

Real love
I'm searchin' for a real love
Someone to set my heart free
Real love
I'm searchin' for a real love

Ooh, when I met you I just knew
That you would take my heart and run
Until you told me how you felt for me
You said I'm not the one

So I slowly came to see
All of the things that you were made of
And now I hope my dreams and inspirations
Lead me to want some real love

Real love
I'm searchin' for a real love
Someone to set my heart free
Real love
I'm searchin' for a real love
I got to have a real love

Love so true
And, oh baby, I thought that your love was true
I thought you were the answer to the question in my mind
But it seems that I was wrong
If I stay strong maybe I'll find my real love

So I try my best and pray to God
He send me someone real
To caress me and to guide me
Towards a love my heart can feel

Now, I know I can be faithful
I can be your all in all
I'll give you good lovin' through the summertime
Winter, spring and fall

Real love
I'm searchin' for a real love (real love, real love)
Someone to set my heart free (real love)
Real love
I'm searchin' for a real love (I, I, I)

Real love
I'm searchin' for a real love
Someone to set my heart free
Real love
I'm searchin' for a real love

You see I'm searching for a real love and I don't know where to go
Been around the world and high and low and still I'll never know
How it feels to have a real love 'cause it seems it's not around
Gotta end it in this way because it seems he can't be found

Real love
I'm searchin' for a real love
Someone to set my heart free
Real love
I'm searchin' for a real love

Real love
I'm searchin' for a real love
Someone to set my heart free
Real love
I'm searchin' for a real love
Real love",1992,1.0,4:30
Keith Sweat - Nobody (feat. Athena Cage) [Keith Sweat],Z:/Throwbacks 90s2000s/Keith Sweat - Nobody (feat. Athena Cage) [Keith Sweat].mp3,,264829,Music,Throwbacks 90s2000s (Smooth),10000,0,20000,0,264,"I want to tease you
I want to please you
I want to show you baby
That I need you

I want your body
'Till the very last drop
I want you to holler
When you want me to stop

And who can love you like me (nobody)
Who can sex you like me (nobody)
Who can treat you like me now, baby (nobody)
Nobody, baby (nobody)
And who can do it like me (nobody)
And who can give you what you need (nobody)
Who can do you all night long (nobody)
Nobody, baby (nobody)

I want the night
For me and you
So come here baby
And let me do it to you

Don't be afraid
'Cuz I won't bite
I promise to give it to you
Just the way you like

And who can love you like me (nobody)
Who can sex you like me (nobody)
Who can lay your body down (nobody)
Nobody, baby (nobody)
And who can treat you like me (nobody)
Who can give you what you need (nobody)
And who can do you all night long (nobody)
Nobody, baby (nobody)
And the band keeps playing on

On, on, on, and on, on
On, on, on, and on, on
On, on, on, and on, on
Nobody, baby
On, on, on, and on, on
On, on, on, and on, on
On, on, on, and on, on
Nobody baby

I want you right now for my lover
Oh yes I do
Place no one above you
Oh yes I do
If you need love
I'll be right
I'll be right there, baby
Oh yes I will
Oh yes I will baby
Oh yes I will baby

And who will love you like me (nobody)
Who can sex your body like me baby (nobody)
Who can do it like me, baby (nobody)
No, no, no (nobody)

Who can lay you down just like me (nobody)
Who can kiss you all over your body, baby (nobody)",1996,1.0,4:24
Erykah Badu - Certainly (Flipped It) [Baduizm],Z:/Throwbacks 90s2000s/Erykah Badu - Certainly (Flipped It) [Baduizm].mp3,,326087,Music,Throwbacks 90s2000s (Smooth),10000,0,20000,0,240,"Uh, Flip with me
Might be cool

Who gave you permission to rearrange me
Certainly not me
Who told you that it was alright to love me
Certainly, certainly not me

I was not looking for no love affair, baby
(And now you wanna fix me)
Was not looking for no love affair
(And now you want to mold me)
I was not looking for no love affair, baby
(Now you wanna kiss me)
I was not looking for no love affair
(And now you wanna control me)
Hold me

I know you're trying to get creative with my love
And that's alright, but
You tried to get a little tricky
Turned my back
And then you slipped me a mickey

Certainly, certainly, certainly not me (I wasn't ready)
Certainly, certainly, certainly not me
Certainly, certainly, certainly not me
Certainly, certainly, certainly not me

The world is mine when I wake up (when I wake up)
I don't need nobody tellin' me the time, oooh uh uh oh

Who gave you permission to rearrange me
Certainly not me
No way, no
Who told you that it was alright to love me
Certainly, certainly not me

I was not looking for no love affair
(And now you wanna fix me)
I was not looking for no love affair
(And now you want to mold me)
I was not looking for no love affair
(Now you wanna kiss me)
I was not looking for no love affair
(And now you wanna control me)
Hold me

I know you're trying to get creative with my love
And that's real cute, boy
You tried to get a little tricky
Turned my back
And then you slipped me a mickey

Certainly, certainly, certainly not me (Ooh)
Certainly, certainly, certainly not me (Ooh)
Certainly, certainly, certainly not me (Ooh)
Certainly, certainly, certainly not me (Ooh)

You know that that was mine
When I wake up (When I wake up)
I don't need nobody tellin' me the time, no
The world is mine, mine, mine, mine, mine, uh, (When I wake up)
I don't need no nigga
Rollin' over
Lookin' after me

No no
No no
No no
No no
No no
No no
No no no no no no no no, no

Oh no, oh no, ohh
I don't need, I don't need, no
No no no no
No no no no no no no no no, oh

(And then he slipped me a mickey) ooouuh
(And then he slipped me a mickey) (You know I wasn't ready)
(And then he slipped me a mickey) ('cause I admit baby)
(And then he slipped me a mickey) (baby)
(And then he slipped me a mickey) (oooh)
(And then he slipped me a mickey) (oh no nono)
(And then he slipped me a mickey) (yeah, and he slipped)
(And then he slipped me a mickey) (and he slipped he slipped)

Oh, oh no, no no no no no no no no oh
Oouh oh no oh, hey
Love affair, love affair, was over 'cause it was no love affair, no
Oohh ohh, ouuh oh
Aah oh",1997,1.0,5:26
Janet Jackson - All For You [All For You] (1),Z:/Throwbacks 90s2000s/Janet Jackson - All For You [All For You] (1).mp3,,329979,Music,Throwbacks 90s2000s (Smooth),10000,0,20000,0,267,"All my girls at the party, look at that body
Shakin' that thing like you never did see
Got a nice package alright
Guess I'm gonna have to ride it tonight
All my girls at the party, look at that body
Shakin' that thing like you never did see
Got a nice package alright
Edit; four, three, two, one

It's all for you
If you really want it
It's all for you
If you say you need it
It's all for you
If you gotta have it
It's all for you if you make a move
It's all for you

I see you staring out the corner of my eye
You seem uneasy, want to approach me, throw me a line
But then something inside you grabs you says, ""Who am I?""
I know exactly 'cause it happens with all the guys

So you so what you gonna do
Come on and talk to me
Promise you won't even have an attitude
I'll let you sit right next to me
Don't join the list with the other fools
That ain't the way to be
Yes, it's cool, yes, I'm in the mood
Intimidations got that mind

It's all for you
If you really want it
It's all for you
If you say you need it
It's all for you
If you gotta have it
It's all for you if you make a move
It's all for you

Tell me I'm the only one
It's all for you
Soon you'll be having fun
It's all for you
Come over here and get some
It's all for you if you make a move
It's all for you

Can't be afraid or keep me waiting for too long
Before you know it I'll be outta here, I'll be gone
Don't try to be all clever, cute, or even sly
Don't have to work that hard
Just be yourself and let that be your guide

So you so what you gonna do
So come on talk to me boy
Promise you won't even have an attitude
I'll even let you sit right next to me
Don't join the list with the other fools
That ain't the way to be boy
Yes, it's cool, yes, I'm in the mood
Intimidation every time

It's all for you
If you really want it
It's all for you
If you say you need it
It's all for you
If you gotta have it
It's all for you if you make a move
It's all for you

Tell me I'm the only one
It's all for you
Soon you'll be having fun
It's all for you
Come over here and get some
It's all for you if you make a move
It's all for you

All my girls at the party, look at that body
Shakin' that thing like you never did see
Got a nice package alright
Guess I'm gonna have to ride it tonight
All my girls at the party look at that body
Shakin' that thing, like you never did see
Got a nice package alright
Guess I'm gonna have to ride it tonight

It's all for you
If you really want it
It's all for you
If you say you need it
It's all for you
If you gotta have it
It's all for you if you make a move
It's all for you

All my girls at the party, look at that body
Shakin' that thing like you never did see
Got a nice package alright
Guess I'm gonna have to ride it tonight
All my girls at the party, look at that body
Shakin' that thing like you never did see
Got a nice package all right
Guess I'm gonna have to ride it tonight

It's all for you
Tell me I'm the only one
Soon we'll be having fun
Come over here and get some
Soon we'll be having fun
Soon we'll be having fun (Soon we'll be having fun)
Soon we'll be having fun (Soon we'll be having fun)
Soon we'll be having fun (Soon we'll be having fun)
Soon we'll be having fun (Soon we'll be having fun)

Come over here and get some
Soon we'll be having fun
Soon we'll be having fun (Soon we'll be having fun)
Soon, you'll be fine
Soon we'll be having fun
Soon we'll be having fun (Soon we'll be having fun)

Guess I'm gonna have to ride it
Guess I'm gonna have to ride it tonight
Guess I'm gonna have to ride it
Guess I'm gonna have to ride it
Guess I'm gonna have to ride it tonight
Guess I'm gonna have to ride it",2001,1.0,5:29
jholiday - Suffocate (Superclean),Z:/Throwbacks 90s2000s/jholiday - Suffocate (Superclean).mp3,,220108,Music,Throwbacks 90s2000s (Smooth),10000,0,20000,0,257,"Now even though I try to play it off
I'm thinkin' 'bout you all day long
And I can't wait for shorty to come through
From your lips and back up to your eyes
My hands on your hips when we grind
I'm fantasizin' 'bout what I'm gon' do, to you

Got me fiendin' for her love, can't lie
Man, you should see how she got me
Spendin' all this time with her (With her)
And I couldn't leave her if I wanted to
Her love turns men into fools
Tell me what a man is to do

'Cause I can't breathe when you talk to me
I can't breathe when you're touchin' me
I suffocate when you're away from me
So much love you take from me
I'm goin' outta my mind

I can't breathe when you talk to me
I can't breathe when you're touchin' me
I suffocate when you're away from me
So much love you take from me
I'm goin' outta my mind

Whenever we up in this bed
And my fingers all in your hair
I wonder if you feel me watchin' you
'Cause I can't go a night without your lovin'
Got me lookin' at this phone
Every time it rings, I hope it's you, girl

Got me bracin' for your love
And I've, fallen for you, I can't lie
I just wanna be with you
And yes, she got me there, I said it
Somebody call the paramedics
Tell 'em to hurry up and come through

'Cause I can't breathe when you talk to me
I can't breathe when you're touchin' me
I suffocate when you're away from me
So much love you take from me
I'm goin' outta my mind

I can't breathe when you talk to me
I can't breathe when you're touchin' me
I suffocate when you're away from me
So much love you take from me
I'm goin' outta my mind

Don't ever leave me, girl
I need you inside my world
I can't go a day without you
And see, nobody else will ever do
I'll never feel like I feel with you

'Cause I can't breathe when you talk to me
I can't breathe when you're touchin' me
I suffocate when you're away from me
So much love you take from me
I'm goin' outta my mind

I can't breathe when you talk to me
I can't breathe when you're touchin' me
I suffocate when you're away from me
So much love you take from me
I'm goin' outta my mind (I'm goin' outta my mind)

Ooh, no, no, I can't breathe
Ooh, no, no, I can't breathe
Ooh, no, no, I can't breathe, ooh, no, no
Ooh, no, no, I can't breathe
Ooh, no, no, I can't breathe",2007,1.0,3:40
Case - Think Of You [Personal Conversation],Z:/Throwbacks 90s2000s/Case - Think Of You [Personal Conversation].mp3,,210364,Music,Throwbacks 90s2000s (Smooth),10000,0,20000,0,257,"No, no
No, no, oh no
You see it
No, no, no, no, no, no
Listen, baby

There's something crazy I'm feelin'
And I don't even know what I can do about it
It keeps me up in the evenin'
And I just can't clear my head of you

Baby, I don't know what it is that's tellin' me
That nothing could be more than lovin' you
I try to get my thoughts and my feelings together
But no matter how I try to find, it brings me back to you

In the morning (I think of you)
Late at night (baby, I think of you)
Every day (I think of you)
And every other day (ooh, I can too)
When it rains (I think of you)
When I cry (baby, I think of you)
I don't understand what makes me think of you
Baby, I just do

Every day, this feeling gets stronger
Not a minute or hour goes by that I'm not thinking of love
For the very first time in my life
I feel deep inside I know the answer in what I feel is real

Baby, now I know what it is that's been tellin' me
That nothing could be more than lovin' you
And now I've got my thoughts and feelings together
See, I understand the vibe I'm gettin', now I run to you

In the morning (I think of you)
Late at night (baby, I think of you)
Every day (I think of you)
And every other day (ooh, I can too)
When it rains (I think of you)
When I cry (baby, I think of you)
I don't understand what makes me think of you
Baby, I just do

In the morning (I think of you)
Late at night (baby, I think of you)
Every day (I think of you)
And every other day (ooh, I can too)
When it rains (I think of you)
When I cry (baby, I think of you)
I don't understand what keeps me (keeps me) thinking of you

I do (I think of you)
Baby, baby (baby, I think of you)
All I (I think of you)
Every other day and night (I think of you)",1999,1.0,3:30
Tony! Toni! Toné! - If I Had No Loot [Sons Of Soul],Z:/Throwbacks 90s2000s/Tony! Toni! Toné! - If I Had No Loot [Sons Of Soul].mp3,,241502,Music,Throwbacks 90s2000s (Smooth),10000,0,20000,0,244,"Talkin' 'bout them times when I was by myself
I would always be lookin' for somebody else
But as time went on I had a talk with my mind
Friends like you and you I gotta leave behind
And so, you call me your friend but you only want my gifts
And I'll never see you if I had no loot
I'll never see them
I'm just glad I know the truth
And I'm payin' my own bills
And I'll never ever depend on you
Friends and enemies around me everyday
I can't believe half the things they say
Takin' me for granted givin' no credit at all
I'll just keep bouncin' like a bouncin' ball
Everybody seems to disappear on me
Can't trust no one as far as I can see
If I could be that fly that's on the
Wall, listenin' to my friends talk about it all
You call me your friend
But you only want my gifts
And I'll never see you if I had no loot
I'll never see them
I'm just glad I know the truth
And I'm payin' my own bills
And I'll never ever depend on you
Sons Of Soul, y'all
I don't mean to step on nobody's foot, but ah -
When I need somebody there's nobody to call
When they need me
My phone rings off the wall
But these are my friends
And that so what they say
Constantly takin' from me everyday, you say
You call me your friend
But you only want my gifts
And I'll never see you if I had no loot
I'll never see them
I'm just glad I know the truth
And I'm payin' my own bills
And I'll never ever depend on you
Sons Of Soul, y'all",1993,1.0,4:01
Jamie Foxx - Can I Take U Home (Main) [Unpredictable],Z:/Throwbacks 90s2000s/Jamie Foxx - Can I Take U Home (Main) [Unpredictable].mp3,,255739,Music,Throwbacks 90s2000s (Smooth),10000,0,20000,0,261,"You know what I want want
I know what you want want
Tell me what I want want
I'll tell you what you want want

You know what I want want
I know what you want want
Tell me what I want want
I'll tell you what you want want

So many ladies in the room (in the room)
All that I can see is you (see is you)
This dime piece is in this place (place)
But you came through and took the cake (whoooh)

Cause I know what I like
And I know what I want
And I know how to get it
Let me in your world (yeah)
Yes I know what I like
And I know what I want (want)
And I know how to get it
Let me prove it to you one on one

Can I take you home girl (can I take you home girl)
Get you all alone girl (get you all alone girl)
And do you like I want to (aayyeah)
Kiss you like I want to (kiss it like I want to)
Can I take you home girl
Get you all alone girl (get you all alone girl)
And do you like I want to
Kiss you like I want to
And love you like I want to

I'm staring at you eye to eye (eye to eye)
I'm nothin' like these other guys (other guys)
Let me drop this on yo mind (on yo mind)
I'm not here to waste your time

Cause I know what I like (I know what I)
And I know what I want (I know what I)
And I know how to get it
Let me in your world (whooohh)
Yes I know what I like
And I know what I want (what I want)

And I know how to get it
Let me prove it to you one on one

Can I take you home girl(can I take you home girl)
Get you all alone girl(get you all alone girl)
And do you like I want to
Kiss you like I want to (kiss you kiss you
Can I take you home girl(can I take you home girl)
Get you all alone girl(and get you all alone girl)
And do you like I want to (and do you do you do you do you)
Kiss you like I want to
And love you like I want to

I don't wanna leave (I don't wanna leave)
Unless you leavin' with me babe (you leavin' wit' me babe)
Now I believe in fate
It's like heaven sent you girl(heaven sent you to me)
I don't wanna leave (I don't wanna leave)
Unless you leavin' with me babe (you leavin' wit' me baby)
Now I believe in fate
It's like heaven sent you girl

You know what I want want
I know what you want want
Tell me what I want want
I'll tell you what you want want
You know what I want want
I know what you want want (I know what you want want you know what I want want)
Tell me what I want want
I'll tell you what you want want

Can I take you home girl(can I take you home girl)
Get you all alone girl(get you all alone girl)
And do you like I want to (and do you like I want to)
Kiss you like I want to (kiss you like I ooh)
Can I take you home girl(I'm just down the street baby)
Get you all alone girl(come and go wit' me)
And do you like I want to (and do you like I want)
Kiss you like I want to (kiss you like I)
And love you like I want to (love you like I want to babe)",2005,1.0,4:15
Troop - Sweet November [Deepa],Z:/Throwbacks 90s2000s/Troop - Sweet November [Deepa].mp3,,286380,Music,Throwbacks 90s2000s (Smooth),10000,0,20000,0,257,"Baby, what's wrong with us?
I feel a storm coming.
When autumn first arrived you were my lady.
And love was written in the wind to show
And with the change of months there came October.
And now I wonder where our love did go.
It was the second rain of autumn we shared our feelings.
It was such, such a glorious autumn dream, yes it was.
But like kids we were too shy to say to each other that together, we would always like to be.
Someday soon I know we'll come together.
Even though our feelings change as seasons do.
But, maybe sweet November will tell us the story that will bring us back the love that we both knew.
When autumn first arrived you said you'd be my lady and you promised me that you would never go, ooh hoo.
And with the change of months there came October and now I'm wondering Where?
Where did our love go?
It was the second rain of autumn (second rain of autumn) we shared our feelings.
And it was such, such a glorious autumn dream, yes it was.
But like kids we were too shy to say to one another that together we would always like to be.
Someday soon I know we'll come together.
Even though our feelings change as seasons do.
But maybe sweet November will tell us the story that will bring us back the love that we both knew.",1992,1.0,4:46
Dru Hill - These Are The Times [Enter The Dru],Z:/Throwbacks 90s2000s/Dru Hill - These Are The Times [Enter The Dru].mp3,,248451,Music,Throwbacks 90s2000s (Smooth),10000,0,20000,0,248,"God knows that you're a sexy thang
It's taking everything in me
Not to kiss you over, under
Feel you inside, feel my thunder
How the hell could I not want you

Girl, it don't have to be a thang
I'll wait for you, you wait for me, baby
'Cause true love is consistent
We don't have to rush at all, baby, yeah

These are the times we all wish for
The moment we less means so much more
We don't have to do a thing at all
We take our time and talk

And this is the way things need to be
No pressure from you and none from me
Just let the mood set the moment off
We can make love or not at all

Be thinkin' 'bout you all the time
Mornin', noon and supper time, baby
Tear you up in little pieces
Swallow you like reeses pieces
Come on girl, you know I need you

(I know)
It ain't supposed to be a thing
(I know)
I'll wait for you, you wait for me
(And I know)
True love's consistent, we don't have to rush at all

These are the times we all wish for
The moment we less means so much more
We don't have to do a thing at all
We take our time and talk

And this is the way things need to be
No pressure from you and none from me
Just let this mood set the moment off
We can make love or not at all

I don't make promises 'cause I know my heart gets weak
When I get around you girl, it makes them hard to keep
'Cause you bring out the best, make me the man
God knows I'm proud to be, baby, yeah

These are the times we all wish for
The moment we less means so much more
We don't have to do a thing at all
We take our time and talk

And this is the way things need to be
No pressure from you and none from me
Just let the mood set the moment off
We can make love or not at all

These are the times we all wish for
The moment we less means so much more
We don't have to do a thing at all
We take our time and talk

And this is the way things need to be
No pressure from you and none from me",1998,1.0,4:08
K-Ci & JoJo - Last Night's Letter [Love Always],Z:/Throwbacks 90s2000s/K-Ci & JoJo - Last Night's Letter [Love Always].mp3,,278361,Music,Throwbacks 90s2000s (Smooth),10000,0,20000,0,254,"Baby listen

I was sittin' at home, thinkin' to myself
I started thinkin' 'bout you
How much I do love you, I really do
I would never trade you, never forsake you
'Cause nothin' could be better
That's why I wrote you this letter, I love you always lady

Last night I wrote a short letter
(I wrote a short letter)
And it went this way
(And it went this way)
Dear baby I love you just thinkin' of you
(I love you just thinkin' of you)
Love always

Last night
(Baby)
I wrote a short letter
(I wrote a short letter for you)
And it went this way
(And it went this way)
Dear baby I love you just thinkin' of you
(Yeah yeah yeah yeah)
Love always

Now I know I could've called, but it seems much better this way
'Cause I'm missin' baby, I'm so blessed you're my lady, lady
(You're my lady, you're my lady)
Now you know I can't wait until tomorrow
When your in my arms again, holdin' and kissin' you
Doin' the things we love to do until then

Last night
I wrote a short letter
And it went this way
(Went this way)
Dear baby I love you
(I love you)
Just thinkin' of you
(I'm just thinkin' of you)
Love always
(Baby)

Last night
(Oh yeah)
I wrote a short letter
(Yes I did)
And it went this way
(Yes I did)
Dear baby I love you just thinkin' of you
(Ooh)
Love always

Ooo, ooo
(Oh baby)
Ooo, ooo, ooo, ooo
(All the things you do for me, do it for the things you wanna do for me)
Ooo
(Baby)
Ooo
(Oh baby)
Ooo, ooo, ooo, ooo

Last night
(Oh yeah)
I wrote a short letter
(I wrote it)
And it went this way
(Went this way)
Dear baby I love you just thinkin' of you
(Yeah yee yeah)
Love always",1997,1.0,4:38
Mariah Carey - One Sweet Day,Z:/Throwbacks 90s2000s/Mariah Carey - One Sweet Day.mp3,,280816,Music,Throwbacks 90s2000s (Smooth),10000,0,20000,0,251,"Sorry I never told you
All I wanted to say
And now it's too late to hold you
'Cause you've flown away
So far away-ay-ay-ay

Never had I imagined
Living without your smile
Feeling, knowing you hear me
It keeps me alive, alive

And I know you're shining down on me from Heaven
Like so many friends, we've lost along the way
And I know eventually we'll be together (together)
One sweet day, I'll wait patiently to see you in heaven

Darlin', I never showed you, ooh-no-no (I never showed you)
Assumed you'd always be there, always be there (I thought you'd always be there)
And I, I took your presence for granted
But I always cared (but I always cared)
And I miss the love we shared

And I know you're shining down on me from Heaven (ooh)
Like so many friends, we've lost along the way (lost along the way)
And I know eventually we'll be together (I know, I know)
One sweet day
And all that I know is I'll wait patiently to see you in Heaven (whoa)

Although the sun will never shine the same
I'll always look to a brighter day (yeah, yeah)
Lord, I know when I lay me down to sleep
You will always listen as I pray

And I know you're shining down on me from Heaven
Like so many (like so many) friends, we've lost along the way
And I know eventually we'll be together (yes I know, I know we'll be together)
(Yeah) one sweet day (one sweet day, one sweet day)

(Oh, yeah) and I know you're shining down on me from Heaven (I'll see you eventually)
Like so many friends, we've lost along the way (I know you're looking for a Heaven)
And I know, I know, I know eventually we'll be together
Ooh-ooh (yes, we will)
One sweet day (one sweet day)

Patiently to see you in Heaven
Sorry I never told you, ooh
All I wanted to say",1998,1.0,4:40
K-Ci & JoJo - Life [Life (Music Inspired By The Motion Picture)],Z:/Throwbacks 90s2000s/K-Ci & JoJo - Life [Life (Music Inspired By The Motion Picture)].mp3,,222616,Music,Throwbacks 90s2000s (Smooth),10000,0,20000,0,254,"Just like a birdie, I just want to fly free (so high, so high)
And own a piece of land
Somewhere, somewhere off in a country (ooh, oh yeah, listen)

Temperature's like a hundred degrees
Like I got chains on me
Black male in a family of three
Been robbed of my destiny
Reckon I'll fly away
'Cause it's too much for the man
Shouldn't have gone down this way
What happened to my master plan?
'Cause I can't figure out
I could have been a loved child
Shouldn't have gone down this way

Tell me how did I get life?
Life, life (whoa, whoa-yeah)
Life, life (talk to me)
Life, life (oh-oh)
Life, life
How did I get life?
Life, life (tell me)
Life, life (oh yeah)
Life, life (ooh, ooh)
Life, life (oh yeah, oh yeah)

Oh, somebody done done me wrong
Done me wrong (done me wrong)
My eyes to the ceiling all night long, all night long
Time is slipping away from me (away from me)
And it ain't no telling when I'll get home
I gotta get home, yeah
Just about to see the dollar signs (oh yeah)
That close to a piece of mine
Everything was about to be fine

So tell me, so how did I get life?
Life, life
Life, life
Life, life (tell me)
Life, life (yeah, I wanna know now, now)
Life, life
Life, life (you know, and you know, and you know)
Life, life
Life, life

Everything (everything)
Everything
I hope for (that I hope for)
Is gone now (is gone now)
Buried in the ground (buried in the ground)
Hopes and dreams (my hopes and dreams)
And all those things (and all those things)
I'll never see (I will never, never see)
Said I'll never see (somebody gave me life)

Life, life (yeah, yeah)
Life, life (yes, they did)
Life, life (yeah)
Life, life
Life, life (oh yeah)
Life, life
Life, life
Life, life (ooh, ooh-life)
Life, life (somebody gave me life)
Life, life
Life, life
Life, life (say it again, say it again, yeah)
Life, life (ooh-wee)
Life, life (ooh)
Life, life
Life, life",1999,1.0,3:42
Mint Condition - Is This Pain Our Pleasure [Life's Aquarium],Z:/Throwbacks 90s2000s/Mint Condition - Is This Pain Our Pleasure [Life's Aquarium].mp3,,273894,Music,Throwbacks 90s2000s (Smooth),10000,0,20000,0,269,"Written by: Keri Lewis, Stokley Williams

Spoken
Sometimes relationships
Sometimes they just don't work out
You gotta do what you gotta do
You know?

Damn
We tried so hard to get it right
But this relationship has been denied
Between the sheets we thought that everything would be alright
Talk
That's something we both used to do
But now you always got an attitude
Don't know what we supposed to do, and I don't know what to say but

Chorus
Is this pain or pleasure, cause all we do is firhgt
Been so wrong for so long girl, that it's feeling right (2x)

I'm looking
At you baby lookin' so good
When any man sees you it's understood
Why I would do the things I do, just to be with you
Oh, I love you
And then sometimes I feel that I can't stand you
But I just can't bring myself to leave you
And you keep pushing me away from you, and I don't know what to say

Chorus 2x

Bridge
Oh why, oh why, oh why
Do we do what we do baby
Oh why we fuss and fight
Between me and you baby",1999,1.0,4:33
"Case - Touch Me Tease Me (feat. Foxy Brown) [Reload RnB, vol. 2]","Z:/Throwbacks 90s2000s/Case - Touch Me Tease Me (feat. Foxy Brown) [Reload RnB, vol. 2].mp3",,224549,Music,Throwbacks 90s2000s (Smooth),10000,0,20000,0,240,"What, what just keep me laced up
Vanilla Tracy seasons Bacardi, I slip this Rah he
Us go round the Doe'shae, Garbana sippin' pure zae
With the ill, na, na and then we around

I had you and all your teasin' your Jones
Your royalties and your Pools so what the dill' is
What? Foxy Brown and Case, now we lace Bonnie and Clyde
Now makin' Jamaica breakn' all you paper

You're the only one for me
You're the only one I need
Can't no body make me feel
The way you makin' me feel
And girl you know this love is real

Touch me, tease me
Feel me and caress me
Hold on tight and don't let go
Baby, I'm about to explode
'Cause all my love, I can't control

I'll spend the night with you
If you promise you will do
All the things to make me scream
And you just what I mean
'Cause tonight you taste like ice cream

I wanna make you fall in love
Make you touch the stars above
Bring it low and be my friend
I'll come back again and again
And again and again and again

Touch me, tease me
Feel me and caress me
Hold on tight and don't let go
Baby, I'm about to explode
'Cause all my love, I can't control
Can you feel me comin' down

What? Let me get that Lex
Lovin' sex, what up in the Quarry'os flashin'
Look at that Saturn Lobes and Laya Jets Coupes
My one stackin', you didn't know that I be mack'n

The extra set of keys, the thirty Gees
Then trips to Beliz had you living on your knees
Not to mention the laced out crib in Dallas
The Forty room palace that made you style this

Touch me, tease me
Feel me and caress me
Hold on tight and don't let go
Baby, I'm about to explode
'Cause all my love, I can't control

Touch me, tease me
Feel me and caress me
Hold on tight and don't let go
Baby, I'm about to explode
'Cause all my love, I can't control

Touch me, tease me
Feel me and caress me
Hold on tight and don't let go
Baby, I'm about to explode
'Cause all my love, I can't control",1996,1.0,3:44
"Avant - Don't Say No, Just Say Yes [Ecstasy]","Z:/Throwbacks 90s2000s/Avant - Don't Say No, Just Say Yes [Ecstasy].mp3",,274730,Music,Throwbacks 90s2000s (Smooth),10000,0,20000,0,249,"Oh, yes
Oh, babe
Yes, babe
Oh, yes
Oh, babe
Yes, babe
(I hope she answers my prayer tonight)

Open your heart and let me pour my loving
Inside of you, baby (inside of you)
You make me feel like living and breathing again
I wanna touch you (I wanna touch you)
Don't say

Don't say, don't say no (don't say no)
Just say yes (say yes to me), oh babe (my babe)
Your body's what I need (it's what I need)
Don't say, don't say no (don't say no)
Just say yes, oh babe (mm-mm)
I can hear you calling me (ooh)

You're my diamond that shines all of the time
Oh, mercy me, yeah, yeah
You make me reach my peak
That day you told me that you wanted me
Don't be afraid, babe

Don't say, don't say no (so don't say no)
Just say yes (my babe), oh babe
(Your body is all I need, ooh, girl) your body's what I need
Don't say, don't say no (baby, don't)
Just say yes (baby, say), oh babe (oh babe)
I can hear you calling me (ooh, yeah)

You are my season (season)
And you are the reason I feel the way I do
As our bodies become as one (become as one)
You're my star (my star)
That's what you are (you are, you are)

Don't say, don't say no (don't say)
(Baby, please say) just say yes, oh babe (say yes, baby)
Your body's what I need (that's all I wanna hear)
Don't say, don't say no (your body on me)
(Girl, I need your company) just say yes, oh babe
(Ooh-wee, ooh-wee) I can hear you calling me

Now let me hear you say yes (say yes, say yes)
Say yes (say yes, say yes)
Say yes (say yes, say yes)
Oh yeah, oh yeah, oh yeah
Now let me hear you say yes (say yes, say yes)
Say yes (say yes, say yes)
Say yes (say yes, say yes)
Oh yeah, oh yeah, oh yeah

Come here, baby, lay down right here
I don't wanna talk no more
I can feel you, your body all over mine
Ooh-wee, open your door for me
I'm coming in

Knock-knock
Knock-knock, babe
Knock-knock
Knock-knock, babe
Knock-knock
Knock-knock, babe
Knock-knock",2002,1.0,4:34
Tony! Toni! Toné! - Thinking Of You [House Of Music],Z:/Throwbacks 90s2000s/Tony! Toni! Toné! - Thinking Of You [House Of Music].mp3,,238838,Music,Throwbacks 90s2000s (Smooth),10000,0,20000,0,249,"Tony Toni Tone
Thinking Of You

Hey whassup?
Yeah, whatchu been up to
Is that right, like that there
I been missing you, ya know
But I want you to know something
I been thinking

Oh, ummmm
And I've been thinking, yeah
I been thining of you
Um hum
You been thinking of me

Since the first day I ever layed my eye
Upon your face
I knew you'd be mine
And since the time you gave me your tiny hand
I knew I wanted to be your man

And I been thinking
I been thinking of you
Ha ha, I just wanna know if you been thinking about me girl
You been thinking of me
I know it was a long time ago but I want to know
I been thinking of you
Ha, I just wanna know if you, you been thinking about me too
You been thinking of me

Now I know it's been about a year since I kissed you
On your face
But I want you to know I remember the feeling that day
And I want to feel it that same way
But I gotta let you know, yeah

I been thinking about it
That I been looking
I been thinking about it
And I been searching
I been thinking about it
And I been walking
I been thinking about it
And I been talking
I been thinking about it
And also stalking
I been thinking about it
In my mind
I want you to know
I been thinking

That I been thinking
I been thinking of you
I just want to know today, are you thinking girl
You been thinking of me
When it gets late at night I wanna know
I been thinking of you
I just want to know have you been thinking girl
You been thinking of me

But I say I been thinking
I been thinking about it
I been searching
I been thinking about it
And I been looking
I been thinking about it
I been walking
I been thinking about it
And I been talking
I been thinking about it
And I been stalking
I been thinking about it
In my mind
I want you to know
I been thinking

That I been thinking
I been thinking of you
Yeah, I wanna know you been thinking baby
You been thinking of me
I been thinking about you for a long time
I been thinking of you
I just want to know, maybe are you thinking about me
You been thinking of me

I find myself looking at the clock on the wall
I been thinking of you
And everything that crawls around my home
You been thinking of me
See sometimes I even wanna call the police, ya see
I been thinking of you
And put out a APB and try to find you, try to find you baby
You been thinking of me
Ya know sometimes I want to call America's Most Wanted
I been thinking of you
Cuz you most wanted in my life
You been thinking of me
Yeah, yeah, and I'm just thinking about you",1996,1.0,3:58
Jamie Foxx - Blame It (Club Mix) (feat. T-Pain) [Intuition],Z:/Throwbacks 90s2000s/Jamie Foxx - Blame It (Club Mix) (feat. T-Pain) [Intuition].mp3,,289776,Music,Throwbacks 90s2000s (Smooth),10000,0,20000,0,260,"Blame it on the goose
Got you feeling loose
Blame it on patron
Got you in the zone

Blame it on the a-a-a-a-a-alcohol
Blame it on the a-a-a-a-a-a-alcohol

Ay she say she usually don't
But I know that she front
Cause shawty know what she want
But she don't wanna seem
Like she easy
I ain't sayin what ya wont do
But you know we probably gon do
What you been feenin
Deep insi-i-i-ide
Don't li-i-i-ie now

Girl what you drinking?
Gon let sink in
Here for the weekend thinkin we can
See what we can be if we
Press fast forward
Just one more round
If you're down I'm for it
Fill another cup up
Feelin on yo butt what?

You don't even care now
I was unaware of how
Fine
You was before my buzz set
In my buzz set inn

Blame it on the goose
Got you feeling loose
Blame it on patron
Got you in the zone

Blame it on the a-a-a-a-a-alcohol
Blame it on the a-a-a-a-a-alcohol

Blame it on the vodka
Blame it on the henny
Blame it on the blue tap
Got you feeling dizzy

Blame it on the a-a-a-a-a-alcohol
Blame it on the a-a-a-a-a-a-alcohol

Oooo, see
She spilled some drank on me
And now I'm knowin she's tipsy
She put her body on me
And she keep starin me
Right in my eyes
No tellin what I'm gon do
Baby I'm about to show you
What you been missin in
Your li-i-i-ife when I get
Insi-i-ide.

Girl what you drinking?
Gon let sink in
Here for the weekend thinkin we can
See what we can be if we
Press press forward
Just one more round
If you're down I'm for it
Fill another cup up
Feelin on yo butt what?

You don't even care now
I was unaware how
Fine
You was before my buzz set
In my buzz in

Blame it on the goose
Got you feeling loose
Blame it on patron
Got you in the zone

Blame it on the a-a-a-a-a-alcohol
Blame it on the a-a-a-a-a-alcohol

Blame it on the vodka
Blame it on the henny
Blame it on the blue tap
Got you feeling dizzy

Blame it on the a-a-a-a-a-alcohol
Blame it on the a-a-a-a-a-a-alcohol

Girl I know you feel good
Just like you look
Couple more shots you
Open up like a book
I ain't trippin
(Cause I'ma read ya)
Shawty I ain't trippin
(I just wanna please ya)

Im'a take a shot of nuvo
Shawty didn't you know
Whats going down
We can go & kick it like judo
You know what I mean
Shawty got drunk, thought it all was a dream
So I made her say, i-i i-i-i
Now she got her hand on my leg
Got my seats all wet in my ride
(All wet in my ride)
All over my ride
(All over my ride)

She looked me dead in the eye-eye-eyee
Then my pants got bigga'
She already knew what ta figure
Had her lookin at her boyfriend like
I-i i-i-i

Blame it on the goose
Got ya feeling loose
Blame it on patron
Got you in the zone

Blame it on the a a a a a alcohol
Blame it on the a a a a a alcohol

Blame it on the vodka
Blame it on the henny
Blame it on the blue tap
Got you feeling dizzy

Blame it on the a a a a a alcohol
Blame it on the a a a a a a alcoholl
Now to the ballers poppin bottles
With there henny in there cup
Screamin money aint a thang
If it aint throw it up in the skyyy
Hold your dranks up hi-i-i
To my independant ballers
Who can buy there own bottles
If your lookin like a model
When them broke fellas holler
Tell em' bye-e, throw your drinks up high
You can blame it on the goose
Got you feeling loose
Blame it on patron
Got you in the zone
Blame it on the a-a-a-a-a-alcohol
Blame it on the a-a-a-a-a-alcohol
Blame it on the vodka
Blame it on the henny
Blame it on the blue tap
Got you feeling dizzy
Blame it on the a-a-a-a-a-alcohol
Blame it on the a-a-a-a-a-a-alcohol",2008,1.0,4:49
Mint Condition - What Kind Of Man Would I Be [Definition Of A Band],Z:/Throwbacks 90s2000s/Mint Condition - What Kind Of Man Would I Be [Definition Of A Band].mp3,,264647,Music,Throwbacks 90s2000s (Smooth),10000,0,20000,0,258,"You know
We can't do this
We just can't

Listen

You say you feel disenchanted
'Cause lately he takes you for granted
Still faithful and true you've remained
And to her, so have I

You pour out your heart and I listen
And we catch a vibe, reminiscin'
Temptation so strong not to mention
The yearning inside

But what kind of man would I be
If I lived unfaithfully?
And what kind of girl would you be
If you did the same?
'Cause I don't wanna see her cry
And you don't need a reason to lie
'Cause if we lay down tonight
It won't justify throwin' love aside, no, no

This feelin' is strong and we know it
But we gotta see past the moment
There's too much to lose if we flow it
This is no lie

Still here we are close together
With promises made that we'd never
Yet feeling it now more than ever
I can't deny

But what kind of man would I be
If I lived unfaithfully?
And what kind of girl would you be
If you did the same?
I don't wanna see her cry
And you don't need a reason to lie
'Cause if we lay down tonight
It just won't justify throwing love aside

Here we are all alone
But somehow we've got to be strong

'Cause what kind of man would I be
If I lived unfaithfully?
And what kind of girl would you be
If you did the same?
I don't wanna see her cry (don't wanna see the tears in her eyes)
Don't need a reason to lie (and we don't need no alibis)
If we lay down tonight (she is the one, the only one I need)

Makes me wanna say, ooh
Just gotta say, ooh
Makes me wanna say, ooh
Just gotta say, ooh
What kind of man could I be?
Oh can't be unfaithful, sorry baby",1996,1.0,4:24
Tank - Maybe I Deserve [Force of Nature],Z:/Throwbacks 90s2000s/Tank - Maybe I Deserve [Force of Nature].mp3,,289332,Music,Throwbacks 90s2000s (Smooth),10000,0,20000,0,275,"Ooh, hey, hey, well, well, well
Do you mind if I tell the truth for a second, y'all? (Tell the truth)
Hey, hey
Maybe I deserve
To wonder who's calling so damn late
For you to say I'm trippin', it's just a homie from upstate (said it's just a homie)
Don't he know it's one o'clock in the morning
You say it's cool, baby, it's cool
Maybe I deserve
For you to say he's coming into town (later on this evening)
And he was just wondering if you and him can hang out
I don't like it but I know I gotta trust you
It ain't cool 'cause I know it's true
Maybe I deserve
For you to go out and find some other guy
Maybe I deserve
For you to stay out with him all night
Maybe I deserve
For you to do all the things I did to you
Maybe I deserve (oh yeah)
Maybe I deserve (oh yeah)
Maybe I deserve
For you to go out and find some other guy
Maybe I deserve
For you to stay out with him all night
Maybe I deserve
For you to do all the things I did to you
Maybe I deserve (oh yeah)
Maybe I deserve (oh yeah)
Maybe I deserve
For you to put on a sexy dress
For me to ask you, ""Who the hell you tryna impress?"" (the hell you tryna impress)
For you to laugh it off like it ain't nothin'
I know it's something, but maybe (maybe I deserve), just maybe
To sit a home and wonder where you are
Is he kissing you, touching you, holding you, what?
To take a drink and help ease my mind
I wanna be mad (wanna be), but after all those times
Maybe I deserve
For you to go out and find some other guy
Maybe I deserve
For you to stay out with him all night
Maybe I deserve
For you to do all the things I did to you
Maybe I deserve (oh yeah)
Maybe I deserve (oh yeah)
Maybe I deserve
For you to go out and find some other guy
Maybe I deserve
For you to stay out with him all night
Maybe I deserve
For you to do all the things I did to you
Maybe I deserve (oh yeah)
Maybe I deserve (oh yeah)
Maybe I deserve
For me to ask you where you been (maybe I deserve)
For you to say I better stop trippin' (maybe I deserve)
To grab your neck until you let me know (maybe I deserve)
For you to run crying, crying out the door (maybe I deserve)
To grab my coat and chase you down the street (maybe I deserve)
To say it ain't you, it's my own insecurity (maybe I deserve)
For you to say, ""Yes I cheated on you"" (maybe I deserve)
I won't care 'cause after all I put you through, maybe I deserve, girl (maybe I deserve)
To be mistreated sometimes (maybe I deserve)
To even be lied to sometimes, yeah, yeah, yeah (maybe I deserve)
Maybe, maybe you should go cheat on me (maybe I deserve)
(Maybe I deserve)
(Maybe I deserve)
Maybe I should sit and wait by the phone, uh (maybe I deserve)
'Cause I paged you about 3 or 4 times (maybe I deserve)
Girl, I know, girl, I know I then put you through (maybe I deserve)
Put you through hell
And I know that I, and I know that I
I know that I, that I deserve
See, a man can't take another man pleasing our woman, oh, no, no
We can't even stand waiting by the phone, uh
But we do the same shit",2001,1.0,4:49
Nelly Furtado - Maneater [Loose],Z:/Throwbacks 90s2000s/Nelly Furtado - Maneater [Loose].mp3,,258952,Music,Throwbacks 90s2000s (Smooth),10000,0,20000,0,264,"Take it back
Everybody look at me me
I walk in the door you start screaming
Come on everybody, what you here for?
Move your body around like a nympho
Everybody get your neck to crack around
All you crazy people come on jump around
I wanna see you all on your knees knees
You either wanna be with me or be me
(Come on now)
Maneater, make you work hard, make you spend hard
Make you want all of her love
She's a maneater, make you buy cars, make you cut cards
Make you fall real hard in love
She's a maneater, make you work hard, make you spend hard
Make you want all of her love
She's a maneater, make you buy cars, make you cut cards
Wish you never ever met her at all
And when she walks she walks with passion
When she talks she talks like she can handle it
When she asks for something boy she means it
Even if you never ever see it
Everybody get your neck to crack around
All you crazy people come on jump around
You doing anything to keep her by your side
Because she says she love you love you long time
(Come on now)
Maneater, make you work hard, make you spend hard
Make you want all of her love
She's a maneater, make you buy cars, make you cut cards
Make you fall real hard in love
She's a maneater, make you work hard, make you spend hard
Make you want all of her love
She's a maneater, make you buy cars, make you cut cards
Wish you never ever met her at all
Ahh
Ahh
(Oh! Ahh) yeahh
(Come on now)
Maneater, make you work hard, make you spend hard
Make you want all of her love
She's a maneater, make you buy cars, make you cut cards
Make you fall real hard in love
She's a maneater, make you work hard, make you spend hard
Make you want all of her love
She's a maneater, make you buy cars, make you cut cards
Wish you never ever met her at all
No, never ever met her at all
(What you sayin' girl?)
You wish you'd never ever met her at all
(What you sayin' girl?)
You wish you'd never ever met her at all
(What you sayin' girl?)
You wish you'd never ever met her at all
(Come on!)
You wish you'd never ever met her at all
(What you sayin' girl?)
You wish you'd never ever met her at all
(What you sayin' girl?)
You wish you'd never ever met her at all
(What you sayin' girl?)
You wish you'd never ever met her at all
(Break!)
I been around the world I ain't ever seen a girl like this
She's a maneater, a maneater
I been around the world I ain't ever seen a girl like this
She's a maneater, a maneater
I been around the world I ain't ever seen a girl like this
She's a maneater, a maneater
I been around the world I ain't ever seen a girl like this
Na Na Na
",2006,1.0,4:18
"Ciara - 1, 2 Step","Z:/Throwbacks 90s2000s/Ciara - 1, 2 Step.mp3",,174315,Music,New School 2010+ (Smooth),10000,0,20000,0,241,"Yes lord, yeah

Tried to tell niggas, in 2012, nigga
Working hand to hand and no avail
Volume one was too heavy for you frail niggas
So I got leaned like codeine and pills
It's the visionary, in the vintage Chevy
It's been a while but wow you still care
Free Nash 'til they pass out obituaries
In bold caps, ""your bitch-ass was not there""
And I can do anything but move backwards
The hardest thing is to keep from being distracted
My big sister still claiming me on them taxes
Tell Uncle Sam I just need a second to add this
Gave my momma ten racks
And she packed and went to Chumash with it
Quadruple the worth and give me half of it
Half of it I took in the back of the air mattress
A quarter stash was stashed in a box with the Air Maxes
The rest got lost in Saks with my wifey, no BM
Whack niggas dropping links in my DM
Bad bitches up and down a nigga TL
I'm glad that you finally made it to the future but you're late
And the price is through the muthafuckin' roof
If you want you could wait outside the building
I ain't takin' no more meetings

Stepped in the waters
The water was cold
Chilled my body
But not in my soul

I bring you greetings from the first church of Boom Baptists
United Fellowship of Free Nationals
Residing pastor is thy .Paak
And the first lady is a bad bitch
With slanted eyelids and thick ass
Sunglasses, Martin Luther King fan for you bitch niggas
Sweating on my Patent Leathers
Pressure turned their feather weight into a Cinderella
I ain't seen the ground in days since I grew propellers
We'll do one better
Word to the liquor that killed my grandpa liver
I know you finally look proud, a nigga smiling
To every hundred niggas that came and gone missing
Only a handful will go the distance
I swear I seen this shit coming as if I was living up under the plumbing
While niggas was riffing and mumbling 'bout, what they could do
I was cooking gumbo whipping the voodoo
I was in the jungle running with Zulu's
We was looking past the struggle while life was moving so fast
You had to be sharp as a Ginsu
To the top of the food group
Doing what I want and how I should too

Stepped in the waters
The water was cold
Chilled my body
But it didn't touch my soul
Stepped in the waters
The water was cold
Chilled my body
But it didn't touch my soul

Ladies in gentlemen, the most fantastic day in history
Would you boys mind explaining the cause
Of what made this great park go underneath this hood
Take a look at this",2016,1.0,2:54
Timbaland - Apologize (feat. OneRepublic) [Shock Value],Z:/Throwbacks 90s2000s/Timbaland - Apologize (feat. OneRepublic) [Shock Value].mp3,,184451,Music,Throwbacks 90s2000s (Smooth),10000,0,20000,0,257,"I'm holding on your rope
Got me ten feet off the ground
And I'm hearing what you say
But I just can't make a sound

You tell me that you need me
Then you go and cut me down, but wait
You tell me that you're sorry
Didn't think I'd turn around and say

That it's too late to apologize, it's too late
I said it's too late to apologize, it's too late
Too late, oh

I'd take another chance, take a fall
Take a shot for you
And I need you like a heart needs a beat
But it's nothing new, yeah yeah

I loved you with a fire red, now it's turning blue
And you say sorry like the angel
Heaven let me think it was you
But I'm afraid

It's too late to apologize, it's too late
I said it's too late to apologize, it's too late, whoa

It's too late to apologize, it's too late
I said it's too late to apologize, it's too late
I said it's too late to apologize, yeah, too late
I said it's too late to apologize, yeah, too late

I'm holding on your rope
Got me ten feet off the ground",2007,1.0,3:04
Timbaland - The Way I Are (feat. Keri Hilson & D.O.E.) [Shock Value],Z:/Throwbacks 90s2000s/Timbaland - The Way I Are (feat. Keri Hilson & D.O.E.) [Shock Value].mp3,,179174,Music,Throwbacks 90s2000s (Smooth),10000,0,20000,0,276,"(State of Emergency)
Yeah!
Yeah!
Remember the time, baby
Yeah!
I ain't got no money
I ain't got no car to take you on a date
I can't even buy you flowers
But together we'd be the perfect soulmates
Talk to me girl
Oh Baby, it's alright now, you ain't gotta flaunt for me
If we go and touch, you can still touch my love, it's free
We can work without the perks just you and me
Work it out 'til we get it right
Baby if you strip, you can get a tip
'Cause I like you just the way you are
I'm about to strip and I'm well equipped
Can you handle me the way I are?
I don't need the G's or the car keys
Boy I like you just the way you are
Let me see ya strip, you can get a tip
'Cause I like, I like, I like
I ain't got no Visa
I ain't got no Red American Express
We can't go nowhere exotic
It don't matter 'cause I'm the one that loves you best
Talk to me girl
Oh, baby, it's alright now, you ain't gotta flaunt for me
If we go and touch, you can still touch my love, it's free
We can work without the perks just you and me
Work it out 'til we get it right
Baby if you strip, you can get a tip
'Cause I like you just the way you are
I'm about to strip and I'm well equipped
Can you handle me the way I are?
I don't need the G's or the car keys
Boy I like you just the way you are
Let me see ya strip, you can get a tip
'Cause I like you just the way you are
Baby girl, I don't got a huge ol' house I rent a room in a house
Listen baby girl, I ain't got a motorboat but I can float ya boat
So listen baby girl
Once you get a dose of D.O.E. you gon' want some mo'
So listen baby girl
When I'm naked I want you there, want you there, yeah",2007,1.0,2:59
"En Vogue - Whatta Man [Throwback Hip-Hop & RnB, Vol. 2]","Z:/Throwbacks 90s2000s/En Vogue - Whatta Man [Throwback Hip-Hop & RnB, Vol. 2].mp3",,295889,Music,Throwbacks 90s2000s (Smooth),10000,0,20000,0,239,"Whatta man, whatta man, whatta man, whatta mighty good man
(You gotta say it again, now)
Whatta man, whatta man, whatta man, whatta mighty good man
(Yeah he's a mighty, mighty good man)
Whatta man, whatta man, whatta man, whatta mighty good man
(Yes, he is)
Whatta man, whatta man, whatta man, whatta mighty good man
(Oh uh yeah)

I wanna take a minute or two and give much respect due
To the man's that's made a difference in my world
And although most men are hoes, he flows on the down low
'Cuz I never heard about him with another girl
But I don't sweat it because it's just pathetic to let it
Get me involved in that he-said, she-said crowd

I know that ain't nobody perfect
I give props to those who deserve it
And believe me you all, he's worth it
So here's to the future 'cuz we got through the past
I finally found somebody that could make me laugh
You're so crazy, I think I wanna have your baby

Whatta man, whatta man, whatta man, whatta mighty good man
(Alright, yes he is)
Whatta man, whatta man, whatta man, whatta mighty good man
(Oh he's a mighty, mighty good man)
Whatta man, whatta man, whatta man, whatta mighty good man
(Ooh ooh you gotta say it again, now)
Whatta man, whatta man, whatta man, whatta mighty good man
(Oh uh yeah)

My man is smooth like Barry and his voice got base
A body like Arnold with a Denzel face
He's smart like a doctor with a real good rep
And when he comes home, he's relaxed with pep
He always got a gift for me every time I see him
A lotta snot nose, ex-flames couldn't be him

He never ran a corny line once to me yet
So I give him stuff that he'll never forget
He keeps me on cloud nine just like the temps
He's not a fake wanna be, tryin' to be a pimp
He dresses like a dapper don, but even in jeans
He's a God sent original, the man of my dreams

Yes, my man says he loves me, never says he loves me not
Not to rush me good and touch me in the right spot
See other guys that I've had, they've tried to play all the mac
But every time they tried, I've said, ""That's not it""
But not this man, he's got the right potion
Baby, rub it down and make it smooth like lotion

Yeah the ritual, highway to heaven
From seven to seven, he's got me open like seven eleven
And yes, it's me that he's always choosin'
With him I'm never loosin' and he knows that my name is not Susan
He always has heavy conversation for the mind
Which means a lot to to me 'cuz good men are hard to find

Whatta man, whatta man, whatta man, whatta mighty good man
(He's a mighty, mighty good man)
Whatta man, whatta man, whatta man, whatta mighty good man
(Alright, say it again now)
Whatta man, whatta man, whatta man, whatta mighty good man
(Uh oh oh)
Whatta man, whatta man, whatta man, whatta mighty good man
(Oh I said whatta mighty good man)

Know what I'm saying?
He's a mighty, mighty good man
Ya'll, ya'll don't hear me, now check him out

My man gives real lovin', that's why I call him killa
He's not a wham-bam-thank-you-ma'am, he's a thrilla
He takes his time and does everything right
Knocks me out with one shot for the rest of the night
He's a real smooth brotha, never in a rush
And he gives me goose pimples with every single touch

Spends quality time with his kids when he can
Secure in his manhood 'cuz he's a real man
A lover and a fighter and he'll knock another out
Don't take him for a sucker 'cuz it's not what he's about
Every time I need him, he always got my back
Never disrespectful, 'cuz his momma taught him that

(I got a good man)
Whatta man, whatta man, whatta man, whatta mighty good man
(Uh, a mighty, mighty good man)
Whatta man, whatta man, whatta man, whatta mighty good man
(Yes, he is)
Whatta man, whatta man, whatta man, whatta mighty good man
(Whatta mighty good man)
Whatta man, whatta man, whatta man, whatta mighty good man
(He's a mighty, mighty good man ya'll)

Whatta mighty, mighty good man ya'll, yeah
Whatta mighty good man
I'm breakin' down, I'm breakin' down one time

God, God
(Whatta man, whatta man)
God, God
(Whatta man, whatta man)
God, God
(Whatta man, whatta man)
God, God",1999,1.0,4:55
Sade - Smooth Operator (Single Version) [The Best of Sade],Z:/Throwbacks 90s2000s/Sade - Smooth Operator (Single Version) [The Best of Sade].mp3,,258743,Music,Throwbacks 90s2000s (Smooth),10000,0,20000,0,252,"Diamond life, lover boy
He move in space with minimum waste and maximum joy
City lights and business nights
When you require streetcar desire for higher heights

No place for beginners or sensitive hearts
When sentiment is left to chance
No place to be ending but somewhere to start

No need to ask, he's a smooth operator
Smooth operator
Smooth operator
Smooth operator

Coast to coast, LA to Chicago, western male
Across the north and south, to Key Largo, love for sale

Face to face, each classic case
We shadow box and double cross
Yet need the chase

A license to love, insurance to hold
Melts all your memories and change into gold
His eyes are like angels but his heart is cold

No need to ask, he's a smooth operator
Smooth operator
Smooth operator
Smooth operator

Coast to coast, LA to Chicago, western male
Across the north and south, to Key Largo, love for sale

Smooth operator
Smooth operator
Smooth operator
Smooth operator
Smooth operator
Smooth operator
Smooth operator
Smooth operator
Smooth operator",1994,1.0,4:18
Kindred The Family Soul - Far Away [Surrender to Love],Z:/Throwbacks 90s2000s/Kindred The Family Soul - Far Away [Surrender to Love].mp3,,258038,Music,Throwbacks 90s2000s (Smooth),10000,0,20000,0,236,"I'm tired of broken street glass.
Not gettin' no ass unless the babies sleep.
But even then it seems like we're tryin' to keep.
Tired of payin' taxes, sendin' me mails and faxes.
Tired of crook cops.
Tired of black folk complain that crime don't stop.
I want to go to  a place where lovers go.
Do the things that lovers do.
No stress.
A sweet caress from me to you.
I want to do the things we used to do.
Say the things we used to say.
Just like everyday, all day.
Far away from here
Far away from here
Far away from here
Just jump in a taxi cab, pack our bag and get away fast.
Far away from here
Far away from here
Far away from here
Just jump in a taxi cab, pack our bag and get away fast.
Tired of late sub waitress.
Tired of undeserved fame.
Tired of watchin' somethin' on the T.V. doin' nothin'
Doin' nothin'
I'd rather be lookin' at ya.
I'd rather be layin' with ya
I don't want to forget all the love we captured the day we met.
I want to go to a place where lovers go.
Do the things that lovers do.
No Stress.
No
A sweet caress from me to you.
I want to do the things we used to do.
Say the things we used to say.
Just lay everyday , all day
Far away from here
Far away from here
Far away from here
Just jump in a taxi cab, pack our bag and get away fast.
Far away from here
Far away from here
Far away from here
Just jump in a taxi cab, pack our bag and get away fast.
Far away from here
Far away from here
Far away from here
Just jump in a taxi cab, pack our bag and get away fast.
Far away from here
Far away from here
Far away from here
Just jump in a taxi cab, pack our bag and get away fast.
Far away from here
Far away from here
Far away from here
Just jump in a taxi cab, pack our bag and get away fast.
Far away from here
Far away from here
Far away from here
Just jump in a taxi cab, pack our bag and get away fast.",2003,1.0,4:18
Aaliyah - We Need A Resolution (feat. Timbaland) [Aaliyah],Z:/Throwbacks 90s2000s/Aaliyah - We Need A Resolution (feat. Timbaland) [Aaliyah].mp3,,242887,Music,Throwbacks 90s2000s (Smooth),10000,0,20000,0,285,"I'm tired of arguing, girl
I'm tired, I'm tired, I'm tired
Huh, I'm tired of arguing, girl
I'm tired, I'm tired, I'm tired
Huh, I'm tired of arguing, girl
Freaky, freaky, freaky, freaky, baby girl, uh
Did you sleep on the wrong side?
I'm catching a bad vibe
And it's contagious, what's the latest?
Speak your heart, don't bite your tongue
Don't get it twisted, don't misuse it (yeah, yeah, yeah)
What's your problem?
Let's resolve it (let's resolve it)
We can solve it, what's the causes?
It's official, you got issues
I got issues (no, you got issues) but I know I miss you
Am I supposed to change? Are you supposed to change? (yeah)
Who should be hurt? Who should be blamed?
Am I supposed to change? Are you supposed to change?
Who should be hurt? Who should be shamed?
Am I supposed to change? Are you supposed to change?
Who should be hurt? Will we remain? Oh ah
We need a resolution, we need a resolution
We need a resolution, we have so much confusion
I wanna know, where were you last night?
I fell asleep on the couch, I thought we were going out
I wanna know, were your fingers broken?
If you had let me know, I wouldn't have put on my clothes
I wanna know, where'd you go instead?
It was four in the morning, when you crept back in the bed
I wanna know, what was in your head?
Or what was in my head? Am I supposed to change?
Am I supposed to change? Are you supposed to change?
Who should be hurt? Who should be blamed?
Am I supposed to change? Are you supposed to change?
Who should be hurt? Who should be ashamed?
Am I supposed to change? Are you supposed to change?
Who should be hurt? And will we remain?
We need a resolution, we need a resolution
We need a resolution, we have so much confusion
Am I supposed to change? Are you supposed to change?
Who should be hurt? and who should be blamed?
Am I supposed to change? Are you supposed to change?
Who should be hurt? Who should be ashamed?
Am I supposed to change? Are you supposed to change?
Who should be hurt? Will we remain?
We need a resolution, we need a resolution
We need a resolution, we have so much confusion
Baby let me know, you'll let me know (I will)
You'll let me know, you'll let me know (I will)
You'll let me know, you'll let me know (I will)
You'll let me know, you'll let me know (huh)
Girl, holla
You give me bits and pieces
You tryna blame me when I don't even know the reason
I think it's just the season, maybe the month, maybe the b-
Now tell me what's the reason? Stupid, yo? Looks are deceiving
So, cut the crying, cut the coughing, cut the wheezing, girl
Quit the blaming, cut the naming, cut the sneaking, girl
I think you need some prayer, better call a deacon, girl
So, get your act right or else we won't be speaking, girl
So, what's it gonna be? Freaky, freaky, me and you?
Or is it gonna be who blames who?
I'm tired of these things, I'm tired of these scars
I think I'm gonna get me a drink, I'll call you tomorrow",2001,1.0,4:02
Jodeci - Lately [Uptown MTV Unplugged],Z:/Throwbacks 90s2000s/Jodeci - Lately [Uptown MTV Unplugged].mp3,,373682,Music,Throwbacks 90s2000s (Smooth),10000,0,20000,0,234,"Lately I've had the strangest feeling
With no vivid reason here to find
But yet the thought of losing you been hanging
Around my mind, K-CI sing it

Far more frequently your wearing perfume
With you say the special place to go
But when I ask will you be coming back soon
You don't know never know

Oh I'm a man of many wishes
I hope my premonition misses but what I really feel
My eyes won't let me hide 'cuz they always start to cry
'Cuz this time could mean goodbye

Lately I've been staring in the mirror
And it's very slowly picking me apart
I've tried to tell myself I have no reason
With your heart

Now just the other night while you were sleeping
I vaguely heard you whisper someone's name
But when I ask you of the thought's your keeping
You just say nothing's changed

Well I'm a man of many wishes
I hope my premonition misses but what I really feel
My eyes won't let me hide 'cuz they always start to cry
'Cuz this time could mean goodbye

Oh I'm a man of many wishes
I hope my premonition misses but what I really feel
My eyes won't let me hide 'cuz they always start to cry
'Cuz this time could mean goodbye

[Unverified]",1993,1.0,6:13
Avant - My First Love (feat. Keke Wyatt) [My Thoughts],Z:/Throwbacks 90s2000s/Avant - My First Love (feat. Keke Wyatt) [My Thoughts].mp3,,268565,Music,Throwbacks 90s2000s (Smooth),10000,0,20000,0,260,"Silhouette of a perfect frame
Shadows of your smile will always remain
Beginners love, soon fades away, oh, baby
We go on, I will always

(Long as I live)
Long as I live
You will be my
(My first love)
Oh baby, you and only you

(Long as I live)
Long as I live
You will be my first love
(My first love)
And I choose you again

I'll keep an old candy-coated ' valentine'
Memories of you, you when you were mine
A tarnished ring on a tarnished chain
Times keep changing, come sun or rain

(Long as I live)
Long as I live
You will be my first love
(My first love)
And my only love

(Long as I live)
Long as I live
You will always be my, only my first love
(My first love)

See, as long as I live
(Long as I live)
Long as I live
I like it baby, sing to me
(My first love)

Oh, you'll always be my first love
You'll be mine and I'll choose you again

A tarnished ring on a tarnished chain
Time keeps changing, come sun or rain

(Long as I live)
Long as I live, baby
You will always be
I'll always love you, baby

My first love
(Long as I live)
For the rest of my life
You will always be my
(My first love)

Oh, lady
(Long as I live)
Oh, yes
(My first love)",2000,1.0,4:28
Sade - Kiss of Life [Love Deluxe],Z:/Throwbacks 90s2000s/Sade - Kiss of Life [Love Deluxe].mp3,,350041,Music,Throwbacks 90s2000s (Smooth),10000,0,20000,0,259,"There must have been an angel by my side
Something heavenly led me to you
Look at the sky
It's the colour of love
There must have been an angel by my side
Something heavenly came down from above
He led me to you
He led me to you
He built a bridge to your heart, all the way
How many tons of love inside? I can't say
When I was led to you
I knew you were the one for me
I swear whole world could feel my heartbeat
When I lay eyes on you
I-I-I-I-I
You wrapped me up in the colour of love
You gave me the kiss of life
Kiss of life
You gave me the kiss that's like
The kiss of life

Wasn't it clear from the start?
Look the sky is full of love
Yeah, the sky is full of love

He built a bridge to your heart, all the way
How many tons of love inside? I can't say
You gave me the kiss of life
Kiss of life
You gave me the kiss that's like
Kiss of life

You gave me the kiss of life
Kiss of life
You gave me the kiss that's like
Kiss of life

You wrapped me up in the colour of love
In the moonlight baby
It must have been an angel came down from above
Giving me love, yeah
Giving me love, yeah
You gave me the kiss of life
Kiss of life
",1992,1.0,5:50
Jaheim - Topic - Could It Be,Z:/Throwbacks 90s2000s/Jaheim - Topic - Could It Be.mp3,,174315,Music,New School 2010+ (Smooth),10000,0,20000,0,241,"Yes lord, yeah

Tried to tell niggas, in 2012, nigga
Working hand to hand and no avail
Volume one was too heavy for you frail niggas
So I got leaned like codeine and pills
It's the visionary, in the vintage Chevy
It's been a while but wow you still care
Free Nash 'til they pass out obituaries
In bold caps, ""your bitch-ass was not there""
And I can do anything but move backwards
The hardest thing is to keep from being distracted
My big sister still claiming me on them taxes
Tell Uncle Sam I just need a second to add this
Gave my momma ten racks
And she packed and went to Chumash with it
Quadruple the worth and give me half of it
Half of it I took in the back of the air mattress
A quarter stash was stashed in a box with the Air Maxes
The rest got lost in Saks with my wifey, no BM
Whack niggas dropping links in my DM
Bad bitches up and down a nigga TL
I'm glad that you finally made it to the future but you're late
And the price is through the muthafuckin' roof
If you want you could wait outside the building
I ain't takin' no more meetings

Stepped in the waters
The water was cold
Chilled my body
But not in my soul

I bring you greetings from the first church of Boom Baptists
United Fellowship of Free Nationals
Residing pastor is thy .Paak
And the first lady is a bad bitch
With slanted eyelids and thick ass
Sunglasses, Martin Luther King fan for you bitch niggas
Sweating on my Patent Leathers
Pressure turned their feather weight into a Cinderella
I ain't seen the ground in days since I grew propellers
We'll do one better
Word to the liquor that killed my grandpa liver
I know you finally look proud, a nigga smiling
To every hundred niggas that came and gone missing
Only a handful will go the distance
I swear I seen this shit coming as if I was living up under the plumbing
While niggas was riffing and mumbling 'bout, what they could do
I was cooking gumbo whipping the voodoo
I was in the jungle running with Zulu's
We was looking past the struggle while life was moving so fast
You had to be sharp as a Ginsu
To the top of the food group
Doing what I want and how I should too

Stepped in the waters
The water was cold
Chilled my body
But it didn't touch my soul
Stepped in the waters
The water was cold
Chilled my body
But it didn't touch my soul

Ladies in gentlemen, the most fantastic day in history
Would you boys mind explaining the cause
Of what made this great park go underneath this hood
Take a look at this",2016,1.0,2:54
Timbaland - Carry Out (feat. Justin Timberlake) [Shock Value II],Z:/Throwbacks 90s2000s/Timbaland - Carry Out (feat. Justin Timberlake) [Shock Value II].mp3,,232516,Music,Throwbacks 90s2000s (Smooth),10000,0,20000,0,259,"Ha-hah! Eh-eh-eh, ha-hah!

Ah, baby, oh, my baby, down to (Carry out)
Ah, baby, oh, my baby, down to (Carry out)
I take your order when you steppin' when you (Carry out)
I take your order when you steppin' when you (Carry out)
I turn it on my baby, don't you (Cut me out)
I turn it on my baby, don't you (Cut me out)
Check it, check it out

Baby, you're looking fire hot
I'll have you open all night like you're IHOP
I'll take you home, baby, let you keep me company
You gimme some of you, I give you some of me
You look good, baby, must taste heavenly
I'm pretty sure that you got your own recipe
So pick it up, pick it up, yeah, I like you
I just can't get enough, I gotta drive through
'Cause it's me, you, you, me, me, you, all night
Have it your way, foreplay, before, I feed your appetite
Let me get my ticket, baby, let me get in line
I can tell the way you like it baby, supersized
Hold on, you got yours, let me get mine
I ain't leave 'til they turn over the closed sign
Check it

Take my order 'cause your body like a carry out
Let me walk into your body 'til you hear me out
Turn me on my baby, don't you cut me out
Turn me on my baby, don't you cut me out
Ah, take my order 'cause your body like a carry out
And let me walk into your body 'til it's lights out
Turn me on my baby, don't you cut me out
Turn me on my baby, don't you cut me out
Cut me out (Listen here, girl)

Number one, I take two number threes
That's a whole lotta you and a side of me
Now is I full of myself to want you full of me?
And if there's room for dessert then I want a piece
Baby, get my order right, no errors
I'ma touch you in all the right areas
I can feed you, you can feed me
Girl, deliver that to me, come see me
'Cause it's me, you, you, me, me, you, all night
Have it your way, foreplay, before, I feed your appetite
Do you like it well done? 'Cause I do it well
'Cause I'm well seasoned if you couldn't tell
Now let me walk into your body 'til you hear me out
Ah, turn me on my baby, don't you cut me out (Say)

Take my order 'cause your body like a carry out
Let me walk into your body 'til you hear me out
Turn me on my baby, don't you cut me out
Turn me on my baby, don't you cut me out
Ah, take my order 'cause your body like a carry out
And let me walk into your body 'til it's lights out
Turn me on my baby, don't you cut me out
Ah, turn me on my baby, don't you cut me out
Cut me out

What's your name? What's your number?
I'm glad I came; can you take my order?
What's your name? Girl, what's your number?
I'm glad I came; can you take my order?
Come over here (What's your name?)
Come closer (What's your number?)
Over here (I'm glad I came)
A little closer (Can you take my order?)
Come over here (What's your name?)
Come closer (What's your number?)
Over here (I'm glad I came)
A little closer (Can you take my)

Take my order 'cause your body like a carry out
Let me walk into your body 'til you hear me out
Turn me on my baby, don't you cut me out
Turn me on my baby, don't you cut me out
Take my order 'cause your body like a carry out
And let me walk into your body 'til it's lights out
Turn me on my baby, don't you cut me out
Ah, turn me on my baby, don't you cut me out

Take my order 'cause your body like a carry out
Let me walk into your body 'til you hear me out
Turn me on my baby, don't you cut me out
Turn me on my baby, don't you cut me out
Take my order 'cause your body like a carry out
And let me walk into your body 'til it's lights out
Turn me on my baby, don't you cut me out
Ah, turn me on my baby, don't you cut me out
Don't you cut me out",2009,1.0,3:52
Keith Sweat - Twisted [Keith Sweat],Z:/Throwbacks 90s2000s/Keith Sweat - Twisted [Keith Sweat].mp3,,260728,Music,Throwbacks 90s2000s (Smooth),10000,0,20000,0,260,"Oh, yeah, baby
You got to make your mind up
Yeah, Kut Klose, help me out

You know you are my lover
(You know you want my lovin', baby)
You got me twisted over you
(Girl, you got me twisted over you)
I know I got what you need
(I got what you need right here, baby)
So what you wanna do?

Baby, baby, I know
Baby, I love you so
But you don't feel like I do
Tell me what can I do?
But I gotta be strong
(But I gotta be strong)
Did me wrong
(Girl, you did me wrong)
When I thought that we were really down
(I thought we were down)
So you say you want me
(Now, you say you want me, girl)
Make up your mind
(Ooh, make up your mind)
'Cause I'm not gonna be here for long
(I'm not gonna be here for long)

You know you are my lover
(You know you want my lovin', baby)
You got me twisted over you
(Girl, you got me twisted over you)
I know I got what you need
(I got what you need right here, baby)
So what you wanna do?

Baby, baby in time
(Baby, in time)
Baby, I know you'll find
(I know you'll find)
That what you needed was here
(Oh, no, no, no, no, no)
Think about it, my dear
But I gotta be strong
(But I gotta be strong)
Did me wrong
(Girl, you did me wrong)
When I thought that we were really down
(I thought we were down)
So you say you want me
(Now, you say you want me, girl)
Make up your mind
(Ooh, make up your mind)
'Cause I'm not gonna be here for long
(I'm not gonna be here for long)

You know you are my lover
(You know you want my lovin', baby)
You got me twisted over you
(Girl, you got me twisted, baby)
I know I got what you need
(I got everything you need tonight)
So what you wanna do?
(Break it on down)
You got me twisted, thinkin'
About the way that things used to be
When it was you and me, girl, I was so free
See, you had my heart from the start like Cupid
And I was just downright foolish and stupid
But now, I know the reason for the pain and the headaches
You left me all alone, now, I can't even concentrate
I guess I'll wait for the day until you come back
Because my heart is where your love is at, you got me twisted
You know you are my lover
(You know you are my lovin', baby)
You got me twisted over you
(Girl, you got me twisted, baby)
I know I got what you need
(I got everything you need tonight)
So what you wanna do?
(What are you gonna do, baby?)

You know you are my lover
(You know I can make you feel
Real good, if you let me, baby)
You got me twisted over you
(Girl, you got me twisted, baby)
I know I got what you need
(I got everything you need tonight)
So what you wanna do?
(What are you gonna do, baby?)

You know you are my lover
You got me twisted over you
(Girl, you got me twisted, baby)
I know I got what you need
(I got everything you need tonight)
So what you wanna do?",1996,1.0,4:20
Floetry - Topic - Floetic,Z:/Throwbacks 90s2000s/Floetry - Topic - Floetic.mp3,,246544,Music,Throwbacks 90s2000s (Smooth),10000,0,20000,0,244,"Floetry
Uh, it's floetic
Uh, it's floetic
Uh, it's floetic
Uh, it's floetic
Uh, it's floetic
Yo

Floetry, we're alright
I'm the floecist and I'm alright
She's the songstress and she's alright

I say what's up, what's up with you
You feelin' good, we feel it too
We're gonna mess now, said with this groove
I'll step on one, you step on two
Now when we move, we feelin' the vibe, right?
Said if we move, we're makin' a vibe, right?
And if it's day or if it is night
We're feelin' alright, said we be alright, alright
What?

Oh, you let your body move
Feelin' it inside you (Inside you)
Let your body move, I said now (One more time say)
You let your body move
I'm feelin' it inside you
We can get it in, that's what's up

Floetry and we're alright
I'm the floecist and I'm alright
She's the songstress and she's alright
Floetry, alright
I'm the floecist and I'm alright
She's the songstress and she's alright

I heard it's verse two, so I'll bring it back again
Just to let you know exactly what is happenin'
I see you noddin' your head like it's a Q-Tip flip
Yo, you haven't heard the word about the floetry shit
Floecism, floetry, uh, it's floetic
Once you have heard it, you'll have to get it
So you could sing it or you could play it
You could play it, yeah, you could play it

You let your body move
Feelin' it inside you
We can get it in, that's what's up
You let your body move
Feelin' it inside you
We can get it in, that's what's up

Floetry, I'm alright
I'm the floecist and I'm alright
She's the songstress and she's alright
Floetry and we're alright
I'm the floecist and I'm alright
She's the songstress, alright

That's what's up
(That's what's up)
I said that's what's up
(Yeah, yeah, that's what's up)
Marsh, that's what's up
(That's what's up)
I said that's what's up
(That's what's up)
Yo', that's what's up
(That's what's up)
Yo', that's what's up
(That's what's up)
You give me that's what's up
(You give me that's what's up)
You give me that's what's up
(You give me that's what's up)

London, from SE 5 to Philly's west side
Just to bring the vibe and we're feelin' alright
Said we doin' alright, said we doin' alright, said we doin' it
Yo', one more time
London, listen, SE 5 to Philly's west side
Just to bring the vibe, now we be feelin' alright
Said we be feelin' alright, y'all we feelin' alright
We doin' alright, yo!

You see I'm gettin' it in
(I said I'm gettin' it in)
I said I'm gettin' it in
(I said I'm gettin' it in)
You see, I'm gettin' it in
(I said I'm gettin' it in)
Said we be gettin' it and gettin' it, gettin' it in
'Cause that's what's up
(We be gettin' it in)
That's what's up
(Said we be gettin' it in)
Said we be gettin' it and gettin' it, gettin' it in
That's what's up
(Said we be gettin' it in)

That's what's up
KeShawn, limitless, floecist, songstress, yo
We be gettin' it in
Gettin' it in
KeShawn, limitless, floecist, songstress
Uh, uh",2002,1.0,4:06
Jagged Edge - Promise [JE Heartbreak],Z:/Throwbacks 90s2000s/Jagged Edge - Promise [JE Heartbreak].mp3,,246753,Music,Throwbacks 90s2000s (Smooth),10000,0,20000,0,268,"Nothing is promised to me and you
So why will we let this thing go
Baby I promise that I'll stay true
Don't let nobody say it ain't so
And baby I promise
That I will never leave
And everything will be alright, I
I promise these things to you
Girl just believe
I promise

Should've known the things you said been right
Forever is such a very long time
We never even had a fight
Don't let no one change your mind
'Cause they don't know how much I care
They don't know the things we share unless they're here babe
But since they're not
How can they say that I'm not true, oh, oh, oh

If you need a love, I got the love that you need
Ain't no way they can take that from me
And I pray to God one day they will see
They'll see that I'm all that you need

Nothing is promised to me and you
So why will we let this thing go
Baby I promise that I'll stay true
Don't let nobody say it ain't so
And baby I promise
That I will never leave
And everything will be alright, I
I promise these things to you
Girl just believe
I promise

When I think of all the times I said
That I will see you another day
Baby nothing's gonna change, yes it is
Said you mean the world to me
And baby girl I keep you first, yeah
'Cause that's the kind of love you deserve
And you know I got a love if you need a love, yeah

If you need a love, I got the love that you need
Ain't no way they can take that from me
And I pray to God that one day they will see
And I swear it is you 'cause I promise

Nothing is promised to me and you
So why will we let this thing go
Baby I promise that I'll stay true
Don't let nobody say it ain't so
And baby I promise
That I will never leave
And everything will be alright, I
I promise these things to you
Girl just believe
I promise

You're the only I want in my life
And I promise everything is alright babe
You're the only I want in my life
I promise, promise, promise, promise you baby
You're the only I want in my life
And I promise everything is alright babe
You're the only I want in my life
I promise, promise, promise, promise you baby
You're the only I want in my life
And I promise everything is alright babe",1999,1.0,4:06
OfficialJaggedEdge - Walked Outta Heaven,Z:/Throwbacks 90s2000s/OfficialJaggedEdge - Walked Outta Heaven.mp3,,174315,Music,New School 2010+ (Smooth),10000,0,20000,0,241,"Yes lord, yeah

Tried to tell niggas, in 2012, nigga
Working hand to hand and no avail
Volume one was too heavy for you frail niggas
So I got leaned like codeine and pills
It's the visionary, in the vintage Chevy
It's been a while but wow you still care
Free Nash 'til they pass out obituaries
In bold caps, ""your bitch-ass was not there""
And I can do anything but move backwards
The hardest thing is to keep from being distracted
My big sister still claiming me on them taxes
Tell Uncle Sam I just need a second to add this
Gave my momma ten racks
And she packed and went to Chumash with it
Quadruple the worth and give me half of it
Half of it I took in the back of the air mattress
A quarter stash was stashed in a box with the Air Maxes
The rest got lost in Saks with my wifey, no BM
Whack niggas dropping links in my DM
Bad bitches up and down a nigga TL
I'm glad that you finally made it to the future but you're late
And the price is through the muthafuckin' roof
If you want you could wait outside the building
I ain't takin' no more meetings

Stepped in the waters
The water was cold
Chilled my body
But not in my soul

I bring you greetings from the first church of Boom Baptists
United Fellowship of Free Nationals
Residing pastor is thy .Paak
And the first lady is a bad bitch
With slanted eyelids and thick ass
Sunglasses, Martin Luther King fan for you bitch niggas
Sweating on my Patent Leathers
Pressure turned their feather weight into a Cinderella
I ain't seen the ground in days since I grew propellers
We'll do one better
Word to the liquor that killed my grandpa liver
I know you finally look proud, a nigga smiling
To every hundred niggas that came and gone missing
Only a handful will go the distance
I swear I seen this shit coming as if I was living up under the plumbing
While niggas was riffing and mumbling 'bout, what they could do
I was cooking gumbo whipping the voodoo
I was in the jungle running with Zulu's
We was looking past the struggle while life was moving so fast
You had to be sharp as a Ginsu
To the top of the food group
Doing what I want and how I should too

Stepped in the waters
The water was cold
Chilled my body
But it didn't touch my soul
Stepped in the waters
The water was cold
Chilled my body
But it didn't touch my soul

Ladies in gentlemen, the most fantastic day in history
Would you boys mind explaining the cause
Of what made this great park go underneath this hood
Take a look at this",2016,1.0,2:54
Boyz II Men - 4 Seasons Of Loneliness,Z:/Throwbacks 90s2000s/Boyz II Men - 4 Seasons Of Loneliness.mp3,,292467,Music,Throwbacks 90s2000s (Smooth),10000,0,20000,0,243,"I long for the warmth of days gone by when you were mine
But now those days are memories in time
Life's empty without you by my side

My heart belongs to you
No matter what I try
When I get the courage up to love somebody new
It always falls apart 'cause they just can't compare to you

Your love won't release me, I'm bound under ball and chain
Reminiscing our love as I watch four seasons change

In comes the winter breeze that chills the air and drifts the snow
And I imagine kissing you under the mistletoe
When springtime makes its way here
Lilac blooms remind me of the scent of your perfume

When summer burns with heat, I always get the hots for you
Go skinny dipping in the ocean where we used to do
When autumn sheds the leaves, the trees are bare
When you're not here, it doesn't feel the same

Remember the nights when we closed our eyes
And vowed that you and I would be in love for all time
Any time I think about these things I shared with you
I break down and cry 'cause I get so emotional

Until you release me, I'm bound under ball and chain
Reminiscing our love as I watch four seasons change

In comes the winter breeze that chills the air and drifts the snow
And I imagine kissing you under the mistletoe
When springtime makes its way here
Lilac blooms remind me of the scent of your perfume

When summer burns with heat, I always get the hots for you
Go skinny dipping in the ocean where we used to do
When autumn sheds the leaves, the trees are bare
When you're not here, it doesn't feel the same

This loneliness has crushed my heart
Please let me love again

'Cause I need your love to comfort me and ease my pain
Or four seasons will bring the loneliness again

In comes the winter breeze that chills the air and drifts the snow
And I imagine kissing you under the mistletoe
When springtime makes its way here
Lilac blooms remind me of the scent of your perfume

When summer burns with heat, I always get the hots for you
Go skinny dipping in the ocean where we used to do
When autumn sheds the leaves, the trees are bare
When you're not here, it doesn't feel the same

Remember the warmth of days gone by",1997,1.0,4:52
Luther Vandross - Endless Love (feat. Mariah Carey) [Songs],Z:/Throwbacks 90s2000s/Luther Vandross - Endless Love (feat. Mariah Carey) [Songs].mp3,,259709,Music,Throwbacks 90s2000s (Smooth),10000,0,20000,0,259,"My love, there's only you in my life
The only thing that's right
My first love (yeah), you're every breath that I take
You're every step I make

And I (and I)
I want to share all my love with you (hey you)
No one else will do (mmm-mmm), you know it
And your eyes (your eyes, your eyes)
They tell me how much you care
Oh, yes, you will always be my endless love

Two hearts, two hearts that beat as one
Our lives have just begun
And forever (forever)
I'll hold you close in my arms
I can't resist your charms
(No-no-no)
(No-no-no)

And love (and love)
I'll be a fool for you
I'm sure (honey I'm sure) you know I don't mind
(Oh, you know I don't mind)
'Cause baby (baby, baby, baby)
You mean the world to me
Oh, I know I found in you my endless love

Oh, and love (love, love, love)
I'll be that fool for you (for you, baby)
I'm sure (I'm so sure)
That you know I don't mind
(You know, I don't mind, I don't mind) oh
And yes, you'll be the only one
'Cause no one, no one can deny
This love I have inside
And I'll give it all to you

My love
My love, my love (my, my, my)
My endless love
(Mmm-mmm) my, my",1994,1.0,4:19
Whitney Houston - Exhale (Shoop Shoop) [Whitney The Greatest Hits],Z:/Throwbacks 90s2000s/Whitney Houston - Exhale (Shoop Shoop) [Whitney The Greatest Hits].mp3,,201613,Music,Throwbacks 90s2000s (Smooth),10000,0,20000,0,265,"Everyone falls in love sometime
Sometimes it's wrong
And sometimes it's right

For every win
Someone must fail
But there comes a point when
When we exhale, yeah, yeah, say

Shoop, shoop, shoop, shoop be doop
Shoop, shoop, shoop be doop
Shoop, shoop, shoop be doop
All you gotta do is say shoop be doop
(Shoop) shoop de doop (shoop be doo)
Shoop, shoop, shoop be doop (my love, uh)
Shoop, shoop be doop

Sometimes you'll laugh
Sometimes you'll cry
Life never tells us the when's or why's
When you've got friends to wish you well
You'll find your point when you will exhale, yeah, yeah, say

Shoop, shoop (shoop be doo) shoop be doop
(Shoop, shoop, shoop) shoop be doop
Shoop, shoop (shoop be, shoop be, shoop be)
Say shoop, say shoop, say shoop be, say shoop ooh, say shoop be
Shoop uh be doop

Oh, hearts are often broken when there are words unspoken
In your soul there's answers to your prayers
If you're searching for a place you know
A familiar face, somewhere to go

You should look inside yourself
You're halfway there
Sometimes you'll laugh
And sometimes you'll cry

Life never tells us
The when's or why's
But when you've got friends to wish you well
You'll find your point when you will exhale, yeah

Say shoop be
Shoop be, shoop be, shoop be
Shoop be, shoop be, shoop be doop...
Doo, doo, shoop be, shoop be

Things alright, you can say
Oh, shoop be... (shoop be doop)",2000,1.0,3:21
En Vogue - Giving Him Something He Can Feel [Funky Divas],Z:/Throwbacks 90s2000s/En Vogue - Giving Him Something He Can Feel [Funky Divas].mp3,,235755,Music,Throwbacks 90s2000s (Smooth),10000,0,20000,0,260,"Many say that I'm too young
To let you know just where I'm coming from, yeah
But you will see it's just a matter of time
My love will surely make you mine

Well, I'm livin' in a world of ghetto life
Everyone seems so uptight
But nothing's wrong
And it's alright with (nothing's wrong, it's alright), my man (my man)

I like the way we carry on
His love will send me on and on with my man
People out there can understand
I'm givin' him somethin' he can feel

Ooh, to let him know this love is real (hey)
Givin' him somethin' he can feel (oh my love)
To let him know this love is real (oh my love is real)
This love is real

So much joy for us, it seems
So much hope for material things
Are they only in my dreams?
And that's exactly why I'm singing this song to you
To let you know that real dreams do come true
You tell me what does it mean?

Livin' in a world of ghetto life
Everyone is so uptight, hey
Nothing's wrong
It's alright (alright), my man (my man)

I like the way we carry on
His lovin' will send me on and on with my man
People out there, can you understand?
That I'm givin' him somethin' he can feel

To let him know this love is real (that I'm giving love, giving, giving love)
Givin' him somethin' he can feel (nah-nah, nah-nah, yeah, yeah, talk to me)
To let him know this love is real (I gotta let him know that this love's stronger)
This love is real

Givin' him somethin' he can feel (givin' him, givin' him, givin' him, givin' him)
Givin' him somethin' he can feel (givin' him, givin' him, givin' him, give him love)
Givin' him somethin' he can feel (so sweet to me, so sweet to me, baby yeah)
Givin' him somethin' he can feel (oh, baby, baby, whoo!)
Givin' him...",1992,1.0,3:55
Aaliyah - If Your Girl Only Knew [One In A Million],Z:/Throwbacks 90s2000s/Aaliyah - If Your Girl Only Knew [One In A Million].mp3,,291030,Music,Throwbacks 90s2000s (Smooth),10000,0,20000,0,252,"Yeah, oh, here we go, like that, oh
Yeah, oh, here we go, like that, oh
Yeah, oh, here we go, like that, oh
Yeah, oh, Aaliyah, sing

If your girl only knew
That you was trying to get with me
(What would she do?)
If your girl only knew
That you was dissin' her to talk to me

She would probably leave you alone
She would probably curse you out and unplug her phone
I bet she'd be glad that you was gone
And then she wouldn't have to worry

If your girl only knew
That I would want to kick it with you
(What would she do?)
And if your girl could only see
How you'll be calling me, getting fresh in me

She would probably leave you alone
She would probably curse you out and unplug her phone
I bet she'd be glad that you was gone
And then she wouldn't have to worry

She's crazy to put up with you
Oh boy, I won't be no fool
Let you like what you see
It ain't easy to get with me

But it's dumb to put up with you
I won't be no fool
Let you like what you see
It ain't easy to get with me

She would probably leave you alone
She would probably curse you out and unplug her phone
I bet she'd be glad that you was gone
And then she wouldn't have to worry

She would probably leave you alone
She would probably curse you out and unplug her phone
I bet she'd be glad that you was gone
And then she wouldn't have to worry

She would probably leave you alone (If your girl only knew)
She would probably curse you out and unplug her phone
I bet she'd be glad that you was gone (If your girl only knew)
And then she wouldn't have to worry

If your girl only knew
(What you saying, what you saying, what you saying, huh?)
(What you saying, what you saying, what you saying, huh?)
(What you saying, what you saying?)

If your girl only knew, knew
(What you saying, what you saying, what you saying, huh?)
(What you saying, what you saying, what you saying, huh?)
(What you saying, huh?)

If your girl only knew
(What you saying, what you saying, what you saying, huh?)
(What you saying, what you saying, what you saying, huh?)
(You ain't sayin' nothin', baby)

If your girl only knew
(What you saying, what you saying, what you saying, huh?)
(What you saying, what you saying, what you saying, huh?)

You ain't sayin' nothin', baby
Why like that?
Ha, you ain't sayin' nothin', baby, ha
Let the music ride
Let's take a walk down with me, baby, uh
Can you feel me? Can you feel me? Word
Timbaland, one mo' 'gain, uh
Blackground, check it",1996,1.0,4:51
En Vogue - Free Your Mind [Funky Divas],Z:/Throwbacks 90s2000s/En Vogue - Free Your Mind [Funky Divas].mp3,,293146,Music,Throwbacks 90s2000s (Smooth),10000,0,20000,0,267,"(Prejudice, wrote a song about it)
(Like to hear it? Here it go!)
Free your mind

I wear tight clothing, high-heeled shoes
It doesn't mean that I'm a prostitute no, no
I like rap music, wear hip-hop clothes
That doesn't mean that I'm out sellin' dope, no, no, no

Oh my, forgive me for having straight hair, no
It doesn't mean there's another blood in my heir, yeah, yeah
I might date another race or colour
It doesn't mean I don't like my strong black brothers

(Ooh da-da, ooh da-da, ooh da-da, ooh da-da)
Why, oh why must it be this way?
(Oh, oh, oh, oh)
Before you can read me
You got to learn how to see me
I said

Free your mind
And the rest will follow
Be colour-blind
Don't be so shallow
Free your mind
And the rest will follow
Be colour-blind
Don't be so shallow

So I'm a sista
Buy things with cash
That really doesn't mean that all my credit's bad
Oh

So why dispute me and waste my time?
Because you really think the price is high for me
I can't look without being watched, no
You rang my buy before I made up my mind
Oww

Oh, now attitude
Why even bother?
I can't change your mind
You can't change my colour

(Ooh da-da, ooh da-da, ooh da-da, ooh da-da)
Why, oh why must it be this way?
(Oh, oh, oh, oh)
Before you can read me
You got to learn how to see me
I said

Free your mind
And the rest will follow
Be colour-blind
Don't be so shallow
Free your mind
And the rest will follow
Be colour-blind
Don't be so shallow

Free your mind
And the rest will follow
Be colour-blind
Don't be so shallow

Free your mind
And the rest will follow
Be colour-blind
Don't be so shallow
Free your mind

(Ooh da-da, ooh da-da, ooh da-da, ooh da-da)
Why, oh, why must it be this way?

Before you can read me
You got to learn how to see me
I said

Free your mind, and the rest will follow
Be colour-blind, don't be so shallow
Free your mind, and the rest will follow
Be colour-blind, don't be so shallow

Free your mind, and the rest will follow
Be colour-blind, don't be so shallow
Free your mind, and the rest will follow
Be colour-blind, don't be so shallow

Free your mind",1992,1.0,4:53
Janet Jackson - I Get Lonely [The Velvet Rope (Deluxe Edition)],Z:/Throwbacks 90s2000s/Janet Jackson - I Get Lonely [The Velvet Rope (Deluxe Edition)].mp3,,317597,Music,Throwbacks 90s2000s (Smooth),10000,0,20000,0,242,"I get so lonely
I can't let just anybody hold me
You are the one that lives in me, my dear
Want no one but you

I get so lonely
I can't let just anybody hold me
You are the one that lives in me, my dear
Want no one but...

Sittin' here with my tears
All alone with my fears
I'm wonderin' if I have to do without you
But there's no reason why I fell asleep late last night
Cryin' like a newborn child
Holdin' myself close, pretendin' my arms are yours
I want no one but you

I get so lonely
I can't let just anybody hold me
You are the one that lives in me, my dear
Want no one but you

I get so lonely
I can't let just anybody hold me
You are the one that lives in me, my dear
Want no one but...

I still remember to the day
In fact it was a 3rd Monday
You came along to be the one for me
And now I'm alone
I'm sittin' here by the phone
Call and say that you're okay
So that I'll have the chance to beg you to stay
I want no one but you

I get so lonely
I can't let just anybody hold me
You are the one that lives in me, my dear
I want no one but you

I get so lonely
Can't let just anybody hold me
You are the one that lives in me, my dear
Want no one but you

I get so lonely (Every time I see your face, baby, ooh)
Can't let just anybody hold me (Every time I hear your name)
You are the one that lives in me, baby
Want no one but you

I get so lonely (Every time I see your face, baby, ooh)
Can't let just anybody hold me (Every time I hear your name)
You are the one that lives in me, my dear
Want no one but you

Gonna break it down, break it down, break it down
Gonna break it down, break it down, break it down, oh oh
You know that I know that I get so lonely thinkin' of you, ooh, hoo
No, no

I get so lonely (I get lonely when I hear your name)
I can't let just anybody hold me (I get lonely when I see your face)
You are the one that lives in me, my dear
Want no one but you

I get so lonely (Get lonely when I hear your name)
I can't let just anybody hold me (I get lonely when I see your face)
You are the one that lives in me, my dear
Want no one but you

I get so lonely (Every time I see your face, baby)
Can't let just anybody hold me (Every time I hear your name)
You are the love that lives in me, my dear
Want no one but you

I get so lonely (Every time I hear your name, baby)
Can't let just anybody hold me (Every time I see your face)
You are the one that lives in me, my dear
Want no one but you",1997,1.0,5:17
Dee Kay - Where Would I Be (The Question),Z:/Throwbacks 90s2000s/Dee Kay - Where Would I Be (The Question).mp3,,263549,Music,Throwbacks 90s2000s (Smooth),10000,0,20000,0,239,"Yes, don't close the door
Listen, I've been waitin' to tell you this
You are, more than a man could ever want
Wait a minute, just let me there, listen

I stepped in a club in your hood
I slowly turned left and there you stood
You and your friends talkin'
But then our eyes connect and moved in

It was just like 2 ways on beam
I'm your king, be my queen
And what did you wanna do tonight?
My truck is parked out front, so let's ride

I can read your mind, babe
(Ohh)
I know what you're thinkin'
(I know what you're thinkin', baby)
It's alright
(With me, baby)
It's alright, yes
(Ohh yeah)
I can read your mind, babe
(I can)
I know what you're thinkin'
(I know what you're thinkin', baby)
It's alright
(With me, yeah yeah)
It's alright, yes

So baby take a ride with me
And I'll fulfill all your fantasies
And when the rain starts pourin' down
Then all the love that's lost will be found

I'll make your mind loose control
Over your body that's my goal
So baby just come down here
Just let the gravity pull you near

I can read your mind, babe
(I can)
I know what you're thinkin'
(I know what you're thinkin')
It's alright
(Can you feel me? Yeah)
It's alright, yes
(Ooh, baby)

I can read your mind, babe
(Just me and you right now)
I know what you're thinkin'
(I got an idea, babe)
It's alright
(Oh yeah)
It's alright, yes

I know you wanna rub
(Rub)
I know you wanna touch
(Touch)
I know you wanna feel
(Feel)
So, baby keep it real

I know you wanna see
(See)
I know you wanna be
(Be)
In my B E D
Grindin' slowly

I know you wanna rub
(Rub)
I know you wanna touch
(Touch)
I know you wanna feel
(Feel)
So baby keep it real

I know you wanna see
(See)
I know you wanna be
(Be)
In my B E D
Grindin' slowly

I can read your mind, babe
(I can read it)
I know what you're thinkin'
(And I know)
It's alright
(You see, I know, what you know)
It's alright, yeah
(I can feel it too, baby)

I can read your mind, babe
(Just me and you, yeah)
I know what you're thinkin'
(I know, yeah)
It's alright
(Oh, oh yeah)
It's alright, yes

I wanna love baby
(That's what I wanna do to you)
I wanna feel you
(If you come, if you come)
I wanna love baby
(Oh yeah)
I wanna feel you
(I wanna feel you, girl)

I wanna love baby
(Come on and go with me)
(I want you to stay with me)
I wanna feel you
('Cause it's alright with me)
I wanna love baby
(Listen baby, I wanna go with you)
(I want you to stay with me)",2003,1.0,4:23
"Tank - Please Don't Go [Sex, Love & Pain]","Z:/Throwbacks 90s2000s/Tank - Please Don't Go [Sex, Love & Pain].mp3",,353698,Music,Throwbacks 90s2000s (Smooth),10000,0,20000,0,248,"Please don't go
Please don't go
Please don't go
Please don't go

Oh, she found all the numbers I had in my car
Oh, she called all the ones I had marked with a star
Oh, I'm racin' over to plead my case
Oh, she saw it was me and slammed the door in my face

Fellas tell me why
How come we always doin' wrong?
How come we can't keep it home?
How come it always ends like this even though we know that

It ain't worth tellin' a lie
It ain't worth seein' you cry
It ain't worth, that's why I'm right here
Beggin' you please don't go

'Cause it ain't worth killin' a home
It ain't worth bein' alone
It ain't worth, that's why I'm right here
Beggin' you please don't go, baby

Please don't go
Please don't go
Please don't go
Please don't go

Oh, I jeopardized everythin' I loved
Oh, what the hell could I have been thinkin' of?
Oh, I should have loved you right when I had the chance
Yeah, now you out there lookin' for a better man

Fellas, why?
How come we always doin' wrong?
How come we can't keep it home?
How come it always ends like this even though we know that

It ain't worth tellin' a lie
It ain't worth seein' you cry
It ain't worth, that's why I'm right here
Beggin' you please don't go

'Cause it ain't worth killin' a home
It ain't worth bein' alone
It ain't worth, that's why I'm right here
Beggin' you please don't go, baby

Please don't go
Please don't go
Please don't go
Please don't go

Oh, I didn't think it'd get this bad
Never thought of losin' you
Now my heart is beatin' fast
I'm tryin' to figure out in my mind
What to do, find the words to say

Remember when you said that you would never leave me
I'm steady knockin' on the door but you don't hear me
I can't let this happen right now
Please, don't take your love, girl, I know I'm must stop

It's a doggone shame
How come we always doin' wrong?
How come we can't keep it home?
How come it always ends like this even though we know that

It ain't worth tellin' a lie
It ain't worth seein' you cry
It ain't worth, that's why I'm right here
Beggin' you, please don't go

'Cause it ain't worth killin' a home
It ain't worth bein' alone
It ain't worth, that's why I'm right here
Beggin' you, please don't go, baby

It ain't worth
Oh, it ain't worth playin' with your heart, baby, yeah
It ain't worth
Runnin' around town, creepin' around
With these silly little broads, yeah

It ain't worth
If I get another chance
I swear I'ma be better about you, girl
It ain't worth
Oh, 'cause you, 'cause you, you, you're my

Please don't go
Please don't go
Please don't go
Please don't go",2007,1.0,5:53
Jamie Foxx - Just Like Me (feat. T.I.) [Intuition],Z:/Throwbacks 90s2000s/Jamie Foxx - Just Like Me (feat. T.I.) [Intuition].mp3,,206106,Music,Throwbacks 90s2000s (Smooth),10000,0,20000,0,264,"Say Foxx? (Ah, ah, yeah)
I had, I had a chick man and (ah, ah, yeah)
She went and did me real wrong, I mean
I did the same thing to her but (ah, ah, yeah)
She ain't have no right to do me like that though dawg, for real (ah, ah, yeah)

You, been seeing him, and I know
And I was with her, and you knew about it
But I was too blind to see it baby
And you was out here doing the same thing as me

I wanna ask, has he been by the crib?
Has he been in our car?
And did you let him drive?
'Cause she's been by the house
She's been in the car
I've even let her push the Porsche around a couple times

Oh, we were so the same
I don't know why I can't see it baby
And it ain't a point to feeling blue
You're just like me and I'm just like you

You're just like me
Shorty all up in the club
Popping bottles of that bub
Giving all them dudes hugs

And you just like me
She don't know how to act
On the floor backin' it back
Man, I can't be mad
She just like me (me, me, me)
She just like me (me, me, me)
She just like me (me, me, me)
She just like me

Now it's so easy for me
To be imagining what you been doing baby
So I don't even have to ask (no)
'Cause you ain't the only one that's been keeping secrets baby
So it ain't no sense in me playing back

And I, can't say nothing 'cause I did you wrong
And I was on some bullshit
When I let that bitch up in our home
She's also known just like me
And she played the game like one of my homies

Oh, we were so the same
I don't know why I can see it baby
And it ain't a point to feeling blue
You're just like me and I'm just like you

You're just like me
Shorty all up in the club
Popping bottles of that bub
Giving all them dudes hugs

And you just like me
She don't know how to act
On the floor backin' it back
Man, I can't be mad
She just like me (getting money, having fun, man she)
She ust like me (in the club, throwing ones, man she)
Just like me (24's on the Range)
She just like me (go on shawty do your thang)

Hey, shawty who you fooling?
You know I'm way too cool for you
To run that game on me, play me
Try to do me like I be doing you
Say you heard I was screwing her
Just like I hear he doing you
Why you worry about me doing me? I see you doing you

I can make her better though
You gon' let him ruin you
Just for the record know, I wouldn't have her
Unless I could have the two of you
I know why he pursuing you
That booty do be moving boo
Late night, straight pipe
That ain't nothing new to you

Wait a minute, can't tell me shit
Wanna tell me, something tell me this
If I woulda never woulda hit that chick
Would you even ever know dude existed? Naw
Got me twisted
Yo' ass goodbye I've kissed it
Now you all on his dick
Shawty look at this dick

You're just like me
Shorty all up in the club
Popping bottles of that bub
Giving all them dudes hugs
And you just like me (you know I was wrong shawty)
She don't know how to act
On the floor back in the back (but that take away from the fact)
Man, I can't be mad

She just like me (you dealing with a man with an ego, you know?)
She just like me (me, me, me)
She just like me (me, me, me)
She just like me",2008,1.0,3:26
Justin Timberlake - Señorita [Justified],Z:/Throwbacks 90s2000s/Justin Timberlake - Señorita [Justified].mp3,,294922,Music,Throwbacks 90s2000s (Smooth),10000,0,20000,0,270,"Ladies and gentlemen
It's my pleasure to introduce to you
He's a friend of mine (yes, yes I am)
And he goes by the name, haha, Justin (whoa)

All the way from Memphis, Tennessee
And he got somethin' special for y'all tonight
He gon' sing a song for y'all, about this girl
(Come in right here?) Yeah, come on, eh

On that sunny day, didn't know I'd meet
Such a beautiful girl, walkin' down the street
Seen those bright brown eyes, with tears coming down (so he said to himself)
She deserves a crown, but where is it now? Mama, listen

Señorita, I feel for you
You deal with things that you don't have to
He doesn't love ya, I can tell by his charm
But you could feel this real love if you just lay in my

Runnin' fast in my mind, girl, won't you slow it down?
If we carry on this way, this thing might leave the ground
How would you like to fly? That's how my queen should ride
But you still deserve the crown, well, hasn't it been found?
Mama, listen

Señorita, I feel for you (feel for you)
You deal with things, that you don't have to (no, no)
He doesn't love ya, I can tell by his charm (he don't love ya, baby)
But you could feel this real love (feel it), if you just lay in my

Ah, ah (oh), arms (won't you lay in my)
Ah, ah (ho), arms (mama, lay in my)
Ah, ah (bring it down, ho), arms (baby, won't you lay in my)
Ah, ah (ho), arms

When I look into your eyes (just listen, baby)
I see something that money can't buy (just hear me, baby, oh)
And I know if you give us a try (I want you, girl)
I'll work harder for you, girl (whoa, oh)
And no longer will you ever have to cry

Señorita, I feel for you (ah, yeah, yeah, yeah)
You deal with things (deal with things) that you don't have to (don't have to, oh)
He doesn't love ya, I can tell by his charm (no-oh)
But you could feel this real love (feel it), if you just lay in my

Ah (woah), ah (ho), arms (sing it)
Ah, ah (ho), arms (ah, baby)
Ah, ah, arms (ooh, ooh, ooh, yeah)
Ah, ah (ho), arms

When I look into your eyes (Just listen, baby)
I see something that money can't buy (just hear me, baby, oh)
And I know if you give us a try (I want you, girl)
I'll work harder for you, girl (whoa, oh), you won't ever cry

Now listen, I wanna try some right now
See they don't do this anymore (yeah)
I'ma sing somethin' and I want the guys to sing with me

They go, ""It feels like somethin's heatin' up, can I leave with you?""
And then the ladies go, ""I don't know what I'm thinkin' 'bout really leavin' with you""
(Guys, sing) it feels like somethin's heatin' up, can I leave with you?
(And ladies) I don't know what I'm thinkin' 'bout really leavin' with you
Feels good, don't it? Come on
It feels like somethin's heatin' up (c'mon), can I leave with you? (Yeah, my ladies)
I don't know what I'm (show the good in me) thinkin' 'bout really leavin' with you
Sing it one more time, guys

It feels like somethin's heatin' up (yeah), can I leave with you? (And ladies)
I don't know what I'm thinkin' 'bout (yeah-yeah) really leavin' with you
It feels like somethin's heatin' up (oh), can I leave with you? (Ladies)
I don't know what I'm thinkin' 'bout (real serious) really leavin' with you

Gentlemen, good night, ladies
Good morning (uh-huh), haha
And that's it",2002,1.0,4:54
J Holiday - Suffocate (Superclean) [Back Of My Lac' (Deluxe)],Z:/Throwbacks 90s2000s/J Holiday - Suffocate (Superclean) [Back Of My Lac' (Deluxe)].mp3,,220108,Music,Throwbacks 90s2000s (Smooth),10000,0,20000,0,257,"Now even though I try to play it off
I'm thinkin' 'bout you all day long
And I can't wait for shorty to come through
From your lips and back up to your eyes
My hands on your hips when we grind
I'm fantasizin' 'bout what I'm gon' do, to you

Got me fiendin' for her love, can't lie
Man, you should see how she got me
Spendin' all this time with her (With her)
And I couldn't leave her if I wanted to
Her love turns men into fools
Tell me what a man is to do

'Cause I can't breathe when you talk to me
I can't breathe when you're touchin' me
I suffocate when you're away from me
So much love you take from me
I'm goin' outta my mind

I can't breathe when you talk to me
I can't breathe when you're touchin' me
I suffocate when you're away from me
So much love you take from me
I'm goin' outta my mind

Whenever we up in this bed
And my fingers all in your hair
I wonder if you feel me watchin' you
'Cause I can't go a night without your lovin'
Got me lookin' at this phone
Every time it rings, I hope it's you, girl

Got me bracin' for your love
And I've, fallen for you, I can't lie
I just wanna be with you
And yes, she got me there, I said it
Somebody call the paramedics
Tell 'em to hurry up and come through

'Cause I can't breathe when you talk to me
I can't breathe when you're touchin' me
I suffocate when you're away from me
So much love you take from me
I'm goin' outta my mind

I can't breathe when you talk to me
I can't breathe when you're touchin' me
I suffocate when you're away from me
So much love you take from me
I'm goin' outta my mind

Don't ever leave me, girl
I need you inside my world
I can't go a day without you
And see, nobody else will ever do
I'll never feel like I feel with you

'Cause I can't breathe when you talk to me
I can't breathe when you're touchin' me
I suffocate when you're away from me
So much love you take from me
I'm goin' outta my mind

I can't breathe when you talk to me
I can't breathe when you're touchin' me
I suffocate when you're away from me
So much love you take from me
I'm goin' outta my mind (I'm goin' outta my mind)

Ooh, no, no, I can't breathe
Ooh, no, no, I can't breathe
Ooh, no, no, I can't breathe, ooh, no, no
Ooh, no, no, I can't breathe
Ooh, no, no, I can't breathe",2007,1.0,3:40
JAŸ-Z - Song Cry [The Blueprint],Z:/Throwbacks 90s2000s/JAŸ-Z - Song Cry [The Blueprint].mp3,,302420,Music,Throwbacks 90s2000s (Smooth),10000,0,20000,0,242,"Picture all the possibilities
Picture all the possibilities
Sounds like a love song
Sounds like a love song
Most incredible, baby
(Ooh) uh
(Ooh-ooh-ooh) mm, mm, mm, mm
(Ooh-ooh-ooh) yeah, yeah
Uh

I can't see 'em comin' down my eyes
So I gotta make the song cry
I can't see 'em comin' down my eyes
So I gotta make the song cry

Good dude, I know you love me like cooked food
Even though a nigga gotta move like a crook move
We was together on the block since free lunch
We shoulda been together havin' Four Seasons brunch
We used to use umbrellas to face the bad weather
So now we travel first-class to change the forecast
Never in bunches, just me and you
I loved your point of view 'cause you held no punches

Still I left you for months on end
It's been months since I checked back in
We're somewhere in a small town
Somewhere lockin' a mall down
Woodgrain, four and change, Armor All'd down
I can understand why you want a divorce now
Though I can't let you know it, pride won't let me show it
Pretend to be heroic, that's just one to grow with
But deep inside, a nigga so sick

I can't see 'em comin' down my eyes
So I gotta make the song cry
I can't see 'em comin' down my eyes
So I gotta let the song cry
Can't see 'em comin' down my eyes
So I gotta make the song cry
I can't see 'em comin' down my eyes
So I gotta make the song cry

On repeat, the CD of Big's ""Me & My Bitch""
Watchin' Bonnie and Clyde, pretendin' to be that shit
Empty gun in your hand, sayin', ""Let me see that clip""
Shopping sprees, pull out your Visa quick
A nigga had very bad credit, you helped me lease that whip
You helped me get the keys to that V dot 6
We was so happy poor, but when we got rich
That's when our signals got crossed, and we got flipped

Rather mine, I don't know what made me leave that shit
Made me speed that quick, let me see, that's it
It was the cheese, helped them bitches get amnesia quick
I used to cut up they buddies, now they sayin' they love me
Used to tell they friends I was ugly and wouldn't touch me
Then I showed up in that dubbed-out buggy
And then they got fuzzy, and they don't remember that
And I don't remember you

I can't see it comin' down my eyes
So I gotta make the song cry
I can't see it comin' down my eyes
So I gotta make the song cry
Yeah, I seen 'em comin' down your eyes
But I gotta make the song cry
I can't see it comin' down my eyes
So I gotta make the song cry

A face of stone, was shocked on the other end of the phone
Word back home is that you had a special friend
So what was oh so special then?
You have given away without gettin' at me
That's your fault, how many times you forgiven me?
How was I to know that you was plain sick of me?
I know the way a nigga livin' was wack
But you don't get a nigga back like that

Shit, I'm a man with pride, you don't do shit like that
You don't just pick up and leave and leave me sick like that
You don't throw away what we had just like that
I was just fuckin' them girls, I was gon' get right back
They say you can't turn a bad girl good
But once a good girl's gone bad, she's gone forever
I'll mourn forever
Shit, I've got to live with the fact I did you wrong forever

I can't see 'em comin' down my eyes
So I gotta make the song cry
I can't see 'em comin' down my eyes
So I gotta let the song cry
I know, I seen 'em comin' down your eyes
But I gotta make the song cry
I can't see 'em comin' down my eyes
So I gotta make the song cry

It's fucked up, girl",2001,1.0,5:02
R. Kelly - Topic - Step In the Name of Love (Remix),Z:/Throwbacks 90s2000s/R. Kelly - Topic - Step In the Name of Love (Remix).mp3,,220108,Music,Throwbacks 90s2000s (Smooth),10000,0,20000,0,257,"Now even though I try to play it off
I'm thinkin' 'bout you all day long
And I can't wait for shorty to come through
From your lips and back up to your eyes
My hands on your hips when we grind
I'm fantasizin' 'bout what I'm gon' do, to you

Got me fiendin' for her love, can't lie
Man, you should see how she got me
Spendin' all this time with her (With her)
And I couldn't leave her if I wanted to
Her love turns men into fools
Tell me what a man is to do

'Cause I can't breathe when you talk to me
I can't breathe when you're touchin' me
I suffocate when you're away from me
So much love you take from me
I'm goin' outta my mind

I can't breathe when you talk to me
I can't breathe when you're touchin' me
I suffocate when you're away from me
So much love you take from me
I'm goin' outta my mind

Whenever we up in this bed
And my fingers all in your hair
I wonder if you feel me watchin' you
'Cause I can't go a night without your lovin'
Got me lookin' at this phone
Every time it rings, I hope it's you, girl

Got me bracin' for your love
And I've, fallen for you, I can't lie
I just wanna be with you
And yes, she got me there, I said it
Somebody call the paramedics
Tell 'em to hurry up and come through

'Cause I can't breathe when you talk to me
I can't breathe when you're touchin' me
I suffocate when you're away from me
So much love you take from me
I'm goin' outta my mind

I can't breathe when you talk to me
I can't breathe when you're touchin' me
I suffocate when you're away from me
So much love you take from me
I'm goin' outta my mind

Don't ever leave me, girl
I need you inside my world
I can't go a day without you
And see, nobody else will ever do
I'll never feel like I feel with you

'Cause I can't breathe when you talk to me
I can't breathe when you're touchin' me
I suffocate when you're away from me
So much love you take from me
I'm goin' outta my mind

I can't breathe when you talk to me
I can't breathe when you're touchin' me
I suffocate when you're away from me
So much love you take from me
I'm goin' outta my mind (I'm goin' outta my mind)

Ooh, no, no, I can't breathe
Ooh, no, no, I can't breathe
Ooh, no, no, I can't breathe, ooh, no, no
Ooh, no, no, I can't breathe
Ooh, no, no, I can't breathe",2007,1.0,3:40
Floetry - Topic - Say Yes,Z:/Throwbacks 90s2000s/Floetry - Topic - Say Yes.mp3,,268434,Music,Throwbacks 90s2000s (Smooth),10000,0,20000,0,266,"Uh (just tell her)
See, I've been watching you for a while, your smile and stuff
I don't know if I can be with you for tonight, alright?
Is that alright? Baby, baby

There is only one for me
You have made that a possibility
We could take that step to see, mm
If this is really gonna be
All you got to do is say yes

All you got to do is say yes
Don't deny what you feel, let me undress you, babe
Open up your mind and just rest
I'm about to let you know, you make me so
All you got to do is say yes
Don't deny what you feel, let me undress you, babe
Open up your mind and just rest
I'm about to let you know, you make me so, so

So, so, so, so, so, so
You make me so, so, so, so, so, so, so, so, ah

Loving you has taken time, take time
But I always knew you could be mine
I-I recognize the butterflies inside me, ah
Sense is gonna be made tonight, tonight
All you got to do is say yes

All you got to do is say yes
Don't deny what you feel, let me undress you, babe
Open up your mind and just rest
I'm about to let you know, you make me so

Don't deny what you feel let me undress you, babe
Open up your mind and just rest
I'm about to let you know you make me so, so

So, so, so, so, so, so
You make me so, so, so, so, so, so, so, so
You make me so, so, so, so, so, so, so, so
You make me so, so, so, so, so, so, so, so, so, so

Ah, ah, yea-yeah, yeah, yea-yeah
Oh right there, right there, right there
Right there, right there
Right there, oh, oh, mm, mmm

Mmm, mmm all you got to do
All you got to do is say yes
Don't deny what you feel, let me undress you, baby
Open up your mind and just rest
I'm about to let you know, so, so

All you got to do is say yes
(Don't deny what you feel, let me)",2002,1.0,4:28
Kehlani - Folded [Kehlani (Uncut Edition)],Z:/New School 2010+/Kehlani - Folded [Kehlani (Uncut Edition)].mp3,,238158,Music,New School 2010+ (Smooth),10000,0,20000,0,252,"It's so silly of me to act like I don't need you bad
When all, all I can think about is us since I seen you last
I know I didn't have to walk away, all I had to do was ask for space
I'm telling you, ""Be on your way,"" when I told you to fall back

So can you come pick up your clothes? I have them folded
Meet me at the door while it's still open
I know it's getting cold out, but it's not frozen
So come pick up your clothes, I have them folded

I'll let your body decide if this is good enough for ya
Already folding it for ya, already folding up for ya
I'll let your body decide if this is good enough for ya
Already folding it for ya, already folding up for ya

No matter what you do to switch the story up
I know I made my mark
And I would still choose you through it all
That's the crazy part, crazy part

I don't need no morе empty promises, promise mе that you got it
I don't need roses, just need some flowers from my garden
Can't you go back to how you loved on me when you started?
I'll be here begging for ya

You should be giving me love all damn day
'Til the day is done (done)
So if you wanna go that way, I'll be waiting up

For you to come pick up your clothes, I have them folded
Meet me at the door while it's still open
I know it's getting cold out, but it's not frozen
So come pick up your clothes, I have them folded

So come pick up your clothes, I have them folded
Meet me at my door while it's still open
I know it's getting cold out, but tell me that it's not frozen
So come pick up your clothes, I have them folded

I'll let your body decide if this is good enough for ya
Already folding up for ya, already folding up for ya
I'll let your body decide if this is good enough for ya
Already folding up for ya, already folding up for ya

I'll let your body decide if this is good enough for ya
Already folding up for ya, already folding up for ya
I'll let your body decide if this is good enough for ya
Already folding up for ya, already folding up for ya",2026,1.0,3:58
Tamar Braxton - All the Way Home [Love and War],Z:/New School 2010+/Tamar Braxton - All the Way Home [Love and War].mp3,,262269,Music,New School 2010+ (Smooth),10000,0,20000,0,259,"Wait a minute baby, going too fast
I'mma turn back, ohhhhh
Wait a minute baby, going too fast
I'mma turn back

Don't even know what we fighting for
Damn I need a minute, so baby keep your distance
Heard it all, so I'mma just go

Don't bother waiting up, I just need some time alone
Damn where the hell are my keys
I just wanna leave, get in my car, and I'mma just drive, all night

Turn off my phone, radio on, and drive
So I'm just

Speeding down the road, and my head out of control
'Cause I'm thinking about you all the way home
Got a long way to ride and I can't even deny
I've been thinking about you all the way home

Wait a minute baby, going too fast
I'mma turn back
Thinking about you all the way home
Wait a minute baby, going too fast
I'mma turn back
I've been thinking about you all the way home

Hey baby, I'm back and I calmed down
I'm done with all the cursing
I came to give you a little something
You got me screaming for a different reason now
Why we break stuff turn it up
Neighbors hear you loving me down all night
(Damn) Where the hell are my clothes, I don't wanna go
But it's getting late, so I'm just drive all night
Moving real slow, radio low, just drive
So why I'm just

Speeding down the road, and my head out of control
'Cause I'm thinking about you all the way home
Got a long way to ride and I can't even deny
I've been thinking about you all the way home

Wait a minute baby, going too fast
I'mma turn back
I've been thinking about you all the way home
Wait a minute baby, going too fast
I'mma turn back
I've been thinking about you all the way home

Who I think I'm fooling anyway?
Drive around the block just come right back to you
When all along I knew
I should have stayed right where I was in steady love
Instead of drive and think of you
So why I'm just

Speeding down the road, and my head out of control
'Cause I'm thinking about you all the way home
Got a long way to ride and I can't even deny
I've been thinking about you all the way home

Wait a minute baby, going too fast
I'mma turn back
I've been thinking about you all the way home
Wait a minute baby, going too fast
I'mma turn back
I've been thinking about you all the way home

Oh oh (Oh oh)
Oh oh (Oh)
I'mma turn right back babe, I'mma come right back to you
Oh
I'mma turn right back babe, I'mma come right back to you",2013,1.0,4:22
LaDre - Gon' Get It (feat. Mello Tha Guddaman) [One Night Only],Z:/New School 2010+/LaDre - Gon' Get It (feat. Mello Tha Guddaman) [One Night Only].mp3,,177659,Music,New School 2010+ (Smooth),10000,0,20000,0,241,Not Found,2024,1.0,2:57
Kevin Ross - Sweet Release [Sweet Release],Z:/New School 2010+/Kevin Ross - Sweet Release [Sweet Release].mp3,,169561,Music,New School 2010+ (Smooth),10000,0,20000,0,241,"Just sit back and let it play, yeah (yeah)
You know Drive is on the way, yeah (ghost)

Curbside fine, yeah
Read between the lines
Got pennies for your thoughts
Pay millions for your mind, yeah
That's what you like
Baby, pass and recline

Girl, you got the light
Diamonds dance in the night
And it's feeling like we on a vibe
Tryna turn the day into a lucky night
You know I love it when we kiss and ride
It's automatic like a '45

Put the dash on coast
You know anything goes
Stress won't hold, no
Once we hit the road
Don't you worry about a hair
On your pretty little head
Let it go, go
Just come and get you a little

Sweet release
Give me a shot (shoot)
Whipping the pot, never miss
Girl, I got (you)
Give me the time put you in
For a sweet release
Soon as you come through
I'll change the way that you feel
Make it sweet, sweet, sweet, ayy

Yeah, bring it in (ooh)
Same team, who we up against?
For the win (ooh)
Co-star to your main event, evident (ooh)
No one better than, you're sugar binge, insulin
I go crazy for you, I get militant

'Rounds off
I know they're waitin' to see your downfall
But we still kickin' it like a ground-ball
Whenever you need it, you know I'm on call
You better believe it

Put the dash on coast
You know anything goes
Stress won't hold, no
Once we hit the road
Don't you worry about a hair
On your pretty little head
Let it go, go
Come and get you a little

Sweet (sweet) release
Give me a shot (give me a shot)
Whipping the pot, never miss
Girl, I got (girl, I got you)
Give me the time to put you in
For a sweet release (sweet release)
Soon as you come through (soon as you come)
I'll change the way that you feel
Make it sweet, sweet, sweet, ayy

Ooh
Ooh
Ooh",2021,1.0,2:49
Blonded - Pink Matter,Z:/New School 2010+/Blonded - Pink Matter.mp3,,120633,Music,Throwbacks 90s2000s (Smooth),10000,0,20000,0,268,"There ohhhh yea yea ohhhh
Sometimes we must go
We must look at our situations lady
And how could u make me chose
Between you and my first life
Theres so many others
Wishing that they can raise their families
All first at the same
And playing and traveling
But you keep me within chain
Holding, keeping me from leaving
I hope for the day
When you and I can agree
And we can live like we ardor be
Girl its all for u
And you call me
Fame x7
Ohh x 4",2008,1.0,2:00
Chris Brown - Residuals [11_11 (Deluxe)],Z:/New School 2010+/Chris Brown - Residuals [11_11 (Deluxe)].mp3,,215223,Music,New School 2010+ (Smooth),10000,0,20000,0,249,"Don't know when my nights became so complicated
Can't recall my mornings ever being this faded
Maybe this is karma, definition of jaded, oh
This stays on my mind, this stays on my mind
Tryna put a muzzle on my crazy feelings
One minute I'm cool and then the next, I'm tripping, no
With somebody new, I swear she done deserted
Wasted on my mind, she still on my mind

Do we build it up, build it up
Just to let it wash away?
Tell me did I lace you up, lace you up
Just to watch you run away?

Please tell me who?
Who's getting all my love? (Love)
Who's getting all my love? (My love)
Tell me who?
Who's getting all my time?
All of that used to be mine, oh
Who did you teach what I taught ya? (Oh)
Better not give him my nickname
I don't like thinking about it
I swear that it's wearing me down, no

But tell me who?
Who's getting all of my?
Who's getting all of my residuals?

(Who?)
Who's getting all of my?
Who's getting all of my residuals?
(Who?)
Who's getting all of my?
Who's getting all of my residuals?

Made it clear you didn't wanna see the sequel
I was lying when I said the feeling's mutual, oh
It took some time to realize that we're different people
And love is blind, I see love is blind

Do we build it up, build it up
Just to let it wash away?
And tell me did I lace you up, lace you up
Just to watch you run away?

Please tell me who?
Who's getting all my love? (Who's getting? Love)
Who's getting all my love? (My love)
And tell me who?
Who's getting all my time? (My time, no)
All of that used to be mine, oh (believe it)
Who did you teach what I taught ya? (Oh)
Better not give him my nickname
I don't like thinking about it
I swear that it's wearing me down, no

But tell me who (so tell me who, yeah)
Who's getting all of my? (My)
Who's getting all of my (oh) residuals?

(Who)
(Who)",2024,1.0,3:35
Michael Jackson - Beat It [The Very Best Of],Z:/New School 2010+/Michael Jackson - Beat It [The Very Best Of].mp3,,258325,Music,Throwbacks 90s2000s (Smooth),10000,0,20000,0,320,Not Found,1993,1.0,4:18
KAYTRANADA - Intimidated (feat. H.E.R.) [Intimidated],Z:/New School 2010+/KAYTRANADA - Intimidated (feat. H.E.R.) [Intimidated].mp3,,207882,Music,New School 2010+ (Smooth),10000,0,20000,0,246,"Open wider
I just want you more than
(I just want you more than)
So don't leave me drowning
Don't let me, down

Don't, don't hold it back like that, just pull me closer, baby
Hold on, love
Let's make the most of this before it's over, over

No, time
Don't wanna waste the feel
Like we can make it real
Don't run away when you could be lovin' me
Signs, too busy readin' minds
Already made it here
Don't overthink when you could be lovin' me

(Babe, when you could be lovin' me)
(Babe, when you could be lov-)

Get me started
Before this started (before this started)
I could be givin' someone all of me
Totally (totally), totally, oh

Don't, don't hold it down like that, just pull me closer, baby
So, better make the most of this before it's over, over

There's no time
Don't wanna waste the feel
Like we can make it real
Don't run away when you could be lovin' me
Signs, too busy readin' minds
Already made it here
Don't overthink when you could be lovin' me

(Babe, when you could be lovin' me)
(Babe, when you could be-)

Play it safe 'case I don't feel the same
Oh, end of the day (oh, end of the day)
Won't face it, you're too afraid to say it
Too intimidated
When you could be lovin' me

(Babe, when you could be lovin' me)
(Babe, when you could be lovin' me)",2021,1.0,3:27
Up Jumps Da' Boogie (feat. Missy Elliott & Aaliyah),Z:/New School 2010+/Up Jumps Da' Boogie (feat. Missy Elliott & Aaliyah).mp3,,300456,Music,New School 2010+ (Smooth),10000,0,20000,0,257,Not Found,2025,1.0,5:00
Tank - I Can't Make You Love Me [Now or Never],Z:/New School 2010+/Tank - I Can't Make You Love Me [Now or Never].mp3,,236330,Music,New School 2010+ (Smooth),10000,0,20000,0,243,"Turn down the lights, turn down the bed
Turn down these voices inside my head
Lay down with me, tell me no lies
Just hold me close, don't patronize
Don't patronize

'Cause I can't make you love me if you don't
You can't make your heart feel something that it won't
Here in the dark, in this final hour
I will lay down my heart, and I feel the power
If you want, know you want

I'll close my eyes, then I won't see
The love you do not feel, when you're holdin' me
Mornin' will come, and I'll do what's right
Just give me 'til then, to give up this fight
And I will give up this fight

'Cause I can't make you love me if you don't
You can't make your heart feel, something it won't
Here in the dark, in these final hours
I will lay down my heart, and feel the power
If you won't, no you won't

'Cause I can't make you love me, no
If you don't
Say you ain't gotta love
You ain't gotta love
You ain't gotta love it

I can't just make you love me
I can't, I can't, I can't, now (I can't do it)
I can't, I can't, I can't, now (I tried my best)
I can't, I can't, I can't, now (But you put my heart through the test)
I can't just make you love me (I tried)
I can't, I can't, I can't, now (Tried to get through to you girl)
I can't, I can't, I can't, now (Oh, can't you see, that I'm crying out for you girl)
I can't, I can't, I can't, now
I can't just make you love me (I can't make you love me)
Oh, if you don't",2010,1.0,3:56
Kevin Ross - Looking For Love [Drive 2],Z:/New School 2010+/Kevin Ross - Looking For Love [Drive 2].mp3,,192470,Music,New School 2010+ (Smooth),10000,0,20000,0,249,"Call me
Call me
Call me
Call me
Yeah, uh
Late in the night and I'm faded
Say that you're not gonna make it
That's two times in a row for you
Feel some curving is overdue
Lately, you're testing my patience
Baby, I think you must be mistaken
I could find me somebody new
But they won't compare, the truth is
Girl, you got me (got me)
You're cocky (cocky) but sloppy (sloppy)
You get underneath my skin
And it drives me to no end
Look here
I ain't worried (worried) 'cause they're not me (not me)
Just a copy (copy)
But if you're searching for more
I'll tell you what you already know, oh-oh
I'm saying
Baby, if you're looking for love
Girl, sooner or later you're bound to find it
Can't keep holding onto what was
You gotta be willing to trust in something
If you're really looking for love
Girl, sooner or later you'll know it's right here
It'll come when you open up
Till then we'll keep in touch
We'll keep in touch (call me, keep in touch)
We'll keep in touch (call me, keep in touch)
You know the number (call me, keep in touch)
We'll keep in touch (call me, keep in touch)
It's two lanes, it's your way or no way
Drop-dead gorgeous, a cold case
You get what you want from them lames
Trust me, we're not in the same race
But you're worth a good chasing
I thought about it
I put it on the line but you run around it
You say you needed space so I bought a rocket
Then end back in the same place, 'cause
Girl, you got me (got me)
You're cocky (cocky) but sloppy (sloppy)
You get underneath my skin (woah, oh)
And it drives me to no end (no end)
Look here (oh yeah)
I ain't worried (worried) 'cause they're not me (not me)
Just a copy (copy)
But if you're searching for more (more)
I'll tell you what you already know, oh-oh
I'm saying (yeah)
Baby, if you're looking for love (if you're looking)
Girl, sooner or later you're bound to find it
Can't keep holding onto what was (you can't keep holding onto it, baby)
You gotta be willing to trust in something (woo)
If you're really looking for love (uh, uh)
Girl, sooner or later you'll know it's right here
It'll come when you open up (yeah, ayy)
Till then we'll keep in touch (woo, ooh)
We'll keep in touch (call me, keep in touch)
We'll keep in touch (call me, keep in touch)
You know the number (call me, keep in touch)
We'll keep in touch (call me, keep in touch)
Call me
Call me
Call me
Call me",2021,1.0,3:12
Chris Brown - New Flame (feat. Usher & Rick Ross) [X (Expanded Edition)],Z:/New School 2010+/Chris Brown - New Flame (feat. Usher & Rick Ross) [X (Expanded Edition)].mp3,,244271,Music,New School 2010+ (Smooth),10000,0,20000,0,247,"There can be one only you, oh
And baby, God could never make two, na-na-na
And I know you came here with your crew, whoa-oh
But I promise you that it feels like it's just us two, uh-huh

Oh, I don't know what you had planned to do tonight
But I just wanna be the one to do you right (Right)
We're standing here looking at each other, baby, eye to eye
And I'm hoping that you're thinking 'bout leaving with me tonight

Who said you can't find love in a club?
'Cause I wanna tell them they wrong
Come on, just baby, try a new thing
And let's spark a new flame
You gon' be my baby
Love me, love you crazy
Tell me if you with it
Baby, come and get it
Maybe try a new thing (Usher, baby)
And let's spark a new flame (Breezy, let me holla at her, yeah, man)

I can't believe you came here all alone, baby girl, where's your lover?
Oh, it don't really matter 'cause I got plans to get to know you better
Baby, baby, baby, baby, let's make what we got here last forever
Girl, 'cause I don't wanna let you go, never

Oh, I don't know what you had planned to do tonight
Girl, I just wanna be the one to do you right, (Right)
We're standing here looking at each other, baby, eye to eye
Baby, I hope that you're thinking 'bout leaving with me tonight

Who said you can't find love in the club?
'Cause I wanna tell them they wrong (Ohh, whoa-ohh, tell them that they wrong)
Come on, just baby, try a new thing (Try a new thing, hey)
And let's spark a new flame
You gon' be my baby (Ohh)
Love me, love you crazy (Crazy)
Tell me if you with it (With it)
Baby, come and get it
Try a new thing (Baby, try a new thing)
And let's spark a new flame

Home plate, World Series, how a nigga sliding in her
Baby, I'm a boss, I'm talking George Steinbrenner
Panamera, Yogi Berra, my two-seater Derek Jeter
Got more stripes than all these niggas
Babe Ruth balling in a Beamer
Collar on my Polo (Woo), kisses on my necklace (Agh)
All my diamonds watching, now my watches getting jealous (Haha)
Smoking on a bomb in my autographed LeBron's
Yeah, she told me I'm the one, that's when I only hit it once

Who said you can't find love in a club? (No)
'Cause I wanna tell them they wrong (Baby)
Come on, just baby, try a new thing (New thing, baby)
And let's spark a new flame (Baby)
You gon' be my baby (Be mine)
Love me, love you crazy
Tell me if you with it
Baby, come and get it
Baby, try a new thing
And let's spark a new flame",2014,1.0,4:04
Janet Jackson - That's The Way Love Goes [Herstory in the Making],Z:/New School 2010+/Janet Jackson - That's The Way Love Goes [Herstory in the Making].mp3,,266397,Music,New School 2010+ (Smooth),10000,0,20000,0,272,"Like a moth to a flame, burned by the fire
My love is blind, can't you see my desire?
That's the way love goes
(That's the way love, that's the way love)
(That's the way love goes)

Like a moth to a flame, burned by the fire (that's the way)
My love is blind, can't you see my desire? (That's the way)
Like a moth to a flame, burned by the fire (that's the way)
My love is blind, can't you see my desire? (That's the way love goes)

Like a moth to a flame, burned by the fire
(That's the way, that's the way)
(That's the way love goes)
That's the way love goes
My love is blind, can't you see my desire?
(That's the way, that's the way)
(That's the way love goes)

Come with me, don't you worry
I'm gonna make you crazy
I'll give you the time of your life
I'm gonna take you places
You've never been before and
You'll be so happy that you came
Ooh, I'm gonna take you there, ooh

That's the way love goes
That's the way love goes (that's the way love goes)
That's the way love goes (that's the way)
That's the way love goes (desire)
(That's the way, that's the way life goes)

Don't mind if I light candles
I like to watch us play and
Baby, I've got on what you like
Come closer, baby, closer
Reach out and feel my body
I'm gonna give you all my love

Ooh, sugar don't you hurry
You've got me here all night
Just close your eyes and hold on tight
Ooh, baby, don't stop, don't stop
Go deeper, baby, deeper
You feel so good I'm gonna cry
Oh, I'm gonna take you there, ooh

That's the way love goes
That's the way love goes (that's the way love goes)
That's the way love goes
That's the way love goes (that's the way love goes)
That's the way love goes
That's the way love goes
(Don't you know? That's the way)

Like a moth to a flame, burned by the fire
My love is blind, can't you see my desire?
Like a moth to a flame, burned by the fire
My love is blind, can't you see my desire?

(That's the way, that's the way)
(That's the way, that's the way) that's the way the love goes
(That's the way, that's the way)
That's the way love goes
That's the way love goes (that's the way, that's the way)
That's the way love goes, it goes, it goes (that's the way, that's the way)
That's the way love goes

That's the way love goes
That's the way love goes
That's the way love goes (that's the way love goes)
That's the way love, that's the way love, that's the way love
That's the way love, that's the way love, that's the way love
That's the way love goes",2023,1.0,4:26
Jodeci - Come & Talk To Me (Radio Remix) [Forever My Lady (Expanded Edition)],Z:/New School 2010+/Jodeci - Come & Talk To Me (Radio Remix) [Forever My Lady (Expanded Edition)].mp3,,384575,Music,New School 2010+ (Smooth),10000,0,20000,0,264,"Come and talk to me
I really want to meet you, girl
I really want to know your name
Whoa, come and talk to me
I really want to meet you, girl
I really want to know your name

Oh yeah, babe (whoo)
You look so sexy, you really turn me on
Blow my mind every time I
See your face, girl

You look so sexy, you really turn me on
Blow my mind every time I
See your face, girl

I've been watching you
For so very long
Trying to get my nerve built up
To be so strong
I really want to meet you
But I'm kind of scared
'Cause you're the kind of lady
With so much class

I get my thoughts together
For the very next day
But when I see you, lady

I forget what to say
Your eyes and hair
Such a beautiful tone
The way you dress and walk
It really turns me on, yeah
Ooh, you really turn me on
C'mon, c'mon, c'mon, c'mon

Come and talk to me
I really wanna meet you
Can I talk to you? (Mm-hm)
I really wanna know you (I wanna know you)
Come and talk to me (oh)
I really want to meet you
Can I talk to you? (Ooh, yeah)
I really wanna know you
Oh
Oh, oh, oh, oh

There you are again
With the same smile on each day
I wanna know what it is
That makes me feel this way
I wish I could grab you
Tell you what it means to me
To see you walking by and wave
That really makes my day

Before I go to sleep
And dream about you
I'm a single man
I hope that you are single, too
Tomorrow, I'll say
Something to set my mind free
'Cause curiosity is burning
The hell out of me, yeah, baby
Talk to me, talk to me, talk to me, baby

Come and talk to me (my baby)
I really wanna meet you
Can I talk to you? (Oh)
I really wanna know you (and you know, and you know, and you know)
Come and talk to me (and you know, know, know, baby)
I really wanna meet you (I wanna meet you)
Can I talk to you?
I really wanna know you (said I wanna know you, baby)

I wanna know
You wanna tell me your name? (Won't you tell me your name?)
Let me play your game (let me play your game)
Oh-oh-oh (oh, oh-oh-oh, oh-oh-oh, yeah)
I wanna know
Whoa, oh
I wanna know (oh, yeah, oh)
Said I wanna know you, baby

Now I could sit in here and call you my honeybun (honeybun)
Begging and pleading, and telling you I want some (I want some)
But that don't fit the Jodeci format
You don't really need that and that ain't where my head's at
You can get cozy in my hideout
And if the skin's all that
I'll let you know when I slide out

Girlfriend, you know my program
I mean, I'm not cockdiesel, but I'll be your Conan
Slide to the sled and get comfy
Close the door, dim the lights, press play, and then pump me
Pump me like I was a booming system
You told me 'bout your man
And how you used to miss him (damn)

Notice how I said, ""Used to""
Now I'll fill that gap with a rap you'll get used to
'Cause with me, there's no pressure, no strain
I just want to know your name

I wanna know
I wanna know
Oh, oh-oh
Oh
Said you feel so good, yeah (oh-oh-oh)
Baby, come over, and take off all of your clothes (I wanna know)
Let me lick you from head to toe (I wanna know)
Oh-oh-oh (oh-oh-oh)

You wanna tell me your name?
Don't ever stop me, no, no, no, no, no, no (oh-oh-oh)
I don't wanna let you go, no, baby
Said you feel so good to me, baby
Oh-oh, I won't never leave you, no, no, no, no, no, no, no
Oh, don't let me go, baby
Ooh, I just wanna get real nasty with you, baby
Oh
Ooh, yeah

Come on, baby, come on, baby
Oh, I want you, baby
Do you really want me, too?",2022,1.0,6:24
Daniel Caesar - Best Part (feat. H.E.R.) [Freudian],Z:/New School 2010+/Daniel Caesar - Best Part (feat. H.E.R.) [Freudian].mp3,,209894,Music,New School 2010+ (Smooth),10000,0,20000,0,230,"Oh, ay

You don't know, babe
When you hold me
And kiss me slowly
It's the sweetest thing
And it don't change
If I had it my way
You would know that you are

You're the coffee that I need in the morning
You're my sunshine in the rain when it's pouring
Won't you give yourself to me?
Give it all, oh

I just wanna see
I just wanna see how beautiful you are
You know that I see it, I know you're a star
Where you go, I'll follow, no matter how far
If life is a movie, then you're the best part, oh
You're the best part, ooh
Oh-oh-oh-oh
Best part

It's this sunrise
And those brown eyes, yes
You're the one that I desire
When we wake up
And then we make love (make love)
It makes me feel so nice

You're my water when I'm stuck in the desert
You're the Tylenol I take when my head hurts
You're the sunshine on my life

I just wanna see how beautiful you are
You know that I see it, I know you're a star
Where you go, I'll follow, no matter how far
If life is a movie, then you're the best part
Oh-oh-oh-oh
You're the best part
Oh-oh-oh-oh
Best part (you're the best part)

If you love me, won't you say something?
If you love me, won't you, won't you?
If you love me, won't you say something? (Say something)
If you love me, won't you?
Love me, won't you?

If you love me, won't you say something? (Say something)
If you love me, won't you? Ah
If you love me, won't you say something? (Say something)
If you love me, won't you?
Love me, won't you?

If you love me, won't you say something? (Say something)
If you love me, won't you? Ah
If you love me, won't you say something? (Say something)
If you love me, won't you?
Love me, won't you?",2017,1.0,3:29
Chris Brown - She Ain't You [F.A.M.E. (Expanded Edition)],Z:/New School 2010+/Chris Brown - She Ain't You [F.A.M.E. (Expanded Edition)].mp3,,248163,Music,New School 2010+ (Smooth),10000,0,20000,0,245,"She a-ain't
She ain't you (no)
She a-ain't
She ain't you (no)
She a-ain't
She ain't you (no)
She a-ain't
She ain't you (no)

You make it hard for me
To see somebody else
I'm calling her your name
And yeah, it's messed up

'Cause I'm thinkin' 'bout you
It's your fault babe
I never wanted us to break up
No, not this way
But you don't understand it girl

When she touches me
I'm wishing that they were your hands
And when I'm with her
It's only 'bout the sex
But with you I had a bad romance
And if I could
Just trade her in I would
'Cause nobody compares to you
No-o-o yeah

I think I better let her go
I can't leave you alone
Every day that I'm with her
All I want is you
I wanna leave, but I'm afraid
That you don't even feel the same
And now I realize that she ain't you

O-o-oh, no, no, no-no, no
O-o-oh, no, no, no-no, no
She ain't you
No-no-no-no-no-no
'Cause she ain't
No, she ain't you

I've been sleeping out
For quite some nights now
It's not the same in my bed
But if she found out
What's going on in my head
It'll be all bad, have me right back
But you don't understand it, girl, oh

When she touches me
I'm wishing that they were your hands
And when I'm with her
It's only 'bout the sex
But with you I had a bad romance
And if I could
Just trade her in I would
'Cause nobody compares to you
No, yeah

I think I better let her go
I can't leave you alone
Every day that I'm with her
All I want is you
I wanna leave, but I'm afraid
That you don't even feel the same
And now I realize that she ain't you

She a-ain't
She ain't you (no)
She a-ain't
She ain't you (no)
She a-ain't
She ain't you (no)
She a-ain't
She ain't you (no)
She a-ain't
She ain't you (no)
She a-ain't
She ain't you (no)
She a-ain't
She ain't you (no)
She

I think I better let her go
I can't leave you alone
Every day that I'm with her
All I want is you
I wanna leave, but I'm afraid
That you don't even feel the same
And now I realize that she ain't you

(Oh)
O-o-oh, no, no, no-no, no
(Oh, no-no-no-no)
O-o-oh, no, no, no-no, no
(Hey, hey, hey)
She ain't you
No-no-no-no-no-no
'Cause she ain't
No, she ain't you",2011,1.0,4:08
Mint Condition - Not My Daddy (feat. Kelly Price) [7...],Z:/New School 2010+/Mint Condition - Not My Daddy (feat. Kelly Price) [7...].mp3,,273554,Music,New School 2010+ (Smooth),10000,0,20000,0,263,"You're not my daddy
You're my man
I think it's time you understand
So just make me happy if you can, oh

I'm not your mama
I'm your girl
And I am the lady in your world
And loving each other's how we work, oh

Trust, without it there's no love
It's true, no matter what you try
Us, there can be no us
Unless we find the strength to fight, hum

I spy, you see
You watch, I peak
So what are we doing with our love
It's not how it's s'pose to be

You're not my daddy
You're my man
I think it's time you understand
So just make me happy if you can, oh

I'm not your mama
I'm your girl
And I am the lady in your world
And loving each other's how we work, oh

Sure, are we really sure?
Maybe we should close the door, oh
Storms, we're tryin' to stand the storms
We've been holdin' on too long

I pray, you weep, you cry, I speak
See what are we doin' with our love
It's not how it's s'pose to be

You're not my daddy
You're my man
I think it's time you understand
So just make me happy if you can, oh

I'm not your mama
I'm your girl
I am the lady in your world
And loving each other's how we work, oh

Oh, please come to me with sweet words
Like when we met
Oh, screams, your damn screams
Change the language that we talkin'
I just get to walkin', baby, baby

You're not my daddy
You're my man
I think it's time you understand
So just make me happy if you can, oh

I'm not your mama
I'm your girl
I am the lady in your world
And loving each other's how we work, oh

You're my man
I think it's time you understand
So just make me happy if you can, oh

I'm your girl
I am the lady in your world
Loving each other's how we work, oh

You're my man
You're not my daddy, you're my man
You're not my daddy, you're my man
You're not my daddy, you're my man
You're not my daddy, you're my man

You're not my daddy, you're my man
You're not my daddy, you're my",2011,1.0,4:33
Nelly Furtado - Say It Right [Strong Women],Z:/New School 2010+/Nelly Furtado - Say It Right [Strong Women].mp3,,223112,Music,New School 2010+ (Smooth),10000,0,20000,0,278,"Hey
You don't mean nothin' at all to me
Hey, hey

In the day, in the night
Say it right, say it all
You either got it, or you don't
You either stand, or you fall
When your will is broken
When it slips from your hand
When there's no, time for joking
There's a hole in the plan

Oh, you don't mean nothing at all to me (Hey, hey)
No, you don't mean nothing at all to me (Hey, hey)
But you got what it takes to set me free (Hey, hey)
Oh, you could mean everything to me (Hey, hey)

I can't say (Say), that I'm not (Not), lost (Lost), and at fault (Fault)
I can't say (Say), that I don't (Don't), love the light (Love), and the dark
I can't say that I don't (Don't), know that I am alive
And all of what I feel (Feel) I could show (Show)
You tonight, you tonight

Oh, you don't mean nothing at all to me (Hey, hey)
No, you don't mean nothing at all to me (Hey, hey)
But you got what it takes to set me free (Hey, hey)
Oh, you could mean everything to me (Hey, hey)

From my hands, I could give you, something that I made
From my mouth, I could sing you, another brick that I laid
From my body (From my body), I could show you (I could show you)
A place (A place), God knows (That only God knows)
You should know the space is holy
Do you really wanna go?

Hey, hey, hey
You don't mean nothin' at all to me
Hey, hey
Hey, hey, hey
You don't mean nothin' at all to me
Hey, hey",2021,1.0,3:43
Jamie Foxx - Somebody [Somebody],Z:/New School 2010+/Jamie Foxx - Somebody [Somebody].mp3,,203076,Music,New School 2010+ (Smooth),10000,0,20000,0,255,"Body
Body
Get me somebody
Off my mind

We still got toothbrushes sharing the same old sink
The clothes on my chair makes it hard to think
Our coffee mugs lined up like they still in love
I wash one, dry one, still never wash you off

Can somebody find somebody
To get this somebody off my mind?
I've been talking to the ceiling
Like it's gonna give me answers tonight
If healin' is a number
Then mine's stuck on your line
Can somebody find somebody (find me, yeah)
To get this somebody off my mind? (Ooh)

Friends keep on calling, sayin' (ooh-ooh), ""Come out, you're good""
I'd ghost every party over you if I could
Your name in my phone feels heavy to scroll past
Every almost lover (turns) turns into your shadow fast

Maybe time's a doctor (oh), but it's moving slow
Every little habit (still) shouts your name (shouts your name low), shouts your name low
If I cannot love you, oh (by myself this time)
Then send me a stranger who knows how to cut ties

Can somebody find somebody
To get this somebody off my mind
I've been talkin' to the ceiling
Like it's gonna give me answers tonight
If healin' is a number
Then mine's stuck on your line
Can somebody find somebody
To get this somebody off my mind (ooh-ooh)
Can somebody find somebody
To get this somebody off my mind (get off my mind)

Every time I blink my eyes, I see your face
(Like it's gonna give me answers tonight)
Can I get a witness? Can I get a witness?
That's how you know you in love
Every time you blink your eyes, you see they face, oh (ooh-ooh)

That's how you know you in love
Every time you blink your eyes (can somebody find me some), you see they face
Can you find somebody (somebody)
To get this somebody off your mind? (To get this somebody)
I need that (ooh-ooh)",2026,1.0,3:23
Daniel Caesar - Get You (feat. Kali Uchis) [Freudian],Z:/New School 2010+/Daniel Caesar - Get You (feat. Kali Uchis) [Freudian].mp3,,278230,Music,New School 2010+ (Smooth),10000,0,20000,0,236,"Through drought and famine, natural disasters
My baby has been around for me
Kingdoms have fallen, angels be calling
None of that could ever make me leave

Every time I look into your eyes I see it
You're all I need
Every time I get a bit inside I feel it

Ooh, who would've thought I'd get you?
Ooh, who would've thought I'd get you?

And when we're making love
Your cries they can be heard from far and wide
It's only the two of us
Everything I need's between those thighs

Every time I look into your eyes I see it
You're all I need
Every time I get a bit inside I feel it

Ooh, who would've thought I'd get you?
Oh yeah, oh yeah babe
Ooh, who would've thought I'd get you?

And I'll take some time
Just to be thankful
That I had days full of you, you
Before it winds down into
The memories, it's all just memories
La-la-la-la-la

If you've got someone you like
(Don't you love when I come around)
Somebody just tell somebody
If you've got someone you like
Feel something that's right
Somebody just tell somebody (build you up then I take)

Ooh, who would've thought I'd get you?
(Oh yeah, oh yeah babe)
Ooh, who would've thought I'd get you

This feels like summer
Boy you make me feel so alive
Just be my lover
Boy you'll lead me to paradise",2017,1.0,4:38
Kelly Rowland - Motivation (feat. Lil Wayne) [Here I Am (Deluxe Version)],Z:/New School 2010+/Kelly Rowland - Motivation (feat. Lil Wayne) [Here I Am (Deluxe Version)].mp3,,230609,Music,New School 2010+ (Smooth),10000,0,20000,0,256,"Go, go, go, go
Turn the lights off

Oh lover, don't you dare slow down
Go longer, you can last more rounds
Push harder, you're almost there now
So go lover, make mama proud (turn the lights off)

(And when we're done) I don't wanna feel my legs
(And when we're done) I just wanna feel your hands all over me, baby

But you can't stop there (oh, lover)
The music still playing in the background (oh, lover)
And you're almost there (you can do it, I believe in you, baby)
So close from here
Baby, I'ma be your motivation (uh-huh, yeah)

Go, go, go, go
Motivation (ah)
Go, go, go, go

Uh, g-girl I turn that thing into a rainforest
Rain on my head, call that brainstormin'
Yeah, this is deep, oh, but I go deeper
M-make you lose yourself and finders keepers
It go green light, g-g-go, Weezy, go
I like to taste that sugar, that Sweet and Low

But hold up, wait, new position
I put her on my plate, then I do the dishes
She my motivation, I'm her transportation
'Cause I let her ride, while I drive her crazy
Th-then I just keep goin', goin', like I'm racin'
When I'm done, she hold me like a conversation, Weezy, baby

(And when we're done) I don't wanna feel my legs
(And when we're done) I just wanna feel your hands all over me, baby

But you can't stop there (oh, lover)
The music still (still) playin' (playin') in the background (oh, lover)
And you're almost there (you can do it, I believe in you, baby)
So close from here
Baby, I'ma be your motivation

Oh lover, when you call my name
No other can do that the same, no
I won't let ya get up out that game, no
So go lover, go 'n make me rain

(And when we're done) I don't wanna feel my legs
(And when we're done) I just wanna feel your hands all over me, baby

But you can't stop there (oh, lover)
The music still playin' in the background (oh, lover)
And you're almost there (you can do it, I believe in you, baby)
So close from here
Baby, I'ma be your motivation",2011,1.0,3:50
Stokley - Cafe (feat. Wale) [Sankofa],Z:/New School 2010+/Stokley - Cafe (feat. Wale) [Sankofa].mp3,,299677,Music,New School 2010+ (Smooth),10000,0,20000,0,274,"Vibrant diamonds on your skin
Wore nothing for us
Tonight is just for us
Bodies dripping like these candles
That I lit for us

We caught up in this
House could be on fire, we wouldn't care
Silhouettes dance in the darkness defined by moonlight
Tomorrow, we'll wake up still gone, still craving last night

You know coffee in the morning does me right
Gon' wake me up
Need a pick me up
Gotta fill it up
Love it when you give me
Coffee in the morning
Gon' wake me up
Need a pick me up
Gotta fill it up
Yeah, you know I love my

Black but far from bitter
I like it sweet
Sugar on me
Sip slow, no need rush
Pour it on me
Give it to me
Do it to me
Ooh I want it while it's hot
Silhouettes dance with the shadows defined by sunlight
Today, I woke up to breakfast in bed, and I want a bite

You know that coffee in the morning does me right
Gon' wake me up
Need a pick me up
Gotta fill it up
Love it when you give me
Coffee in the morning
Gon' wake me up
Need a pick me up
Gotta fill it up
Yeah, you know I love my

I need a pick me up, pick me up
Love, when wake me up with it, yeah
B4 I go. I gotta have it
You already know, and this is the way I see it

I need a pick me up, pick me up
Love, when wake me up with it, yeah
B4 I go. I gotta have it
You already know, and this is the way I see it

When I wake up with you, get my energy from you
I'm pressed over you like a vanity search
I'm checking what u do. I respect what u do
When I'm checking for u, then my sanity hurts
Who gonna
Show me what you do when I'm not around
If u gonna, yeah
Show 'em what you do when I'm not around
Trust is a myth, loyalty's different
Know it's a woman who doesn't know the difference
Love isn't perfect. Love is commitment
It may break your heart, but it's not mint condition
Cut with precision, ain't with the faking
Word to my my turkey is bacon
Shooting my shot I'ma call u then kiss ya
And she knows the tea that Folarin expresso, bless her
Can u wake me up (yeah)? Say it can be love (yeah)
No scandals, but (yeah) making plans for us
Can you wake me up? Can I pass this cup
Put it down in LA and wake u up in New York like

You know coffee in the morning does me right
Gon' wake me up
Need a pick me up
Gotta fill it up
Love it when you give me
Coffee in the morning
Gon' wake me up
Need a pick me up
Gotta fill it up
Yeah, you know I love my

Coffee in the morning does me right
Gon' wake me up
Need a pick me up
Gotta fill it up
Love it when you give me
Coffee in the morning
Gon' wake me up
Need a pick me up
Gotta fill it up
Yeah, you know I love my",2021,1.0,4:59
Anderson Paak - The Waters (feat. BJ the Chicago Kid),Z:/New School 2010+/Anderson Paak - The Waters (feat. BJ the Chicago Kid).mp3,,174315,Music,New School 2010+ (Smooth),10000,0,20000,0,241,"Yes lord, yeah

Tried to tell niggas, in 2012, nigga
Working hand to hand and no avail
Volume one was too heavy for you frail niggas
So I got leaned like codeine and pills
It's the visionary, in the vintage Chevy
It's been a while but wow you still care
Free Nash 'til they pass out obituaries
In bold caps, ""your bitch-ass was not there""
And I can do anything but move backwards
The hardest thing is to keep from being distracted
My big sister still claiming me on them taxes
Tell Uncle Sam I just need a second to add this
Gave my momma ten racks
And she packed and went to Chumash with it
Quadruple the worth and give me half of it
Half of it I took in the back of the air mattress
A quarter stash was stashed in a box with the Air Maxes
The rest got lost in Saks with my wifey, no BM
Whack niggas dropping links in my DM
Bad bitches up and down a nigga TL
I'm glad that you finally made it to the future but you're late
And the price is through the muthafuckin' roof
If you want you could wait outside the building
I ain't takin' no more meetings

Stepped in the waters
The water was cold
Chilled my body
But not in my soul

I bring you greetings from the first church of Boom Baptists
United Fellowship of Free Nationals
Residing pastor is thy .Paak
And the first lady is a bad bitch
With slanted eyelids and thick ass
Sunglasses, Martin Luther King fan for you bitch niggas
Sweating on my Patent Leathers
Pressure turned their feather weight into a Cinderella
I ain't seen the ground in days since I grew propellers
We'll do one better
Word to the liquor that killed my grandpa liver
I know you finally look proud, a nigga smiling
To every hundred niggas that came and gone missing
Only a handful will go the distance
I swear I seen this shit coming as if I was living up under the plumbing
While niggas was riffing and mumbling 'bout, what they could do
I was cooking gumbo whipping the voodoo
I was in the jungle running with Zulu's
We was looking past the struggle while life was moving so fast
You had to be sharp as a Ginsu
To the top of the food group
Doing what I want and how I should too

Stepped in the waters
The water was cold
Chilled my body
But it didn't touch my soul
Stepped in the waters
The water was cold
Chilled my body
But it didn't touch my soul

Ladies in gentlemen, the most fantastic day in history
Would you boys mind explaining the cause
Of what made this great park go underneath this hood
Take a look at this",2016,1.0,2:54
Stokley - Level [Introducing Stokley],Z:/New School 2010+/Stokley - Level [Introducing Stokley].mp3,,238785,Music,New School 2010+ (Smooth),10000,0,20000,0,263,"Do you want my level?
Yeah, my level
I'm a sucker for your body type
The fire temper matches your mind
Never been one to settle
Settle, wee-ooh, yeah
Just show me something profound now
Who wouldn't wanna hold you down?

I'll never let you go
I found someone
Someone on my level
Level (my level), ou ou
A volume in stereo
I found someone
Someone on my level
Level
My level (level)
Level, level, level
My
Level, level, level

You're never judgemental, judgemental
You build me up and never tear me down
Put you first and never in the background
Lovin' you is simple (simple)
So simple (so simple)
You my shady spot on sunny days
You're summer to my ocean waves

(Been waitin' all my life, waitin' all my life)
For you to come along, put harmony to my song
(Distracting in the hype, lacking in the hype)
Now everything's aligned, we eye to eye

I'll never let you go
I found someone
Someone on my level
Level (my level), yeah
A volume in stereo
I found someone
Someone on my level
Level
My level (level)

Level, level, level
My
Level, level, level
My
Level, level, level
My
Level, level, level
My

I know we don't know everything
About each other
But the rest along the way
I can't wait to discover

Oh yeah, found some..., found someone
On my level
On my level, yeah
A volume in stereo
I found someone
Someone on my level
Level, yeah yeah

I'll never let you go
I found someone
Someone on my level
Level (my level) my level yeah
A volume in stereo
I found someone
Someone on my level
Level
My level

I found you girl

Level, level, level
My
Level, level, level
My
Level, level, level

You on my, yeah
You on my, yeah
You on my, level
You on my, level
You on my
Level",2017,1.0,3:58
Kevin Ross - God Is A Genius [Audacity Complete],Z:/New School 2010+/Kevin Ross - God Is A Genius [Audacity Complete].mp3,,203363,Music,New School 2010+ (Smooth),10000,0,20000,0,255,"Hold up, wait a minute
Before we take this to the limit
Wanna make sure that you're in it
Can't be the only one that gets ya through
Only time will helps us see it
But you got to believe it
You know that love may change like seasons
But me and you we fit so good

Know that Rome wasn't built in a day
With your feelings you can't be afraid
You know that fear only gets in the way
It's not complicated, what I'm tryna say is

God must be a genius
Or me and you wouldn't be here
I know this was heaven sent
I don't believe in coincidence
I know, know, know God's a genius
So everything goes down for a reason
I know that you're heaven sent
I don't believe in coincidence
Oh no, no, no, no, no

First you're here then you disappear like it's magic (yeah)
Sitting here waiting like we in traffic (yeah)
Like a rollercoaster that's moving backwards (yeah)
Make me wanna go and roll up a backwood (yeah)

Tried to find another but I can't lie
Who would wanna be sober when we get this high?
This is one of those feelings that you can't just buy
Ain't gotta be a scholar just to know that

Rome wasn't built in a day
With your feelings you can't be afraid
You know that fear only gets in the way
It's not complicated, what I'm tryna say is

God must be a genius
Or me and you wouldn't be here
I know this was heaven sent
I don't believe in coincidence
I know, know, know God's a genius
So everything goes down for a reason
I know that you're heaven sent
I don't believe in coincidence
Oh no, no, no, no, no, no",2020,1.0,3:23
Kevin Ross - Luxury Lust [LOVE UPTEMPO_ MAX],Z:/New School 2010+/Kevin Ross - Luxury Lust [LOVE UPTEMPO_ MAX].mp3,,186384,Music,New School 2010+ (Smooth),10000,0,20000,0,249,Not Found,2025,1.0,3:06
Wale - On Chill (feat. Jeremih),Z:/New School 2010+/Wale - On Chill (feat. Jeremih).mp3,,120633,Music,Throwbacks 90s2000s (Smooth),10000,0,20000,0,268,"There ohhhh yea yea ohhhh
Sometimes we must go
We must look at our situations lady
And how could u make me chose
Between you and my first life
Theres so many others
Wishing that they can raise their families
All first at the same
And playing and traveling
But you keep me within chain
Holding, keeping me from leaving
I hope for the day
When you and I can agree
And we can live like we ardor be
Girl its all for u
And you call me
Fame x7
Ohh x 4",2008,1.0,2:00
LaDre - Pressure [One Night Only],Z:/New School 2010+/LaDre - Pressure [One Night Only].mp3,,163135,Music,New School 2010+ (Smooth),10000,0,20000,0,259,Not Found,2024,1.0,2:43
Boyz II Men - Please Don't Go,Z:/New School 2010+/Boyz II Men - Please Don't Go.mp3,,264000,Music,New School 2010+ (Smooth),10000,0,20000,0,275,Not Found,2018,1.0,4:24
LaDre - Like Summer [Like Summer],Z:/New School 2010+/LaDre - Like Summer [Like Summer].mp3,,155011,Music,New School 2010+ (Smooth),10000,0,20000,0,241,"Needed change of pace
Giving you brighter days
Keeping you company
I know that you wanting me
Yeah you could drive the range
Give you the finest thangs
Tell me what you need from me
We be like ou ou ou ou
Tell me would you ride for me
You feel like summer you do
Know you right for me
Yeah, that's right
Girl you feel like summer
When it's cold you dress right
How you do that thang girl
how you outshining the sunlight
Wait, huh
How you let that other nigga treat you like a side hoe
Come on this side and I'll  show you how you  should be treated you making me psycho
Got me out my mind
I know what you want so come and play on this side
I'm losing sense of time
Way you wrap your body around mine
We be like ou ou ou ou
Tell me would you ride for me
You feel like summer you do
Know you right for me
Diving in your seven seas you got me
Twist your body up like origami
Tell that nigga pull up he can try me
He ain't did you  good and now he sorry
Late at night I know you wanna call me
Love the way  that I make you tsunami
Got you in the deep falling for me
You the only one I'm wanting for me
Got me out my mind
I know what you want so come and play on this side
I'm losing sense of time
Way you wrap your body around mine
We be like ou ou ou ou
Tell me would you ride for me
You feel like summer you do
Know you right for me",2022,1.0,2:35
Tank - When We [SAVAGE],Z:/New School 2010+/Tank - When We [SAVAGE].mp3,,309185,Music,New School 2010+ (Smooth),10000,0,20000,0,243,"When we
When we
Mmm
When we
Go

I like it when you lose it
I like it when you go there
I like the way you use it
I like that you don't play fair
Recipe for a disaster
When I'm just tryna take my time
Stroke is getting deep and faster
Screaming like I'm outta line

Who came to make sweet love? Not me
Who came to kiss and hug? Not me
Who came to beat it up? Rocky
And don't use those hands to put up that gate and stop me

When we fuck
When we fuck
When we fuck
When we fuck
I could be aggressive (I could be aggressive)
I can be a savage (I can be a savage)
I just need your blessing (I just need your blessing)
Say that I can have it (say that I can), yeah
When we fuck
When we fuck

You love it when I lose it
You love it when I go there
You love the way I use it
You love that I don't play fair
You end up calling me master (master)
Say this universe is mine
When we're done it's a disaster
End up like this every time

Who came to make sweet love? Not me
Who came to kiss and hug? Not me
Who came to beat it up? Rocky
And don't use those hands to put up that gate and stop me

When we fuck
When we fuck
When we fuck
When we fuck
I could be aggressive (I could be aggressive)
I can be a savage (I can be a savage)
I just need your blessing (I just need your blessing)
Say that I can have it (say that I can), yeah
When we fuck
When we fuck

Face down, ass up (face down, ass up)
Back, back, back it up (back, back, back it up)
Lemme get both of them legs (lemme get both of them)
And put 'em both behind your head (oh)
Shit is getting deep, deep up in there
I feel your legs getting weak up in here
Yeah, face full of that gushy, I'm close, baby, don't push me
This is how it always should be when...

When we fuck
When we fuck
When we fuck
When we fuck
I could be aggressive (I could be aggressive)
I can be a savage (I can be a savage)
I just need your blessing (I just need your blessing)
Say that I can have it (say that I can), yeah
When we fuck
When we fuck",2017,1.0,5:09
Gladys Knight & the Pips - Midnight Train to Georgia [Imagination],Z:/New School 2010+/Gladys Knight & the Pips - Midnight Train to Georgia [Imagination].mp3,,281757,Music,New School 2010+ (Smooth),10000,0,20000,0,320,Not Found,2013,1.0,4:41
Tank - When We (Remix) (feat. Ty Dolla $ign & Trey Songz) [When We (Remix)],Z:/New School 2010+/Tank - When We (Remix) (feat. Ty Dolla $ign & Trey Songz) [When We (Remix)].mp3,,280738,Music,New School 2010+ (Smooth),10000,0,20000,0,235,"When we
When we
Mmm
When we
Go

I love the way you fuck me
I love the way you fuck me
But you don't understand its way more than fucking
When I fucking
I would cross the ocean for you
Stroking through the ocean for you
And then I rub the lotion on you
You got a lot of lotion on you
I want to see the moon shine on you
Can I see the moon shine on you?
A little more lotion on you
Tryna take my time on you
Baby tell me

Who came to make sweet love? Not me
Who came to kiss and hug? Not me
Who came to beat it up? Rocky
And don't use those hands to put up that gate and stop me

When we fuck
When we fuck
When we fuck (oh)
When we fuck (oh)
I could be aggressive (I could be)
I can be a savage (I can be)
I just need your blessin (I just need your)
Say that I can have it, yeah
When we fuck
When we fuck

Hit it on the stairs, then I smack it to the room
Head that coochie leaking, lick it all on my Gucci shoes
Kissing on your neck, tell me that I'm too deep
Need to tell your ex to leave you alone, he a creep
Ass up, face down
Ride me like a pony
These niggas so funny
Treat you like a trophy
You know I picked up when the phone ring
You know I go deep till I make you scream
You say my D-Game I'm amazing
Oh, D-Game go strong
Fuck it up all night long
Beat it up, get piped down
Oh, D-Game go strong
Fuck it up all night long
Beat it up, get piped down

I could be aggressive (I could be aggressive)
I can be a savage (I can be a savage)
I just need your blessin (I just need your blessin)
Say that I can have it (Say that I can have i)
When we fuck
When we fuck

Face down, ass up
Imma pull all of my face in
You cumin' while I keep tasting
Now I'm breaking in, you a big girl you take it?
I'ma layin, I think I love you I'm sayin' it
It's that kind of fucking that will make you make me No.1 on your list
It's that kind of fucking that I make you question who have been fucking whip
You got plenty miles and baggage
But I could still make you a savage
Sponsor you make you the baddest
Have you screamin' out ""you can have it""

When we fuck
When we fuck (we fuck)
When we fuck (fucking you darl')
When we fuck
I could be aggressive
I can be a savage
I just need your blessin' (I just need your blessin')
Say that I can have it, yeah
When we fuck (fuckin' around)
When we fuck

More fucking remix
T, T and T",2018,1.0,4:40
The S.O.S. Band - Topic - Weekend Girl,Z:/New School 2010+/The S.O.S. Band - Topic - Weekend Girl.mp3,,242678,Music,New School 2010+ (Smooth),10000,0,20000,0,271,"I'm really please to meet you, girl
And I'd like to get to know you better
Maybe tonight we can get together
For awhile, you and I

I just don't have time
But I'm not turning you down
I cant accept your invitation now
'Cause I work all day and sleep all night

I'm a weekend girl
And I don't have time on the weekday
Weekend girl
But maybe we can try to work it out

My offer stands, I think you're worth the wait
And there's only one way to find out
To spend some time is the only way
But it may require some sacrifice

I would like to see you tonight
What's holding me back
My J-O-B is rough on me
and that keeps me from hangin' out

Weekend girl (Oh... oh... oh...)
And I wish that I could see you
Weekend girl (Oh... oh... oh...)
But maybe we can try to work it out

I never let nothin' keep me from what I want
No rent, no job, gonna do what I want to do
It has never dawned on me that I was so tied down (So tied down)
This time I'll let myself go free
Take the chance and find some happiness

(So what are you gonna do)
(Can we get together tonight, on the weekend, or what)
I really don't know what to do
I've never been in this situation before

Weekend girl
Weekend girl

Go 'head, weekend girl
Have some fun on the weekday
Go 'head, weekend girl
Have some fun on the weekday

Yes, why not
What time shall I expect you
(Say, seven o'clock)
Uh-huh
(Maybe I can pick you up for dinner, you know)
(And, uh, check this movie out)
Oh, yeah, that sounds good
(Maybe we'll slide by the beach a little later on)
Uh-huh
(Probably might take some video out there all night)
(Ha-ha-ha)

Weekend girl
Weekend girl
Weekend girl",2015,1.0,4:02
Daniel Caesar - Who Knows [Son Of Spergy],Z:/New School 2010+/Daniel Caesar - Who Knows [Son Of Spergy].mp3,,226325,Music,New School 2010+ (Smooth),10000,0,20000,0,242,"I'll probably be a waste of your time, but who knows?
Chances are I'll step out of line, but who knows?
Lately, you've set up in my mind
Yeah, girl, you, and I like that

Lately, I've been thinking that perhaps I am a coward
Hiding in a disguise of an ever-giving flower
Incompetent steward of all of that sweet, sweet power

Yesterday was feeling so good, now it's gone
I'd feel like that always if I could, is that wrong?
Tell me 'bout the city you're from
Is it hot? Does it snow there?

Lately, I've been thinking 'bout my precarious future
Will you be there with me by my side, my girl, my shooter?
Who's to say who calculates? Not me, I'm no computer

Is it a crime to be unsure?
In time, we'll find if it's sustainable
You're pure, you're kind, mature, divine
You might be too good for me, unattainable

Maybe we get married one day, but who knows?
Think I'll take that thought to the grave, but who knows?
I know that I'll love you always
Yeah, girl, you, and I like that
",2025,1.0,3:46
Stokley - Cascade (Lovers Quarrel Mix) [Cascade (Lovers Quarrel Mix)],Z:/New School 2010+/Stokley - Cascade (Lovers Quarrel Mix) [Cascade (Lovers Quarrel Mix)].mp3,,227109,Music,New School 2010+ (Smooth),10000,0,20000,0,258,"Passion like magnetic force
The sweetest love I've ever had
Felt just like when eagles soar
Then sweet turns to a sour patch

I was lightning you were thunder
Not over you, wanna be under
'Cause you drive me roller coaster
Rotation, can't take it
Dancing around, playing games
Simon says, no Macarena
I wanna get us back to love again

It's not just easy come easy go, yeah
It's a waterfall of pure emotion, baby
Hypnotic patterns like kaleidoscopes, yeah
Don't let our love wash away
Let our love cascade

Solar flares ignite our tongue
We said shit that we never meant, no, no
A trigger pulls a smoking gun
Can we reverse the damage dealt?

I was lightning you were thunder
Not over you wanna be under
'Cause you got me roller coaster
Rotation, can't take it
Dancing round, playing games
Simon says, no Macarena
I wanna get us back to love again

It's not just easy come easy go, yeah
It's a waterfall of pure emotion baby
Hypnotic patterns like kaleidoscopes, yeah
Don't let our love wash away
Let our love cascade

We're dancin' around these emotions
A waltz into a tango
Let's switch from a lemon
To sweetness of a mango
This love will always bring you back
Without you there it nothing left for me, ooh

Come on baby, come on baby, come on baby, yeah
Come on baby, come on, yeah yeah

It's not just easy come easy go, yeah (easy go oh oh oh)
It's a waterfall of pure emotion baby (pure emotion baby)
Hypnotic patterns like kaleidoscopes, yeah (yeah yeah yeah)
Don't let our love wash away
Let our love cascade

It's not just easy come easy go, yeah (not easy come and not easy go)
(This waterfall's pure emotional)
Hypnotic patterns like kaleidoscopes, yeah (hypnotic passions like kaleidoscopes)
Don't let our love wash away
Let our love cascade

Come on baby, come on baby, come on baby, yeah
Come on baby, come on baby, come on baby
Come on baby, come on baby, come on baby, yeah
Come on baby, come on baby, come on baby
Come on baby, come on baby, come on baby, yeah
Come on baby, come on baby, come on baby
Come on baby, come on baby, come on baby, yeah
Come on baby, come on baby, come on baby",2021,1.0,3:47
Chris Brown - Liquor [Royalty (Deluxe Version)],Z:/New School 2010+/Chris Brown - Liquor [Royalty (Deluxe Version)].mp3,,224967,Music,New School 2010+ (Smooth),10000,0,20000,0,249,"There's something in this liquor
The air is gettin' thicker
I can't help but to stare at you
Oh yeah, girl what did you do? Tell me
What did you slip up in my cup, girl?
'Cause I want you, oh yeah
I had a little bit too much girl
So come over here

There's something in this liquor, oh yeah
The air is getting thicker, (Oh)
All I want is you (You)
All I want is you

There's something in this liquor girl
I'm looking at your figure woah
I just wanna see you strip right now
Baby let me help you work it out, oh
Girl you look so good
I just want to get right to it, oh
I could beat it up like-like a real nigga should
Baby when we do it, woah

There's something in this liquor (Oh yeah)
The air is getting thicker (Oh)
All I want is you (You)
All I want is you (You)

All I wanna do is drink and fuck
Drink, drink and fuck (All I wanna do is)
Drink and fuck, and fuck, and fuck (All I want is you)
Drink and fuck
Drink, drink and fuck (All I wanna do is)
Drink and fuck, and fuck, and fuck

There's something in this liquor
There's something in this liquor girl
The air is getting thicker (The air is getting thicker)
I can't help but to stare at you (Ooh woah)
Oh yeah, girl what did you do? (Oh woah)
What did you slip up in my cup girl?
'Cause I really want you
I had a little bit too much girl
So come over here, woah

All I wanna do is drink and fuck
Drink, drink and fuck
Drink and fuck, and fuck, and fuck
Drink and fuck
Drink, drink and fuck (All I wanna is you)
Drink and fuck, and fuck, and fuck

All I wanna do is drink and fuck
Drink, drink and fuck, fuck, fuck
Drink and fuck and fuck and fuck

Drink and fuck
Drink, drink and fuck
Drink and fuck and fuck and fuck",2015,1.0,3:44
Jagged Edge - Let's Get Married (ReMarqable Remix) (feat. Run) [R&B Summer],Z:/New School 2010+/Jagged Edge - Let's Get Married (ReMarqable Remix) (feat. Run) [R&B Summer].mp3,,249078,Music,New School 2010+ (Smooth),10000,0,20000,0,262,"See, first of all, I know these so called playas wouldn't tell you this
But I'mma be real and say what's on my heart
Let's take this chance and make this love feel relevant
Didn't you know I loved you from the start, yeah

When I think about, all the years we've put in this relationship
Who knew we'd make it this far, then I think about
Where would I be if we were to just fall apart
And I can't stand the thought of losing you

Meet me at the altar in your white dress
We ain't getting no younger, we might as well do it
Been feeling you all the while girl I must confess
Girl, let's just get married, I just wanna get married

Meet me at the altar in your white dress
We ain't getting no younger, we might as well do it
Been feeling you all the while girl I must confess
Let's get married, baby, let's get married

Said I done it all, but frankly girl I'm tired of this emptiness
I wanna come home to you and only you
'Cause making love to just anyone ain't happening
I just gotta be with you

Do you think about, us finishing somethin' we started so long ago
I wanna give you my all
Do you think about, maybe us having some babies
Come on won't you be my lady, forever, yeah

What's going on across the seas
It ain't nothin', I ain't frontin'
Shorty comin' with me
Now I done already gave you the keys to the Range
And your last name 'bout to change
Now you Mrs. Simmons, got a better livin'
What a difference the reverend made

I used to be the snake type, hangin' out late night
Girl, you done made me change my life
Ever since you met me, keys to the Bently
Now they call you the preacher's wife
I'm the type of guy that take you out and buy that ring
With the rock that'll break your arm
Playa won't try dat, now you can't deny that
Triple dub rev to the run dot com

Meet me at the altar in your white dress
We ain't gettin' no younger we might as well do it
Been feeling you all the while girl I must confess
Girl, let's just get married, I just wanna get married

Meet me at the altar in your white dress
We ain't gettin' no younger we might as well do it
Been feeling you all the while girl I must confess
Let's get married

Meet me at the altar in your white dress
We ain't gettin' no younger we might as well do it
Been feeling you all the while girl I must confess
Girl, let's just get married, I just wanna get married

Meet me at the altar in your white dress
We ain't gettin' no younger we might as well do it
Been feeling you all the while girl I must confess
Let's get married

Meet me at the altar in your white dress
We ain't gettin' no younger we might as well do it
Been feeling you all the while girl I must confess
Girl, let's just get married, I just wanna get married",2024,1.0,4:09
Erykah Badu - Hello [But You Caint Use My Phone (Mixtape)],Z:/New School 2010+/Erykah Badu - Hello [But You Caint Use My Phone (Mixtape)].mp3,,320026,Music,New School 2010+ (Smooth),10000,0,20000,0,254,"Hello, hello, hey, hello, hello
Hello, hello, hey, hello, hello
Hello, hello, hey, hello, hello
Hello, hello, hey, hello, hello
Hello, hello, hey, hello, hello
Hello, hello, hey, hello, hello
Hello, hello, hey, hello, hello

Okay, challenge
Leave your phone unlocked and right side up
Walk out the room without throwin' your bitch off balance
It's either on or off, ain't no in between when it's valid
I seem to wanna talk more and more 'bout what really matters
I've seen my aura hop out my torso and hit her backwards
Flip, watchin' you skip down my corridor, fuck a ballad
Don't need shit on the side no more, all entreé, fuck a salad
I often have awesome thoughts of tossin' this softer palate

So, when we fall any wall, any stall, any crawl, any pause
Any scar, any tar, any dark will dissolve, kill them all
Build-A-Bear, build them all, build it where it won't fall
Give it all, give it my all, yeah
Don't wear any drawers, any bra, anymore, in it raw, isn't it raw?
I'm in awe, I'm involved, common law, cummin' on stomach wall
Kermit frog jump off London fog
Bridges in the midst of callgirls my woman calls
Unicorn, you my porn

I don't know
I don't know
I don't know, I don't know, I don't know
I don't know
Will this bitch click over for me?
I mean, will this woman click over for me?
Over for me? Over for me?
Is it over for me? Over for me? Over for me?

I don't know
I don't know
I don't know, I don't know, I don't know
I don't know
Is this bitch gettin' over on me?
If I go there will she go there with me?
Should I, I not be so open, I mean?
Open, I mean? You know what I mean?
Know what I mean?

I don't know
I don't know, I don't know, I don't know, I don't know
I don't know, I don't know, I don't know, I don't know (I don't know)
Will this bitch click over for me?
I mean will this woman click over for me?
Over for me? Over for me?
Is it over for me? Over for me? Over for me?

I don't know
I don't know, I don't know
I don't know, I don't know, I don't know
I don't know
Is this bitch gettin' over on me?
If I go there will she go there with me?
Should I, I not be so open, I mean?
Open, I mean? You know what I mean?
Know what I mean?

Hello, hello, hey, hello, hello
Hello, hello, hey, hello, hello
Hello, hello, hey, hello, hello
Hello, hello, hey, hello, hello
Hello, hello, hey, hello, hello
Hello, hello, hey, hello, hello
Hello, hello, hey, hello, hello
Hello, hello, hey, hello, hello

Hello, it's me, it's me, baby
I thought about us for a long, long time
Maybe I think too much, but something's wrong
Something that said it doesn't last too long, too long
Maybe I shouldn't think of you as mine, mine, mine, mine, mine
But I can't help it, baby, yeah

See you, see you
I see it that you want, as much as I do you
I take for granted, that you're always there
I take for granted, that you just don't care
And sometimes
It's just too hard to see it through, babe
And that's why

It's important to me
That you know you are free
'Cause I never want to make you change
For me, babe
Don't change, don't change, squirrel
For me, babe
Don't change, don't change, squirrel
For me, babe

Don't change, don't change, squirrel
For me, babe
Don't change, don't change, squirrel
For me, babe
Don't change, don't change, squirrel
For me, babe
Don't change, don't change, squirrel
For me, babe
Don't change, don't change, squirrel
For me, babe
Don't change, don't change, squirrel

For me, babe
Don't change, don't change, squirrel
For me, babe
Don't change, don't change, squirrel
For me, babe
Don't change, don't change, squirrel
For me, babe
Don't change, don't change, squirrel
For me, babe
Don't change, don't change, squirrel
For me, babe
Don't change, don't change, squirrel
For me, babe",2015,1.0,5:20
Stokley - She... [She...],Z:/New School 2010+/Stokley - She... [She...].mp3,,263210,Music,New School 2010+ (Smooth),10000,0,20000,0,250,"SHE...
Verse 1:
She give's me life, when I look in her eyes each and every time that she smiles
And a look can be measured, every day it gets better, kinda like the finest of wine
If you could hear her talk, you want to listen more, just in the way she walks, you know the queen is her...
Sweetest disposition its uniqueness she gives sexy more meaning, without even trying she's breathing
And all I am, is because of her
Chorus:
SHE...
Is a queen of mine
SHE...
Perfectly designed
SHE...
Without even trying
SHE...
Her lips her eyes they drive me crazy...
SHE...
She be building me up
SHE...
Then be loving me down
SHE...
She such a naughty girl
But she's such an F*#n lady
Tag:
She's the deep end...
she's my good friend, my lover,
she's my ocean
This girl she adds to my fruition...
SHE...
She be building me up
SHE...
Then be loving me down
SHE...
She such a naughty girl
But she is such an F*#n lady
Verse 2:
She likes to swim in the deep end,
Never mind an apprehension,
She likes the loving long,
so I weave in it like an extension...
She wants to shower me,
(Said) all she need is access...
(So) I gave her every key,
(Yeah) even backstage passes...
I cannot lie, why would I try, to ever deny, forever she's mine, for every she's mine, and I mean that...
She found a way through my
defense,
With her are all of my secrets...
I'm living better now, because she give's my life a little more reason...
And all I am... it's because of her
Chorus:
SHE...
Is a queen of mine
SHE...
Perfectly designed
SHE...
Without even trying
SHE...
Her lips her eyes they drive me crazy...
SHE...
She be building me up
SHE...
Then be loving me down
SHE...
She such a naughty girl
But she's such an F*#n lady
Tag:
She's the deep end...
she's my good friend, my lover,
she's my ocean
This girl she adds to my fruition...
SHE...
She be building me up
SHE...
Then be loving me down
SHE...
She such a naughty girl
But she is such an F*#n lady",2019,1.0,4:23
Sade - Cherish the Day (Live 2011) [Bring Me Home - Live 2011],Z:/Live/Sade - Cherish the Day (Live 2011) [Bring Me Home - Live 2011].mp3,,454322,Music,New School 2010+ (Smooth),10000,0,20000,0,254,"You're ruling the way that I move
And I breathe your air
You only can rescue me
This is my prayer

If you were mine
If you were mine
I wouldn't want to go to heaven

I cherish the day
I won't go astray
I won't be afraid
You won't catch me running
You're ruling the way that I move
You take my air

You show me how deep love can be

You're ruling the way that I move
And I breathe your air
You only can rescue me
This is my prayer

I cherish the day
I won't go astray
I won't be afraid
You won't catch me running
I cherish the day
I won't go astray
I won't be afraid
Won't run away

You show me how deep love can be
You show me how deep love can be
This is my prayer

I cherish the day
I won't go astray
I won't be afraid
Won't run away
Won't shy

I cherish the day
I won't go astray

I cherish the day
I cherish the day
I cherish the day
I cherish the day
I cherish the day",2012,1.0,7:34
Outkast - She Lives in My Lap (feat. Rosario Dawson) [Speakerboxxx_The Love Below],Z:/Live/Outkast - She Lives in My Lap (feat. Rosario Dawson) [Speakerboxxx_The Love Below].mp3,,267311,Music,Throwbacks 90s2000s (Smooth),10000,0,20000,0,263,"What's wrong?
What are you afraid of?
The love below

She stays alone, never sheds a single tear
She stays in the coolest moods, clearly woman of the year
She and all her girlfriends, they go out dressed to win
She comes back to the cooler side of town
But she lives in my lap

She lives in my lap
She lives in my lap
She lives in my lap
She lives in my lap
She lives in my lap
Forever my fiance
She lives in my lap
Don't need no chain
She lives in my lap
I'll get the courage one day

Make me want you make me miss you
Make me wonder where you are
Then forget you
Girl remind me, just who we are
We're oh, so close but yet so far

Baby why are you acting like this?
I don't care about any of them
I care about you
Baby I love you

You've got me open wide
I love you, just come inside
Baby
It's yours
It's yours
I'm yours
I'm yours
For sure
For sure
Play baby play

She lives in my lap
She lives in my lap
She lives in my lap
She lives in my lap
She lives in my lap
Forever my fiance
She lives in my lap
Don't need no chain
She lives in my lap
I'll get the courage one day

The love below
But she lives in my lap
You've got me open wide
She lives in my lap
My, I'm yours
Play baby play
She lives in my lap
Don't need no chain
Baby I love you
Forever my fiance
She lives in my lap
Play baby play",2003,1.0,4:27
CarlThomasLive - Summer Rain,Z:/Live/CarlThomasLive - Summer Rain.mp3,,174315,Music,New School 2010+ (Smooth),10000,0,20000,0,241,"Yes lord, yeah

Tried to tell niggas, in 2012, nigga
Working hand to hand and no avail
Volume one was too heavy for you frail niggas
So I got leaned like codeine and pills
It's the visionary, in the vintage Chevy
It's been a while but wow you still care
Free Nash 'til they pass out obituaries
In bold caps, ""your bitch-ass was not there""
And I can do anything but move backwards
The hardest thing is to keep from being distracted
My big sister still claiming me on them taxes
Tell Uncle Sam I just need a second to add this
Gave my momma ten racks
And she packed and went to Chumash with it
Quadruple the worth and give me half of it
Half of it I took in the back of the air mattress
A quarter stash was stashed in a box with the Air Maxes
The rest got lost in Saks with my wifey, no BM
Whack niggas dropping links in my DM
Bad bitches up and down a nigga TL
I'm glad that you finally made it to the future but you're late
And the price is through the muthafuckin' roof
If you want you could wait outside the building
I ain't takin' no more meetings

Stepped in the waters
The water was cold
Chilled my body
But not in my soul

I bring you greetings from the first church of Boom Baptists
United Fellowship of Free Nationals
Residing pastor is thy .Paak
And the first lady is a bad bitch
With slanted eyelids and thick ass
Sunglasses, Martin Luther King fan for you bitch niggas
Sweating on my Patent Leathers
Pressure turned their feather weight into a Cinderella
I ain't seen the ground in days since I grew propellers
We'll do one better
Word to the liquor that killed my grandpa liver
I know you finally look proud, a nigga smiling
To every hundred niggas that came and gone missing
Only a handful will go the distance
I swear I seen this shit coming as if I was living up under the plumbing
While niggas was riffing and mumbling 'bout, what they could do
I was cooking gumbo whipping the voodoo
I was in the jungle running with Zulu's
We was looking past the struggle while life was moving so fast
You had to be sharp as a Ginsu
To the top of the food group
Doing what I want and how I should too

Stepped in the waters
The water was cold
Chilled my body
But it didn't touch my soul
Stepped in the waters
The water was cold
Chilled my body
But it didn't touch my soul

Ladies in gentlemen, the most fantastic day in history
Would you boys mind explaining the cause
Of what made this great park go underneath this hood
Take a look at this",2016,1.0,2:54
